task,conditional_fit_id,contrast,metric,kind,virtual_indices,mean,conditional_item_pointwise_low,conditional_item_pointwise_high,conditional_item_simultaneous_low,conditional_item_simultaneous_high,conditional_component_pointwise_low,conditional_component_pointwise_high,conditional_component_simultaneous_low,conditional_component_simultaneous_high
multihop,1,target_main_minus_penultimate,target_main_minus_penultimate:loop1_early_mean,fixed_mean,0 1 2 3 4 5 6 7 8 9 10 11 12 13 14 15,5.032206119162641e-05,1.0064412238325282e-05,0.00010064412238325282,-0.16887878804438905,0.1689794321667723,1.053252443545669e-05,9.535852329402084e-05,-0.22181300053742503,0.22191364465980828
multihop,1,target_main_minus_penultimate,target_main_minus_penultimate:loop1_middle_mean,fixed_mean,16 17 18 19 20 21 22 23 24 25 26 27 28 29 30 31,-1.0064412238325282e-05,-3.0193236714975845e-05,0.0,-0.168939174517819,0.16891904569334235,-3.234989648033126e-05,0.0,-0.221873387010855,0.22185325818637833
multihop,1,target_main_minus_penultimate,target_main_minus_penultimate:loop1_final_third_mean,fixed_mean,32 33 34 35 36 37 38 39 40 41 42 43 44 45 46 47,-0.0010367824666098321,-0.001519729948138676,-0.0005939483281235201,-0.1699658925721905,0.16789232763897086,-0.0015750208083068534,-0.0005765672866506067,-0.22290010506522648,0.22082654013200684
multihop,1,target_main_minus_penultimate,target_main_minus_penultimate:loop1_historical_local_mean,fixed_mean,25 26 27 28 29 30 31 32 33 34 35 36,-6.709608158883521e-05,-0.00013419216317767042,-1.3419216317767042e-05,-0.1689962061871695,0.16886201402399184,-0.00013255567338282077,-1.4043365913942253e-05,-0.2219304186802055,0.22179622651702782
multihop,1,target_main_minus_penultimate,target_main_minus_penultimate:loop1_full_loop_mean,fixed_mean,0 1 2 3 4 5 6 7 8 9 10 11 12 13 14 15 16 17 18 19 20 21 22 23 24 25 26 27 28 29 30 31 32 33 34 35 36 37 38 39 40 41 42 43 44 45 46 47,-0.00033217493921884367,-0.0004933042057402672,-0.00018456355972340624,-0.1692612850447995,0.16859693516636184,-0.0005128726639733441,-0.00018051537919168114,-0.2221954975378355,0.22153114765939783
multihop,1,target_main_minus_penultimate,target_main_minus_penultimate:loop2_early_mean,fixed_mean,48 49 50 51 52 53 54 55 56 57 58 59 60 61 62 63,-0.00021120465094250285,-0.0019122383252818034,0.0017817006784597903,-0.1691403147565232,0.16871790545463816,-0.0019501373919132872,0.001757032124662332,-0.22207452724955917,0.22165211794767414
multihop,1,target_main_minus_penultimate,target_main_minus_penultimate:loop2_middle_mean,fixed_mean,64 65 66 67 68 69 70 71 72 73 74 75 76 77 78 79,-0.004106719793332285,-0.009439985154329235,0.0017697393034472417,-0.17303582989891297,0.16482239031224838,-0.008986171502749687,0.0017336754585058668,-0.22597004239194896,0.21775660280528436
multihop,1,target_main_minus_penultimate,target_main_minus_penultimate:loop2_final_third_mean,fixed_mean,80 81 82 83 84 85 86 87 88 89 90 91 92 93 94 95,-0.010610998626503741,-0.01961911749905276,-0.004054888788244776,-0.17954010873208442,0.15831811147907693,-0.020167997759278793,-0.004141734790284597,-0.2324743212251204,0.2112523239721129
multihop,1,target_main_minus_penultimate,target_main_minus_penultimate:loop2_historical_local_mean,fixed_mean,73 74 75 76 77 78 79 80 81 82 83 84,-0.005006946417858608,-0.012590387302263903,0.0030733606848536463,-0.1739360565234393,0.16392216368772206,-0.011860168435623063,0.003028112011484099,-0.22687026901647528,0.21685637618075804
multihop,1,target_main_minus_penultimate,target_main_minus_penultimate:loop2_full_loop_mean,fixed_mean,48 49 50 51 52 53 54 55 56 57 58 59 60 61 62 63 64 65 66 67 68 69 70 71 72 73 74 75 76 77 78 79 80 81 82 83 84 85 86 87 88 89 90 91 92 93 94 95,-0.004976307690259512,-0.008441756168362508,-0.0018637524965161908,-0.17390541779584018,0.16395280241532117,-0.008548906938228188,-0.0018785887924241923,-0.22683963028887616,0.21688701490835716
multihop,1,target_main_minus_penultimate,target_main_minus_penultimate:loop3_early_mean,fixed_mean,96 97 98 99 100 101 102 103 104 105 106 107 108 109 110 111,-0.004504416500899876,-0.025978549481386757,0.022484977384673678,-0.17343352660648056,0.1644246936046808,-0.02334521486569932,0.0235189708076325,-0.22636773909951655,0.21735890609771677
multihop,1,target_main_minus_penultimate,target_main_minus_penultimate:loop3_middle_mean,fixed_mean,112 113 114 115 116 117 118 119 120 121 122 123 124 125 126 127,-0.0015518082187810592,-0.009352190222427928,0.006269013422073349,-0.17048091832436174,0.1673773018867996,-0.009165283204606852,0.006191477115441828,-0.22341513081739772,0.2203115143798356
multihop,1,target_main_minus_penultimate,target_main_minus_penultimate:loop3_final_third_mean,fixed_mean,128 129 130 131 132 133 134 135 136 137 138 139 140 141 142 143,0.007703114683756551,0.0011601872705243326,0.015499377424648565,-0.16122599542182411,0.17663222478933724,0.0011612881187677317,0.01578483299824699,-0.2141602079148601,0.22956643728237322
multihop,1,target_main_minus_penultimate,target_main_minus_penultimate:loop3_historical_local_mean,fixed_mean,121 122 123 124 125 126 127 128 129 130 131 132,0.002419423437892473,-0.0017261035449822977,0.007764437792566003,-0.1665096866676882,0.17134853354347315,-0.0014512044054131414,0.007247048105007982,-0.21944389916072418,0.22428274603650913
multihop,1,target_main_minus_penultimate,target_main_minus_penultimate:loop3_full_loop_mean,fixed_mean,96 97 98 99 100 101 102 103 104 105 106 107 108 109 110 111 112 113 114 115 116 117 118 119 120 121 122 123 124 125 126 127 128 129 130 131 132 133 134 135 136 137 138 139 140 141 142 143,0.0005489633213585376,-0.008388701167866504,0.011481216488040279,-0.16838014678422214,0.1694780734269392,-0.007758025347499508,0.012247598912809474,-0.22131435927725812,0.2224122859199752
multihop,1,target_main_minus_penultimate,target_main_minus_penultimate:loop4_early_mean,fixed_mean,144 145 146 147 148 149 150 151 152 153 154 155 156 157 158 159,0.03494097518234347,0.007756372401013547,0.06632194204674624,-0.1339881349232372,0.20387008528792416,0.006799576161825353,0.06556742897012027,-0.18692234741627317,0.25680429778096014
multihop,1,target_main_minus_penultimate,target_main_minus_penultimate:loop4_middle_mean,fixed_mean,160 161 162 163 164 165 166 167 168 169 170 171 172 173 174 175,0.0937480184860014,0.051620633909523164,0.13715499786871269,-0.07518109161957928,0.2626771285915821,0.0514572029947579,0.13682092310372562,-0.12811530411261526,0.3156113410846181
multihop,1,target_main_minus_penultimate,target_main_minus_penultimate:loop4_final_third_mean,fixed_mean,176 177 178 179 180 181 182 183 184 185 186 187 188 189,0.16557231552221433,0.1105561487790011,0.22249054452698955,-0.0033567945833663515,0.334501425627795,0.10944607328595184,0.22821393377383506,-0.05629100707640233,0.387435638120831
multihop,1,target_main_minus_penultimate,target_main_minus_penultimate:loop4_historical_local_mean,fixed_mean,169 170 171 172 173 174 175 176 177 178 179 180,0.1445244531345358,0.09070867924043702,0.1999956776339012,-0.02440465697104488,0.3134535632401165,0.09203850268392931,0.20150613873214016,-0.07733886946408086,0.36638777573315245
multihop,1,target_main_minus_penultimate,target_main_minus_penultimate:loop4_full_loop_mean,fixed_mean,144 145 146 147 148 149 150 151 152 153 154 155 156 157 158 159 160 161 162 163 164 165 166 167 168 169 170 171 172 173 174 175 176 177 178 179 180 181 182 183 184 185 186 187 188 189,0.09515296339140263,0.062169261331075205,0.13103287616306453,-0.07377614671417805,0.2640820734969833,0.06216399220781207,0.13241870812624787,-0.12671035920721402,0.3170162859900193
multihop,1,target_main_minus_penultimate,target_main_minus_penultimate:all_common_any_layer,any_layer,0 1 2 3 4 5 6 7 8 9 10 11 12 13 14 15 16 17 18 19 20 21 22 23 24 25 26 27 28 29 30 31 32 33 34 35 36 37 38 39 40 41 42 43 44 45 46 47 48 49 50 51 52 53 54 55 56 57 58 59 60 61 62 63 64 65 66 67 68 69 70 71 72 73 74 75 76 77 78 79 80 81 82 83 84 85 86 87 88 89 90 91 92 93 94 95 96 97 98 99 100 101 102 103 104 105 106 107 108 109 110 111 112 113 114 115 116 117 118 119 120 121 122 123 124 125 126 127 128 129 130 131 132 133 134 135 136 137 138 139 140 141 142 143 144 145 146 147 148 149 150 151 152 153 154 155 156 157 158 159 160 161 162 163 164 165 166 167 168 169 170 171 172 173 174 175 176 177 178 179 180 181 182 183 184 185 186 187 188 189,0.016591028941679777,-0.017199123556697907,0.06119879343690756,-0.1523380811639009,0.18552013904726045,-0.017557189542483663,0.06322274967773191,-0.2052722936569369,0.23845435154029643
multihop,1,target_main_minus_penultimate,target_main_minus_penultimate:loop4_late_any_layer,any_layer,176 177 178 179 180 181 182 183 184 185 186 187 188 189,0.016569574689779282,-0.015797634271099745,0.058428294022923176,-0.15235953541580138,0.18549868479535997,-0.015426300118709688,0.0601735654778382,-0.20529374790883737,0.23843289728839595
multihop,1,target_main_minus_raw,target_main_minus_raw:loop1_early_mean,fixed_mean,0 1 2 3 4 5 6 7 8 9 10 11 12 13 14 15,-0.0033992508154029513,-0.009799202549963314,0.0016021849538539184,-0.17232836092098364,0.16552985929017772,-0.009784031533677323,0.0016176936269430584,-0.22526257341401962,0.2184640717832137
multihop,1,target_main_minus_raw,target_main_minus_raw:loop1_middle_mean,fixed_mean,16 17 18 19 20 21 22 23 24 25 26 27 28 29 30 31,-0.07071034029553853,-0.11203891301387707,-0.03486166613384487,-0.23963945040111923,0.09821876981004214,-0.11859124751987073,-0.029427518107265117,-0.2925736628941552,0.1511529823030781
multihop,1,target_main_minus_raw,target_main_minus_raw:loop1_final_third_mean,fixed_mean,32 33 34 35 36 37 38 39 40 41 42 43 44 45 46 47,-0.08590555940813127,-0.12220306477036885,-0.05251047794559455,-0.2548346695137119,0.0830235506974494,-0.12132067298918787,-0.05322733473642721,-0.3077688820067479,0.1359577631904854
multihop,1,target_main_minus_raw,target_main_minus_raw:loop1_historical_local_mean,fixed_mean,25 26 27 28 29 30 31 32 33 34 35 36,-0.015882222754749507,-0.031741223652859134,-0.002518041938997821,-0.1848113328603302,0.15304688735083116,-0.03318245184257772,-0.0007528056484074779,-0.23774554535336617,0.20598109984386714
multihop,1,target_main_minus_raw,target_main_minus_raw:loop1_full_loop_mean,fixed_mean,0 1 2 3 4 5 6 7 8 9 10 11 12 13 14 15 16 17 18 19 20 21 22 23 24 25 26 27 28 29 30 31 32 33 34 35 36 37 38 39 40 41 42 43 44 45 46 47,-0.05333838350635757,-0.07559898193330496,-0.03325643131626255,-0.22226749361193826,0.1155907265992231,-0.07830876040258367,-0.03152550159332491,-0.27520170610497424,0.16852493909225907
multihop,1,target_main_minus_raw,target_main_minus_raw:loop2_early_mean,fixed_mean,48 49 50 51 52 53 54 55 56 57 58 59 60 61 62 63,-0.033151394119909125,-0.04997237466846643,-0.01744255702474767,-0.2020805042254898,0.13577771598567157,-0.04957581485167023,-0.0184657808685877,-0.25501471671852577,0.18871192847870755
multihop,1,target_main_minus_raw,target_main_minus_raw:loop2_middle_mean,fixed_mean,64 65 66 67 68 69 70 71 72 73 74 75 76 77 78 79,-0.11381440207671506,-0.1622305244787006,-0.0692697074931891,-0.28274351218229576,0.05511470802886562,-0.16918206624553703,-0.06470902436584856,-0.33567772467533175,0.1080489205219016
multihop,1,target_main_minus_raw,target_main_minus_raw:loop2_final_third_mean,fixed_mean,80 81 82 83 84 85 86 87 88 89 90 91 92 93 94 95,-0.16444982523797613,-0.20896788066319785,-0.12157648458474891,-0.3333789353435568,0.004479284867604544,-0.21917888129782404,-0.11597812562351133,-0.38631314783659276,0.057413497360640525
multihop,1,target_main_minus_raw,target_main_minus_raw:loop2_historical_local_mean,fixed_mean,73 74 75 76 77 78 79 80 81 82 83 84,-0.055116459122404475,-0.08507955134399521,-0.029618720699217758,-0.22404556922798516,0.1138126509831762,-0.08566439775483589,-0.02870655933256223,-0.2769797817210211,0.16674686347621218
multihop,1,target_main_minus_raw,target_main_minus_raw:loop2_full_loop_mean,fixed_mean,48 49 50 51 52 53 54 55 56 57 58 59 60 61 62 63 64 65 66 67 68 69 70 71 72 73 74 75 76 77 78 79 80 81 82 83 84 85 86 87 88 89 90 91 92 93 94 95,-0.10380520714486678,-0.1351006633594897,-0.07512148689202351,-0.27273431725044744,0.0651239029607139,-0.14016155148041595,-0.071424022686248,-0.3256685297434834,0.11805811545374988
multihop,1,target_main_minus_raw,target_main_minus_raw:loop3_early_mean,fixed_mean,96 97 98 99 100 101 102 103 104 105 106 107 108 109 110 111,-0.058724495683701444,-0.09330464970322795,-0.024036389300655023,-0.22765360578928212,0.11020461442187923,-0.09746573533349567,-0.021922896380509545,-0.2805878182823181,0.1631388269149152
multihop,1,target_main_minus_raw,target_main_minus_raw:loop3_middle_mean,fixed_mean,112 113 114 115 116 117 118 119 120 121 122 123 124 125 126 127,-0.15612502103011508,-0.21558983215803262,-0.10192489129727891,-0.32505413113569576,0.012804089075465597,-0.23510580747572948,-0.09009522418096276,-0.37798834362873174,0.06573830156850158
multihop,1,target_main_minus_raw,target_main_minus_raw:loop3_final_third_mean,fixed_mean,128 129 130 131 132 133 134 135 136 137 138 139 140 141 142 143,-0.17086412080334334,-0.22523544290792066,-0.11976497979297532,-0.339793230908924,-0.001935010697762668,-0.2365933861632368,-0.11269377169061978,-0.39272744340196,0.05099920179527331
multihop,1,target_main_minus_raw,target_main_minus_raw:loop3_historical_local_mean,fixed_mean,121 122 123 124 125 126 127 128 129 130 131 132,-0.08307418281803072,-0.1285980823068045,-0.04430053432103007,-0.2520032929236114,0.08585492728754995,-0.1383675673056718,-0.03815850509035248,-0.3049375054166474,0.13878913978058594
multihop,1,target_main_minus_raw,target_main_minus_raw:loop3_full_loop_mean,fixed_mean,96 97 98 99 100 101 102 103 104 105 106 107 108 109 110 111 112 113 114 115 116 117 118 119 120 121 122 123 124 125 126 127 128 129 130 131 132 133 134 135 136 137 138 139 140 141 142 143,-0.12857121250571996,-0.1706735974592087,-0.089122651615054,-0.29750032261130066,0.04035789759986072,-0.1825731115527888,-0.08220349079639226,-0.35043453510433664,0.0932921100928967
multihop,1,target_main_minus_raw,target_main_minus_raw:loop4_early_mean,fixed_mean,144 145 146 147 148 149 150 151 152 153 154 155 156 157 158 159,-0.02402862295866505,-0.07366953280406364,0.0247125281012704,-0.19295773306424574,0.1449004871469156,-0.07140527425760822,0.020870088113699507,-0.24589194555728172,0.1978346996399516
multihop,1,target_main_minus_raw,target_main_minus_raw:loop4_middle_mean,fixed_mean,160 161 162 163 164 165 166 167 168 169 170 171 172 173 174 175,0.058214066955645224,-0.014080763340603738,0.13388051677134005,-0.11071504314993545,0.2271431770612259,-0.015957995673333652,0.13102930020330247,-0.16364925564297145,0.28007738955426187
multihop,1,target_main_minus_raw,target_main_minus_raw:loop4_final_third_mean,fixed_mean,176 177 178 179 180 181 182 183 184 185 186 187 188 189,0.07143158077997948,0.023926845469603233,0.1208425513654881,-0.0974975293256012,0.24036069088556017,0.022876322597795335,0.1216063991258869,-0.15043174181863717,0.29329490337859615
multihop,1,target_main_minus_raw,target_main_minus_raw:loop4_historical_local_mean,fixed_mean,169 170 171 172 173 174 175 176 177 178 179 180,0.18906941504940958,0.1114804693703737,0.27119634485701166,0.0201403049438289,0.35799852515499025,0.1129677911063366,0.26705052711112565,-0.03279390754920708,0.41093273764802624
multihop,1,target_main_minus_raw,target_main_minus_raw:loop4_full_loop_mean,fixed_mean,144 145 146 147 148 149 150 151 152 153 154 155 156 157 158 159 160 161 162 163 164 165 166 167 168 169 170 171 172 173 174 175 176 177 178 179 180 181 182 183 184 185 186 187 188 189,0.03363063554068249,-0.012684560908868558,0.08140581571121866,-0.13529847456489819,0.20255974564626317,-0.014209815898958379,0.08101767589550683,-0.18823268705793417,0.25549395813929915
multihop,1,target_main_minus_raw,target_main_minus_raw:all_common_any_layer,any_layer,0 1 2 3 4 5 6 7 8 9 10 11 12 13 14 15 16 17 18 19 20 21 22 23 24 25 26 27 28 29 30 31 32 33 34 35 36 37 38 39 40 41 42 43 44 45 46 47 48 49 50 51 52 53 54 55 56 57 58 59 60 61 62 63 64 65 66 67 68 69 70 71 72 73 74 75 76 77 78 79 80 81 82 83 84 85 86 87 88 89 90 91 92 93 94 95 96 97 98 99 100 101 102 103 104 105 106 107 108 109 110 111 112 113 114 115 116 117 118 119 120 121 122 123 124 125 126 127 128 129 130 131 132 133 134 135 136 137 138 139 140 141 142 143 144 145 146 147 148 149 150 151 152 153 154 155 156 157 158 159 160 161 162 163 164 165 166 167 168 169 170 171 172 173 174 175 176 177 178 179 180 181 182 183 184 185 186 187 188 189,-0.1225181636574162,-0.20385708746689965,-0.04406913906596606,-0.2914472737629969,0.04641094644816447,-0.2146894943469976,-0.041850097869560995,-0.3443814862560329,0.09934515894120045
multihop,1,target_main_minus_raw,target_main_minus_raw:loop4_late_any_layer,any_layer,176 177 178 179 180 181 182 183 184 185 186 187 188 189,0.009988703823875787,-0.05006621128514856,0.07195730462492878,-0.1589404062817049,0.17891781392945647,-0.054814178388746804,0.06911985608649686,-0.21187461877474087,0.23185202642249245
multihop,1,target_penultimate_minus_raw,target_penultimate_minus_raw:loop1_early_mean,fixed_mean,0 1 2 3 4 5 6 7 8 9 10 11 12 13 14 15,-0.0034495728765945774,-0.009849524611154941,0.0015508199469581616,-0.17237868298217526,0.1654795372289861,-0.009837857635282811,0.001548340087696734,-0.22531289547521124,0.21841374972202207
multihop,1,target_penultimate_minus_raw,target_penultimate_minus_raw:loop1_middle_mean,fixed_mean,16 17 18 19 20 21 22 23 24 25 26 27 28 29 30 31,-0.0707002758833002,-0.11200897138746806,-0.0348518533319125,-0.2396293859888809,0.09822883422228047,-0.11857160885223747,-0.029427518107265117,-0.2925635984819169,0.15116304671531644
multihop,1,target_penultimate_minus_raw,target_penultimate_minus_raw:loop1_final_third_mean,fixed_mean,32 33 34 35 36 37 38 39 40 41 42 43 44 45 46 47,-0.08486877694152145,-0.12096370430765677,-0.051663167041232465,-0.25379788704710216,0.08406033316405923,-0.12007316619336915,-0.05236936007236565,-0.30673209954013814,0.1369945456570952
multihop,1,target_penultimate_minus_raw,target_penultimate_minus_raw:loop1_historical_local_mean,fixed_mean,25 26 27 28 29 30 31 32 33 34 35 36,-0.015815126673160672,-0.03170728416916554,-0.002452508168167403,-0.18474423677874136,0.15311398343242,-0.03309632618286215,-0.000682763517334711,-0.23767844927177734,0.20604819592545598
multihop,1,target_penultimate_minus_raw,target_penultimate_minus_raw:loop1_full_loop_mean,fixed_mean,0 1 2 3 4 5 6 7 8 9 10 11 12 13 14 15 16 17 18 19 20 21 22 23 24 25 26 27 28 29 30 31 32 33 34 35 36 37 38 39 40 41 42 43 44 45 46 47,-0.05300620856713874,-0.07521744927338891,-0.033007060338345696,-0.22193531867271943,0.11592290153844194,-0.07789521619095373,-0.031251746867325236,-0.2748695311657554,0.1688571140314779
multihop,1,target_penultimate_minus_raw,target_penultimate_minus_raw:loop2_early_mean,fixed_mean,48 49 50 51 52 53 54 55 56 57 58 59 60 61 62 63,-0.032940189468966624,-0.04927384890162712,-0.01770350187424274,-0.2018692995745473,0.13598892063661405,-0.04872658634825387,-0.018881124704072307,-0.2548035120675833,0.18892313312965003
multihop,1,target_penultimate_minus_raw,target_penultimate_minus_raw:loop2_middle_mean,fixed_mean,64 65 66 67 68 69 70 71 72 73 74 75 76 77 78 79,-0.10970768228338278,-0.15739586205092754,-0.06594418297074942,-0.27863679238896344,0.0592214278221979,-0.16470289191257584,-0.06064197153491552,-0.3315710048819994,0.11215564031523388
multihop,1,target_penultimate_minus_raw,target_penultimate_minus_raw:loop2_final_third_mean,fixed_mean,80 81 82 83 84 85 86 87 88 89 90 91 92 93 94 95,-0.15383882661147236,-0.19881314496402971,-0.11073598681915443,-0.32276793671705306,0.01509028349410832,-0.20826672392292228,-0.10540232113071342,-0.37570214921008904,0.0680244959871443
multihop,1,target_penultimate_minus_raw,target_penultimate_minus_raw:loop2_historical_local_mean,fixed_mean,73 74 75 76 77 78 79 80 81 82 83 84,-0.05010951270454587,-0.07950890572358443,-0.025561256218905478,-0.21903862281012654,0.11881959740103482,-0.07987604752468587,-0.024597571069354073,-0.2719728353031625,0.1717538098940708
multihop,1,target_penultimate_minus_raw,target_penultimate_minus_raw:loop2_full_loop_mean,fixed_mean,48 49 50 51 52 53 54 55 56 57 58 59 60 61 62 63 64 65 66 67 68 69 70 71 72 73 74 75 76 77 78 79 80 81 82 83 84 85 86 87 88 89 90 91 92 93 94 95,-0.09882889945460725,-0.12997716321684422,-0.07045791573533301,-0.2677580095601879,0.07010021065097342,-0.13522105546627597,-0.06661284063597599,-0.3206922220532239,0.1230344231440094
multihop,1,target_penultimate_minus_raw,target_penultimate_minus_raw:loop3_early_mean,fixed_mean,96 97 98 99 100 101 102 103 104 105 106 107 108 109 110 111,-0.054220079182801556,-0.08657968759057086,-0.022356960369454944,-0.22314918928838223,0.11470903092277912,-0.09236867145033925,-0.01860673442005985,-0.2760834017814182,0.1676432434158151
multihop,1,target_penultimate_minus_raw,target_penultimate_minus_raw:loop3_middle_mean,fixed_mean,112 113 114 115 116 117 118 119 120 121 122 123 124 125 126 127,-0.15457321281133407,-0.21418087530387633,-0.09997741002247575,-0.3235023229169147,0.014355897294246606,-0.23365414077438998,-0.08685287175871546,-0.3764365354099507,0.06729010978728259
multihop,1,target_penultimate_minus_raw,target_penultimate_minus_raw:loop3_final_third_mean,fixed_mean,128 129 130 131 132 133 134 135 136 137 138 139 140 141 142 143,-0.17856723548709993,-0.23427280833064712,-0.1263178706650571,-0.3474963455926806,-0.009638125381519258,-0.24524855284920644,-0.11946553752901011,-0.4004305580857166,0.04329608711151672
multihop,1,target_penultimate_minus_raw,target_penultimate_minus_raw:loop3_historical_local_mean,fixed_mean,121 122 123 124 125 126 127 128 129 130 131 132,-0.08549360625592319,-0.131087224626253,-0.04635284344828854,-0.2544227163615039,0.08343550384965749,-0.1411922631614987,-0.04027513215522512,-0.30735692885453986,0.13636971634269346
multihop,1,target_penultimate_minus_raw,target_penultimate_minus_raw:loop3_full_loop_mean,fixed_mean,96 97 98 99 100 101 102 103 104 105 106 107 108 109 110 111 112 113 114 115 116 117 118 119 120 121 122 123 124 125 126 127 128 129 130 131 132 133 134 135 136 137 138 139 140 141 142 143,-0.12912017582707855,-0.17089563606187005,-0.0911662559792977,-0.2980492859326592,0.03980893427850213,-0.18321560730983083,-0.08227908565878284,-0.3509834984256952,0.09274314677153811
multihop,1,target_penultimate_minus_raw,target_penultimate_minus_raw:loop4_early_mean,fixed_mean,144 145 146 147 148 149 150 151 152 153 154 155 156 157 158 159,-0.05896959814100852,-0.09994680628984236,-0.022283296592485187,-0.2278987082465892,0.10995951196457215,-0.10070182776711054,-0.022624915530940714,-0.2808329207396252,0.16289372445760814
multihop,1,target_penultimate_minus_raw,target_penultimate_minus_raw:loop4_middle_mean,fixed_mean,160 161 162 163 164 165 166 167 168 169 170 171 172 173 174 175,-0.03553395153035618,-0.10219060354353905,0.03510096443401056,-0.20446306163593686,0.1333951585752245,-0.11643438117258592,0.04074114239687457,-0.25739727412897284,0.18632937106826047
multihop,1,target_penultimate_minus_raw,target_penultimate_minus_raw:loop4_final_third_mean,fixed_mean,176 177 178 179 180 181 182 183 184 185 186 187 188 189,-0.09414073474223492,-0.1431869591877417,-0.0474763173890221,-0.2630698448478156,0.07478837536334576,-0.1537336474817501,-0.040356271312872984,-0.3160040573408516,0.12772258785638174
multihop,1,target_penultimate_minus_raw,target_penultimate_minus_raw:loop4_historical_local_mean,fixed_mean,169 170 171 172 173 174 175 176 177 178 179 180,0.04454496191487386,-0.01719666614061924,0.1100073210720104,-0.12438414819070681,0.21347407202045454,-0.02327710306436671,0.11131346356462825,-0.1773183606837428,0.2664082845134905
multihop,1,target_penultimate_minus_raw,target_penultimate_minus_raw:loop4_full_loop_mean,fixed_mean,144 145 146 147 148 149 150 151 152 153 154 155 156 157 158 159 160 161 162 163 164 165 166 167 168 169 170 171 172 173 174 175 176 177 178 179 180 181 182 183 184 185 186 187 188 189,-0.06152232785072011,-0.10438422764493388,-0.019407139194682316,-0.2304514379563008,0.10740678225486057,-0.115477940196523,-0.012908969398052085,-0.2833856504493368,0.16034099474789654
multihop,1,target_penultimate_minus_raw,target_penultimate_minus_raw:all_common_any_layer,any_layer,0 1 2 3 4 5 6 7 8 9 10 11 12 13 14 15 16 17 18 19 20 21 22 23 24 25 26 27 28 29 30 31 32 33 34 35 36 37 38 39 40 41 42 43 44 45 46 47 48 49 50 51 52 53 54 55 56 57 58 59 60 61 62 63 64 65 66 67 68 69 70 71 72 73 74 75 76 77 78 79 80 81 82 83 84 85 86 87 88 89 90 91 92 93 94 95 96 97 98 99 100 101 102 103 104 105 106 107 108 109 110 111 112 113 114 115 116 117 118 119 120 121 122 123 124 125 126 127 128 129 130 131 132 133 134 135 136 137 138 139 140 141 142 143 144 145 146 147 148 149 150 151 152 153 154 155 156 157 158 159 160 161 162 163 164 165 166 167 168 169 170 171 172 173 174 175 176 177 178 179 180 181 182 183 184 185 186 187 188 189,-0.13910919259909607,-0.22544328124933724,-0.055380258942570475,-0.30803830270467675,0.029819917506484606,-0.2399250850679185,-0.05256768895480479,-0.36097251519771273,0.08275412999952059
multihop,1,target_penultimate_minus_raw,target_penultimate_minus_raw:loop4_late_any_layer,any_layer,176 177 178 179 180 181 182 183 184 185 186 187 188 189,-0.006580870865903511,-0.07242131644279315,0.058619937574135576,-0.17550998097148418,0.16234823923967717,-0.07756300372479415,0.05610501495343331,-0.22844419346452016,0.21528245173271315
multihop,1,position_sampled_sum_minus_diagonal,position_sampled_sum_minus_diagonal:loop1_early_mean,fixed_mean,0 1 2 3 4 5 6 7 8 9 10 11 12 13 14 15,-6.038647342995169e-05,-0.0001107085346215781,-2.0128824476650564e-05,-0.16898949657901063,0.16886872363215072,-0.00010656436487638534,-2.0586297760210805e-05,-0.22192370907204662,0.2218029361251867
multihop,1,position_sampled_sum_minus_diagonal,position_sampled_sum_minus_diagonal:loop1_middle_mean,fixed_mean,16 17 18 19 20 21 22 23 24 25 26 27 28 29 30 31,0.0012177938808373592,-0.0003623188405797102,0.0041364734299516905,-0.1677113162247433,0.17014690398641805,-0.0003623188405797102,0.004518595481670925,-0.2206455287177793,0.22308111647945403
multihop,1,position_sampled_sum_minus_diagonal,position_sampled_sum_minus_diagonal:loop1_final_third_mean,fixed_mean,32 33 34 35 36 37 38 39 40 41 42 43 44 45 46 47,0.0037540257648953313,0.0014090177133655396,0.007296698872785831,-0.16517508434068534,0.172683135870476,0.0014492233050141597,0.00750008946144212,-0.21810929683372132,0.225617348363512
multihop,1,position_sampled_sum_minus_diagonal,position_sampled_sum_minus_diagonal:loop1_historical_local_mean,fixed_mean,25 26 27 28 29 30 31 32 33 34 35 36,0.0023886205045625334,0.00017444981213097157,0.006280193236714976,-0.16654048960101814,0.17131773061014322,0.00021609798279599126,0.00665027293250817,-0.21947470209405412,0.2242519431031792
multihop,1,position_sampled_sum_minus_diagonal,position_sampled_sum_minus_diagonal:loop1_full_loop_mean,fixed_mean,0 1 2 3 4 5 6 7 8 9 10 11 12 13 14 15 16 17 18 19 20 21 22 23 24 25 26 27 28 29 30 31 32 33 34 35 36 37 38 39 40 41 42 43 44 45 46 47,0.0016371443907675794,0.00047973698336017186,0.0031502449006977993,-0.16729196571481308,0.17056625449634827,0.0005043633525291134,0.0033131086163213294,-0.22022617820784907,0.22350046698938425
multihop,1,position_sampled_sum_minus_diagonal,position_sampled_sum_minus_diagonal:loop2_early_mean,fixed_mean,48 49 50 51 52 53 54 55 56 57 58 59 60 61 62 63,-0.0009660355688168993,-0.005424425884484229,0.0017412913232926022,-0.16989514567439756,0.1679630745367638,-0.005161977546672143,0.0019003951858389853,-0.22282935816743354,0.22089728702979977
multihop,1,position_sampled_sum_minus_diagonal,position_sampled_sum_minus_diagonal:loop2_middle_mean,fixed_mean,64 65 66 67 68 69 70 71 72 73 74 75 76 77 78 79,-0.005850253298016875,-0.019519882747830182,0.0020800632277480175,-0.17477936340359757,0.1630788568075638,-0.018615270376143966,0.0022544869272029602,-0.22771357589663355,0.21601306930059977
multihop,1,position_sampled_sum_minus_diagonal,position_sampled_sum_minus_diagonal:loop2_final_third_mean,fixed_mean,80 81 82 83 84 85 86 87 88 89 90 91 92 93 94 95,-5.566353370968423e-05,-0.0028919089525906985,0.0026744788242645816,-0.16898477363929035,0.168873446571871,-0.002767302793317921,0.002534119246169535,-0.22191898613232633,0.221807659064907
multihop,1,position_sampled_sum_minus_diagonal,position_sampled_sum_minus_diagonal:loop2_historical_local_mean,fixed_mean,73 74 75 76 77 78 79 80 81 82 83 84,-0.0033931000958077858,-0.010610742377201802,0.0019253793491102763,-0.17232221020138846,0.1655360100097729,-0.009965529481956503,0.001905356863668434,-0.22525642269442445,0.21847022250280887
multihop,1,position_sampled_sum_minus_diagonal,position_sampled_sum_minus_diagonal:loop2_full_loop_mean,fixed_mean,48 49 50 51 52 53 54 55 56 57 58 59 60 61 62 63 64 65 66 67 68 69 70 71 72 73 74 75 76 77 78 79 80 81 82 83 84 85 86 87 88 89 90 91 92 93 94 95,-0.0022906508001811535,-0.009009491886499112,0.0016432136149848934,-0.17121976090576183,0.16663845930539953,-0.008567309906299473,0.0017044190987205697,-0.2241539733987978,0.2195726717984355
multihop,1,position_sampled_sum_minus_diagonal,position_sampled_sum_minus_diagonal:loop3_early_mean,fixed_mean,96 97 98 99 100 101 102 103 104 105 106 107 108 109 110 111,-0.012787931435462642,-0.03818576858311101,0.0064969105612177796,-0.18171704154104332,0.15614117867011804,-0.0339864341837169,0.0051766363727049815,-0.2346512540340793,0.20907539116315402
multihop,1,position_sampled_sum_minus_diagonal,position_sampled_sum_minus_diagonal:loop3_middle_mean,fixed_mean,112 113 114 115 116 117 118 119 120 121 122 123 124 125 126 127,-0.02290515091139924,-0.06201005834840786,0.009964598054413923,-0.19183426101697992,0.14602395919418143,-0.06272962387311626,0.012413874504270086,-0.2447684735100159,0.1989581716872174
multihop,1,position_sampled_sum_minus_diagonal,position_sampled_sum_minus_diagonal:loop3_final_third_mean,fixed_mean,128 129 130 131 132 133 134 135 136 137 138 139 140 141 142 143,-0.005110417382397477,-0.020740703739225156,0.007754911338183336,-0.17403952748797816,0.1638186927231832,-0.021247866030970085,0.00765948756511481,-0.22697373998101414,0.21675290521621918
multihop,1,position_sampled_sum_minus_diagonal,position_sampled_sum_minus_diagonal:loop3_historical_local_mean,fixed_mean,121 122 123 124 125 126 127 128 129 130 131 132,-0.0041453920838169615,-0.027773205347704968,0.014787902379148102,-0.17307450218939763,0.16478371802176373,-0.028240744195368844,0.014912751842343391,-0.2260087146824336,0.2177179305147997
multihop,1,position_sampled_sum_minus_diagonal,position_sampled_sum_minus_diagonal:loop3_full_loop_mean,fixed_mean,96 97 98 99 100 101 102 103 104 105 106 107 108 109 110 111 112 113 114 115 116 117 118 119 120 121 122 123 124 125 126 127 128 129 130 131 132 133 134 135 136 137 138 139 140 141 142 143,-0.013601166576419788,-0.0345885067895167,0.004162329776092292,-0.18253027668200048,0.15532794352916088,-0.03375372462829838,0.003789961990158762,-0.23546448917503646,0.20826215602219686
multihop,1,position_sampled_sum_minus_diagonal,position_sampled_sum_minus_diagonal:loop4_early_mean,fixed_mean,144 145 146 147 148 149 150 151 152 153 154 155 156 157 158 159,-0.00753377807608731,-0.04758583981599886,0.02756129665548712,-0.176462888181668,0.16139533202949335,-0.047568029099185186,0.029577635463701794,-0.22939710067470398,0.21432954452252934
multihop,1,position_sampled_sum_minus_diagonal,position_sampled_sum_minus_diagonal:loop4_middle_mean,fixed_mean,160 161 162 163 164 165 166 167 168 169 170 171 172 173 174 175,0.03595214818207912,-0.012258754426043971,0.08213241573330063,-0.13297696192350156,0.2048812582876598,-0.01510854930203964,0.08728772129964972,-0.18591117441653754,0.2578154707806958
multihop,1,position_sampled_sum_minus_diagonal,position_sampled_sum_minus_diagonal:loop4_final_third_mean,fixed_mean,176 177 178 179 180 181 182 183 184 185 186 187 188 189 190,0.10185511063607788,0.06706474883798307,0.13863256070928856,-0.06707399946950279,0.27078422074165853,0.062357621167626845,0.14632975388959582,-0.12000821196253877,0.3237184332346945
multihop,1,position_sampled_sum_minus_diagonal,position_sampled_sum_minus_diagonal:loop4_historical_local_mean,fixed_mean,169 170 171 172 173 174 175 176 177 178 179 180,0.12397155373553753,0.07049996403673589,0.1794597098338938,-0.044957556370043145,0.29290066384111824,0.06382331225636657,0.1881016055410379,-0.09789176886307913,0.3458348763341542
multihop,1,position_sampled_sum_minus_diagonal,position_sampled_sum_minus_diagonal:loop4_full_loop_mean,fixed_mean,144 145 146 147 148 149 150 151 152 153 154 155 156 157 158 159 160 161 162 163 164 165 166 167 168 169 170 171 172 173 174 175 176 177 178 179 180 181 182 183 184 185 186 187 188 189 190,0.04218128896249016,0.01049972640921925,0.07144767941609778,-0.12674782114309052,0.21111039906807083,0.009219947799352526,0.07673632343655482,-0.1796820336361265,0.2640446115611068
multihop,1,position_sampled_sum_minus_diagonal,position_sampled_sum_minus_diagonal:all_common_any_layer,any_layer,0 1 2 3 4 5 6 7 8 9 10 11 12 13 14 15 16 17 18 19 20 21 22 23 24 25 26 27 28 29 30 31 32 33 34 35 36 37 38 39 40 41 42 43 44 45 46 47 48 49 50 51 52 53 54 55 56 57 58 59 60 61 62 63 64 65 66 67 68 69 70 71 72 73 74 75 76 77 78 79 80 81 82 83 84 85 86 87 88 89 90 91 92 93 94 95 96 97 98 99 100 101 102 103 104 105 106 107 108 109 110 111 112 113 114 115 116 117 118 119 120 121 122 123 124 125 126 127 128 129 130 131 132 133 134 135 136 137 138 139 140 141 142 143 144 145 146 147 148 149 150 151 152 153 154 155 156 157 158 159 160 161 162 163 164 165 166 167 168 169 170 171 172 173 174 175 176 177 178 179 180 181 182 183 184 185 186 187 188 189 190,0.05396426506286415,0.017729957239944066,0.09921385099933691,-0.11496484504271653,0.22289337516844482,0.01802079751455161,0.10309573695135113,-0.16789905753575252,0.2758275876614808
multihop,1,position_sampled_sum_minus_diagonal,position_sampled_sum_minus_diagonal:loop4_late_any_layer,any_layer,176 177 178 179 180 181 182 183 184 185 186 187 188 189 190,0.07906602254428342,0.024154589371980683,0.1355877616747182,-0.08986308756129725,0.24799513264986411,0.02878778311021302,0.1369483797427129,-0.14279730005433322,0.3009293451429001
multihop,1,position_main_minus_sampled_sum,position_main_minus_sampled_sum:loop1_early_mean,fixed_mean,0 1 2 3 4 5 6 7 8 9 10 11 12 13 14 15,6.038647342995169e-05,2.0128824476650564e-05,0.0001107085346215781,-0.16886872363215072,0.16898949657901063,2.0586297760210805e-05,0.00010656436487638534,-0.2218029361251867,0.22192370907204662
multihop,1,position_main_minus_sampled_sum,position_main_minus_sampled_sum:loop1_middle_mean,fixed_mean,16 17 18 19 20 21 22 23 24 25 26 27 28 29 30 31,-0.0010165056360708536,-0.003884863123993559,0.0005032206119162642,-0.16994561574165154,0.1679126044695098,-0.004294220818113978,0.0005064866760168301,-0.22287982823468752,0.2208468169625458
multihop,1,position_main_minus_sampled_sum,position_main_minus_sampled_sum:loop1_final_third_mean,fixed_mean,32 33 34 35 36 37 38 39 40 41 42 43 44 45 46 47,-0.0023753492943070953,-0.00521366525172871,-0.0007147212749834233,-0.17130445939988778,0.16655376081127357,-0.005445339044284927,-0.0007116839109416559,-0.22423867189292376,0.21948797330430955
multihop,1,position_main_minus_sampled_sum,position_main_minus_sampled_sum:loop1_historical_local_mean,fixed_mean,25 26 27 28 29 30 31 32 33 34 35 36,-0.001596886741814278,-0.005260332796564681,0.0003220611916264091,-0.17052599684739495,0.1673322233637664,-0.005733168179966243,0.00034310496267018,-0.22346020934043093,0.2202664358568024
multihop,1,position_main_minus_sampled_sum,position_main_minus_sampled_sum:loop1_full_loop_mean,fixed_mean,0 1 2 3 4 5 6 7 8 9 10 11 12 13 14 15 16 17 18 19 20 21 22 23 24 25 26 27 28 29 30 31 32 33 34 35 36 37 38 39 40 41 42 43 44 45 46 47,-0.001110489485649332,-0.0024657809983896937,-0.00014761137949543746,-0.17003959959123,0.16781862061993136,-0.0026045947981131177,-0.00014116318464144558,-0.22297381208426598,0.22075283311296734
multihop,1,position_main_minus_sampled_sum,position_main_minus_sampled_sum:loop2_early_mean,fixed_mean,48 49 50 51 52 53 54 55 56 57 58 59 60 61 62 63,-0.0007246376811594206,-0.0027878421900161023,0.0015197262479871181,-0.16965374778674008,0.16820447242442127,-0.002873269711567779,0.0015030408902691516,-0.22258796027977606,0.22113868491745725
multihop,1,position_main_minus_sampled_sum,position_main_minus_sampled_sum:loop2_middle_mean,fixed_mean,64 65 66 67 68 69 70 71 72 73 74 75 76 77 78 79,-0.00703145433672784,-0.013391308136339472,-3.49820612234413e-05,-0.1759605644423085,0.16189765576885284,-0.013951713767496274,1.5792569459488344e-05,-0.2288947769353445,0.21483186826188883
multihop,1,position_main_minus_sampled_sum,position_main_minus_sampled_sum:loop2_final_third_mean,fixed_mean,80 81 82 83 84 85 86 87 88 89 90 91 92 93 94 95,-0.00816518519225413,-0.013553059157183673,-0.0026987755657277702,-0.1770942952978348,0.16076392491332656,-0.013893609254358315,-0.002752213154166399,-0.23002850779087078,0.21369813740636254
multihop,1,position_main_minus_sampled_sum,position_main_minus_sampled_sum:loop2_historical_local_mean,fixed_mean,73 74 75 76 77 78 79 80 81 82 83 84,-0.011069657632082081,-0.01940499560075911,-0.0017958345762897235,-0.17999876773766277,0.15785945247349858,-0.02003500180756363,-0.0018017644032932078,-0.23293298023069875,0.21079366496653457
multihop,1,position_main_minus_sampled_sum,position_main_minus_sampled_sum:loop2_full_loop_mean,fixed_mean,48 49 50 51 52 53 54 55 56 57 58 59 60 61 62 63 64 65 66 67 68 69 70 71 72 73 74 75 76 77 78 79 80 81 82 83 84 85 86 87 88 89 90 91 92 93 94 95,-0.0053070924033804655,-0.009175767622028864,-0.0014004972399888414,-0.17423620250896113,0.16362201770220022,-0.009547762625645585,-0.0013795142771239814,-0.2271704150019971,0.2165562301952362
multihop,1,position_main_minus_sampled_sum,position_main_minus_sampled_sum:loop3_early_mean,fixed_mean,96 97 98 99 100 101 102 103 104 105 106 107 108 109 110 111,-0.003521360234915223,-0.02778563689968741,0.024370012195699533,-0.1724504703404959,0.16540774987066545,-0.028174471026333237,0.0253641068994851,-0.22538468283353189,0.21834196236370143
multihop,1,position_main_minus_sampled_sum,position_main_minus_sampled_sum:loop3_middle_mean,fixed_mean,112 113 114 115 116 117 118 119 120 121 122 123 124 125 126 127,-0.0011978042262402126,-0.009078601623701615,0.00672985807588231,-0.1701269143318209,0.16773130587934046,-0.00953783426090158,0.006480455502840048,-0.22306112682485688,0.22066551837237644
multihop,1,position_main_minus_sampled_sum,position_main_minus_sampled_sum:loop3_final_third_mean,fixed_mean,128 129 130 131 132 133 134 135 136 137 138 139 140 141 142 143,0.000440905641584632,-0.0059622837255891604,0.006774178159889664,-0.16848820446399604,0.16937001574716531,-0.006399946321763596,0.007271680904943789,-0.22142241695703202,0.2223042282402013
multihop,1,position_main_minus_sampled_sum,position_main_minus_sampled_sum:loop3_historical_local_mean,fixed_mean,121 122 123 124 125 126 127 128 129 130 131 132,-0.0027414787387303333,-0.010186808612874815,0.003215499153611501,-0.17167058884431102,0.16618763136685033,-0.010438201339457422,0.003406676797214692,-0.224604801337347,0.2191218438598863
multihop,1,position_main_minus_sampled_sum,position_main_minus_sampled_sum:loop3_full_loop_mean,fixed_mean,96 97 98 99 100 101 102 103 104 105 106 107 108 109 110 111 112 113 114 115 116 117 118 119 120 121 122 123 124 125 126 127 128 129 130 131 132 133 134 135 136 137 138 139 140 141 142 143,-0.0014260862731902706,-0.011906517817337961,0.009782513301695071,-0.17035519637877095,0.1675030238323904,-0.012093350847531313,0.010414461251965138,-0.22328940887180693,0.2204372363254264
multihop,1,position_main_minus_sampled_sum,position_main_minus_sampled_sum:loop4_early_mean,fixed_mean,144 145 146 147 148 149 150 151 152 153 154 155 156 157 158 159,0.026963448422847414,0.0059989336163209245,0.052707745009235585,-0.14196566168273325,0.1958925585284281,0.005675887683841002,0.052401885588874916,-0.19489987417576923,0.24882677102146408
multihop,1,position_main_minus_sampled_sum,position_main_minus_sampled_sum:loop4_middle_mean,fixed_mean,160 161 162 163 164 165 166 167 168 169 170 171 172 173 174 175,0.003773549310848429,-0.011906207078241929,0.019965899127108843,-0.16515556079473226,0.1727026594164291,-0.012145049326773977,0.021770860630779394,-0.21808977328776824,0.22563687190946508
multihop,1,position_main_minus_sampled_sum,position_main_minus_sampled_sum:loop4_final_third_mean,fixed_mean,176 177 178 179 180 181 182 183 184 185 186 187 188 189 190,0.011326464202620507,0.0008269137876026726,0.02251485220954053,-0.15760264590296016,0.1802555743082012,0.0005181409283028419,0.022321802950860715,-0.21053685839599615,0.23318978680123717
multihop,1,position_main_minus_sampled_sum,position_main_minus_sampled_sum:loop4_historical_local_mean,fixed_mean,169 170 171 172 173 174 175 176 177 178 179 180,0.008012456190205549,-0.009892789341984776,0.022357914180164813,-0.16091665391537513,0.17694156629578622,-0.010271977608159089,0.02230886505797997,-0.2138508664084111,0.2298757787888222
multihop,1,position_main_minus_sampled_sum,position_main_minus_sampled_sum:loop4_full_loop_mean,fixed_mean,144 145 146 147 148 149 150 151 152 153 154 155 156 157 158 159 160 161 162 163 164 165 166 167 168 169 170 171 172 173 174 175 176 177 178 179 180 181 182 183 184 185 186 187 188 189 190,0.014078487803796613,0.004207454618192224,0.024997843520181227,-0.15485062230178406,0.1830075979093773,0.0038048667373199196,0.02530424533388947,-0.20778483479482004,0.23594181040241327
multihop,1,position_main_minus_sampled_sum,position_main_minus_sampled_sum:all_common_any_layer,any_layer,0 1 2 3 4 5 6 7 8 9 10 11 12 13 14 15 16 17 18 19 20 21 22 23 24 25 26 27 28 29 30 31 32 33 34 35 36 37 38 39 40 41 42 43 44 45 46 47 48 49 50 51 52 53 54 55 56 57 58 59 60 61 62 63 64 65 66 67 68 69 70 71 72 73 74 75 76 77 78 79 80 81 82 83 84 85 86 87 88 89 90 91 92 93 94 95 96 97 98 99 100 101 102 103 104 105 106 107 108 109 110 111 112 113 114 115 116 117 118 119 120 121 122 123 124 125 126 127 128 129 130 131 132 133 134 135 136 137 138 139 140 141 142 143 144 145 146 147 148 149 150 151 152 153 154 155 156 157 158 159 160 161 162 163 164 165 166 167 168 169 170 171 172 173 174 175 176 177 178 179 180 181 182 183 184 185 186 187 188 189 190,-0.007220186365699213,-0.04874624373868085,0.028850588454431423,-0.1761492964712799,0.16170892373988147,-0.04829569914706096,0.02919264901097905,-0.22908350896431587,0.21464313623291745
multihop,1,position_main_minus_sampled_sum,position_main_minus_sampled_sum:loop4_late_any_layer,any_layer,176 177 178 179 180 181 182 183 184 185 186 187 188 189 190,-0.012401723974614004,-0.03527043667708629,-0.00048545988443686537,-0.18133083408019468,0.15652738613096667,-0.037822552138564856,-0.000523834468308015,-0.23426504657323066,0.20946159862400265
multihop,1,position_main_minus_raw,position_main_minus_raw:loop1_early_mean,fixed_mean,0 1 2 3 4 5 6 7 8 9 10 11 12 13 14 15,-0.0033992508154029513,-0.009799202549963314,0.0016021849538539184,-0.17232836092098364,0.16552985929017772,-0.009784031533677323,0.0016176936269430584,-0.22526257341401962,0.2184640717832137
multihop,1,position_main_minus_raw,position_main_minus_raw:loop1_middle_mean,fixed_mean,16 17 18 19 20 21 22 23 24 25 26 27 28 29 30 31,-0.07071034029553853,-0.11203891301387707,-0.03486166613384487,-0.23963945040111923,0.09821876981004214,-0.11859124751987073,-0.029427518107265117,-0.2925736628941552,0.1511529823030781
multihop,1,position_main_minus_raw,position_main_minus_raw:loop1_final_third_mean,fixed_mean,32 33 34 35 36 37 38 39 40 41 42 43 44 45 46 47,-0.08590555940813127,-0.12220306477036885,-0.05251047794559455,-0.2548346695137119,0.0830235506974494,-0.12132067298918787,-0.05322733473642721,-0.3077688820067479,0.1359577631904854
multihop,1,position_main_minus_raw,position_main_minus_raw:loop1_historical_local_mean,fixed_mean,25 26 27 28 29 30 31 32 33 34 35 36,-0.015882222754749507,-0.031741223652859134,-0.002518041938997821,-0.1848113328603302,0.15304688735083116,-0.03318245184257772,-0.0007528056484074779,-0.23774554535336617,0.20598109984386714
multihop,1,position_main_minus_raw,position_main_minus_raw:loop1_full_loop_mean,fixed_mean,0 1 2 3 4 5 6 7 8 9 10 11 12 13 14 15 16 17 18 19 20 21 22 23 24 25 26 27 28 29 30 31 32 33 34 35 36 37 38 39 40 41 42 43 44 45 46 47,-0.05333838350635757,-0.07559898193330496,-0.03325643131626255,-0.22226749361193826,0.1155907265992231,-0.07830876040258367,-0.03152550159332491,-0.27520170610497424,0.16852493909225907
multihop,1,position_main_minus_raw,position_main_minus_raw:loop2_early_mean,fixed_mean,48 49 50 51 52 53 54 55 56 57 58 59 60 61 62 63,-0.033151394119909125,-0.04997237466846643,-0.01744255702474767,-0.2020805042254898,0.13577771598567157,-0.04957581485167023,-0.0184657808685877,-0.25501471671852577,0.18871192847870755
multihop,1,position_main_minus_raw,position_main_minus_raw:loop2_middle_mean,fixed_mean,64 65 66 67 68 69 70 71 72 73 74 75 76 77 78 79,-0.11381440207671506,-0.1622305244787006,-0.0692697074931891,-0.28274351218229576,0.05511470802886562,-0.16918206624553703,-0.06470902436584856,-0.33567772467533175,0.1080489205219016
multihop,1,position_main_minus_raw,position_main_minus_raw:loop2_final_third_mean,fixed_mean,80 81 82 83 84 85 86 87 88 89 90 91 92 93 94 95,-0.16444982523797613,-0.20896788066319785,-0.12157648458474891,-0.3333789353435568,0.004479284867604544,-0.21917888129782404,-0.11597812562351133,-0.38631314783659276,0.057413497360640525
multihop,1,position_main_minus_raw,position_main_minus_raw:loop2_historical_local_mean,fixed_mean,73 74 75 76 77 78 79 80 81 82 83 84,-0.055116459122404475,-0.08507955134399521,-0.029618720699217758,-0.22404556922798516,0.1138126509831762,-0.08566439775483589,-0.02870655933256223,-0.2769797817210211,0.16674686347621218
multihop,1,position_main_minus_raw,position_main_minus_raw:loop2_full_loop_mean,fixed_mean,48 49 50 51 52 53 54 55 56 57 58 59 60 61 62 63 64 65 66 67 68 69 70 71 72 73 74 75 76 77 78 79 80 81 82 83 84 85 86 87 88 89 90 91 92 93 94 95,-0.10380520714486678,-0.1351006633594897,-0.07512148689202351,-0.27273431725044744,0.0651239029607139,-0.14016155148041595,-0.071424022686248,-0.3256685297434834,0.11805811545374988
multihop,1,position_main_minus_raw,position_main_minus_raw:loop3_early_mean,fixed_mean,96 97 98 99 100 101 102 103 104 105 106 107 108 109 110 111,-0.058724495683701444,-0.09330464970322795,-0.024036389300655023,-0.22765360578928212,0.11020461442187923,-0.09746573533349567,-0.021922896380509545,-0.2805878182823181,0.1631388269149152
multihop,1,position_main_minus_raw,position_main_minus_raw:loop3_middle_mean,fixed_mean,112 113 114 115 116 117 118 119 120 121 122 123 124 125 126 127,-0.15612502103011508,-0.21558983215803262,-0.10192489129727891,-0.32505413113569576,0.012804089075465597,-0.23510580747572948,-0.09009522418096276,-0.37798834362873174,0.06573830156850158
multihop,1,position_main_minus_raw,position_main_minus_raw:loop3_final_third_mean,fixed_mean,128 129 130 131 132 133 134 135 136 137 138 139 140 141 142 143,-0.17086412080334334,-0.22523544290792066,-0.11976497979297532,-0.339793230908924,-0.001935010697762668,-0.2365933861632368,-0.11269377169061978,-0.39272744340196,0.05099920179527331
multihop,1,position_main_minus_raw,position_main_minus_raw:loop3_historical_local_mean,fixed_mean,121 122 123 124 125 126 127 128 129 130 131 132,-0.08307418281803072,-0.1285980823068045,-0.04430053432103007,-0.2520032929236114,0.08585492728754995,-0.1383675673056718,-0.03815850509035248,-0.3049375054166474,0.13878913978058594
multihop,1,position_main_minus_raw,position_main_minus_raw:loop3_full_loop_mean,fixed_mean,96 97 98 99 100 101 102 103 104 105 106 107 108 109 110 111 112 113 114 115 116 117 118 119 120 121 122 123 124 125 126 127 128 129 130 131 132 133 134 135 136 137 138 139 140 141 142 143,-0.12857121250571996,-0.1706735974592087,-0.089122651615054,-0.29750032261130066,0.04035789759986072,-0.1825731115527888,-0.08220349079639226,-0.35043453510433664,0.0932921100928967
multihop,1,position_main_minus_raw,position_main_minus_raw:loop4_early_mean,fixed_mean,144 145 146 147 148 149 150 151 152 153 154 155 156 157 158 159,-0.02402862295866505,-0.07366953280406364,0.0247125281012704,-0.19295773306424574,0.1449004871469156,-0.07140527425760822,0.020870088113699507,-0.24589194555728172,0.1978346996399516
multihop,1,position_main_minus_raw,position_main_minus_raw:loop4_middle_mean,fixed_mean,160 161 162 163 164 165 166 167 168 169 170 171 172 173 174 175,0.058214066955645224,-0.014080763340603738,0.13388051677134005,-0.11071504314993545,0.2271431770612259,-0.015957995673333652,0.13102930020330247,-0.16364925564297145,0.28007738955426187
multihop,1,position_main_minus_raw,position_main_minus_raw:loop4_final_third_mean,fixed_mean,176 177 178 179 180 181 182 183 184 185 186 187 188 189 190,0.06606876812301098,0.022047869077931357,0.11193330113428311,-0.1028603419825697,0.23499787822859164,0.021433212501238814,0.11233951077919868,-0.1557945544756057,0.2879320907216276
multihop,1,position_main_minus_raw,position_main_minus_raw:loop4_historical_local_mean,fixed_mean,169 170 171 172 173 174 175 176 177 178 179 180,0.18906941504940958,0.1114804693703737,0.27119634485701166,0.0201403049438289,0.35799852515499025,0.1129677911063366,0.26705052711112565,-0.03279390754920708,0.41093273764802624
multihop,1,position_main_minus_raw,position_main_minus_raw:loop4_full_loop_mean,fixed_mean,144 145 146 147 148 149 150 151 152 153 154 155 156 157 158 159 160 161 162 163 164 165 166 167 168 169 170 171 172 173 174 175 176 177 178 179 180 181 182 183 184 185 186 187 188 189 190,0.0327233750169542,-0.012489081147682829,0.0794662233790628,-0.1362057350886265,0.20165248512253486,-0.013896590761812584,0.07907676867984409,-0.18913994758166247,0.25458669761557084
multihop,1,position_main_minus_raw,position_main_minus_raw:all_common_any_layer,any_layer,0 1 2 3 4 5 6 7 8 9 10 11 12 13 14 15 16 17 18 19 20 21 22 23 24 25 26 27 28 29 30 31 32 33 34 35 36 37 38 39 40 41 42 43 44 45 46 47 48 49 50 51 52 53 54 55 56 57 58 59 60 61 62 63 64 65 66 67 68 69 70 71 72 73 74 75 76 77 78 79 80 81 82 83 84 85 86 87 88 89 90 91 92 93 94 95 96 97 98 99 100 101 102 103 104 105 106 107 108 109 110 111 112 113 114 115 116 117 118 119 120 121 122 123 124 125 126 127 128 129 130 131 132 133 134 135 136 137 138 139 140 141 142 143 144 145 146 147 148 149 150 151 152 153 154 155 156 157 158 159 160 161 162 163 164 165 166 167 168 169 170 171 172 173 174 175 176 177 178 179 180 181 182 183 184 185 186 187 188 189 190,-0.12573877557368032,-0.2070497045887357,-0.047326418490101385,-0.294667885679261,0.043190334531900354,-0.21757529004040177,-0.04504532244119059,-0.347602098172297,0.09612454702493634
multihop,1,position_main_minus_raw,position_main_minus_raw:loop4_late_any_layer,any_layer,176 177 178 179 180 181 182 183 184 185 186 187 188 189 190,0.01757371850607718,-0.0484511859217694,0.08440378563279088,-0.1513553915995035,0.18650282861165784,-0.041119530369828364,0.07838834084151158,-0.2042896040925395,0.23943704110469383
multihop,1,position_sampled_sum_minus_raw,position_sampled_sum_minus_raw:loop1_early_mean,fixed_mean,0 1 2 3 4 5 6 7 8 9 10 11 12 13 14 15,-0.0034596372888329027,-0.009860603472407782,0.0015410620398115982,-0.17238874739441357,0.1654694728167478,-0.009835635360809957,0.001531778021724074,-0.22532295988744955,0.21840368530978377
multihop,1,position_sampled_sum_minus_raw,position_sampled_sum_minus_raw:loop1_middle_mean,fixed_mean,16 17 18 19 20 21 22 23 24 25 26 27 28 29 30 31,-0.06969383465946766,-0.11099516686203469,-0.03381547048167094,-0.23862294476504833,0.09923527544611302,-0.11789976539508025,-0.028501543472960404,-0.2915571572580843,0.152169487939149
multihop,1,position_sampled_sum_minus_raw,position_sampled_sum_minus_raw:loop1_final_third_mean,fixed_mean,32 33 34 35 36 37 38 39 40 41 42 43 44 45 46 47,-0.08353021011382418,-0.11895508073443525,-0.05067159600857251,-0.25245932021940487,0.0853988999917565,-0.11822390244719441,-0.051362185048525015,-0.30539353271244085,0.13833311248479246
multihop,1,position_sampled_sum_minus_raw,position_sampled_sum_minus_raw:loop1_historical_local_mean,fixed_mean,25 26 27 28 29 30 31 32 33 34 35 36,-0.014285336012935228,-0.02859305842142418,-0.002170092572563914,-0.1832144461185159,0.15464377409264546,-0.030192641223189265,-0.00041716166651590143,-0.23614865861155188,0.20757798658568144
multihop,1,position_sampled_sum_minus_raw,position_sampled_sum_minus_raw:loop1_full_loop_mean,fixed_mean,0 1 2 3 4 5 6 7 8 9 10 11 12 13 14 15 16 17 18 19 20 21 22 23 24 25 26 27 28 29 30 31 32 33 34 35 36 37 38 39 40 41 42 43 44 45 46 47,-0.05222789402070823,-0.07405257409492749,-0.0323169347623444,-0.22115700412628891,0.11670121608487244,-0.07680305994338382,-0.030581861149496802,-0.2740912166193249,0.16963542857790842
multihop,1,position_sampled_sum_minus_raw,position_sampled_sum_minus_raw:loop2_early_mean,fixed_mean,48 49 50 51 52 53 54 55 56 57 58 59 60 61 62 63,-0.03242675643874971,-0.04883233008418057,-0.017181580862029724,-0.20135586654433038,0.13650235366683097,-0.04823622974929143,-0.018350638649047703,-0.2542900790373664,0.18943656615986695
multihop,1,position_sampled_sum_minus_raw,position_sampled_sum_minus_raw:loop2_middle_mean,fixed_mean,64 65 66 67 68 69 70 71 72 73 74 75 76 77 78 79,-0.1067829477399872,-0.1538495983049197,-0.06355942314173307,-0.27571205784556785,0.06214616236559348,-0.16057569643067288,-0.059148490950742254,-0.32864627033860383,0.11508037485862946
multihop,1,position_sampled_sum_minus_raw,position_sampled_sum_minus_raw:loop2_final_third_mean,fixed_mean,80 81 82 83 84 85 86 87 88 89 90 91 92 93 94 95,-0.15628464004572198,-0.20159861994066686,-0.11331028558631256,-0.32521375015130266,0.012644470059858692,-0.21127372127877717,-0.10725516639307307,-0.37814796264433864,0.06557868255289467
multihop,1,position_sampled_sum_minus_raw,position_sampled_sum_minus_raw:loop2_historical_local_mean,fixed_mean,73 74 75 76 77 78 79 80 81 82 83 84,-0.0440468014903224,-0.07261676198257082,-0.02095004598055004,-0.21297591159590307,0.12488230861525829,-0.07222624065640977,-0.02031346963842746,-0.26591012408893905,0.17781652110829427
multihop,1,position_sampled_sum_minus_raw,position_sampled_sum_minus_raw:loop2_full_loop_mean,fixed_mean,48 49 50 51 52 53 54 55 56 57 58 59 60 61 62 63 64 65 66 67 68 69 70 71 72 73 74 75 76 77 78 79 80 81 82 83 84 85 86 87 88 89 90 91 92 93 94 95,-0.0984981147414863,-0.1297238999372101,-0.07041672874085103,-0.267427224847067,0.07043099536409438,-0.13453482936559652,-0.06649240958564122,-0.320361437340103,0.12336520785713036
multihop,1,position_sampled_sum_minus_raw,position_sampled_sum_minus_raw:loop3_early_mean,fixed_mean,96 97 98 99 100 101 102 103 104 105 106 107 108 109 110 111,-0.055203135448786224,-0.09154809983852756,-0.01675554016513412,-0.2241322455543669,0.11372597465679446,-0.09497090082461317,-0.01415455136804638,-0.2770664580474029,0.16666018714983044
multihop,1,position_sampled_sum_minus_raw,position_sampled_sum_minus_raw:loop3_middle_mean,fixed_mean,112 113 114 115 116 117 118 119 120 121 122 123 124 125 126 127,-0.15492721680387492,-0.21220282972790575,-0.10194167060097709,-0.3238563269094556,0.014001893301705759,-0.23207459672868397,-0.08995481609426181,-0.3767905394024916,0.06693610579474174
multihop,1,position_sampled_sum_minus_raw,position_sampled_sum_minus_raw:loop3_final_third_mean,fixed_mean,128 129 130 131 132 133 134 135 136 137 138 139 140 141 142 143,-0.17130502644492798,-0.2267398461103653,-0.11981640731586458,-0.34023413655050866,-0.002375916339347306,-0.23738960673511006,-0.11285247967328002,-0.39316834904354464,0.050558296153688675
multihop,1,position_sampled_sum_minus_raw,position_sampled_sum_minus_raw:loop3_historical_local_mean,fixed_mean,121 122 123 124 125 126 127 128 129 130 131 132,-0.0803327040793004,-0.12670124213461914,-0.040581777517169314,-0.24926181418488108,0.08859640602628027,-0.13602177208299648,-0.03418360716729364,-0.30219602667791706,0.14153061851931625
multihop,1,position_sampled_sum_minus_raw,position_sampled_sum_minus_raw:loop3_full_loop_mean,fixed_mean,96 97 98 99 100 101 102 103 104 105 106 107 108 109 110 111 112 113 114 115 116 117 118 119 120 121 122 123 124 125 126 127 128 129 130 131 132 133 134 135 136 137 138 139 140 141 142 143,-0.12714512623252971,-0.16934133602112347,-0.08838780584164174,-0.29607423633811036,0.04178398387305096,-0.1797283110096805,-0.08068124083693334,-0.34900844883114635,0.09471819636608694
multihop,1,position_sampled_sum_minus_raw,position_sampled_sum_minus_raw:loop4_early_mean,fixed_mean,144 145 146 147 148 149 150 151 152 153 154 155 156 157 158 159,-0.05099207138151244,-0.09519726623524885,-0.00858929871767548,-0.2199211814870931,0.11793703872406824,-0.09418223968141362,-0.010332173981965717,-0.2728553939801291,0.17087125121710423
multihop,1,position_sampled_sum_minus_raw,position_sampled_sum_minus_raw:loop4_middle_mean,fixed_mean,160 161 162 163 164 165 166 167 168 169 170 171 172 173 174 175,0.05444051764479676,-0.017015445658624322,0.12747523665285745,-0.11448859246078391,0.22336962775037744,-0.020818366370683482,0.12509809387982168,-0.1674228049538199,0.2763038402434134
multihop,1,position_sampled_sum_minus_raw,position_sampled_sum_minus_raw:loop4_final_third_mean,fixed_mean,176 177 178 179 180 181 182 183 184 185 186 187 188 189 190,0.05474230392039045,0.01107881586431771,0.09990462907589548,-0.11418680618519023,0.22367141402597113,0.010345294176239146,0.10118172626371318,-0.1671210186782262,0.2766056265190071
multihop,1,position_sampled_sum_minus_raw,position_sampled_sum_minus_raw:loop4_historical_local_mean,fixed_mean,169 170 171 172 173 174 175 176 177 178 179 180,0.18105695885920406,0.10348538975459917,0.26267906163685234,0.012127848753623383,0.34998606896478474,0.10488978517894496,0.25888281472988756,-0.0408063637394126,0.4029202814578207
multihop,1,position_sampled_sum_minus_raw,position_sampled_sum_minus_raw:loop4_full_loop_mean,fixed_mean,144 145 146 147 148 149 150 151 152 153 154 155 156 157 158 159 160 161 162 163 164 165 166 167 168 169 170 171 172 173 174 175 176 177 178 179 180 181 182 183 184 185 186 187 188 189 190,0.018644887213157595,-0.023614115244068312,0.0623770620567451,-0.15028422289242307,0.18757399731873828,-0.026779085449697707,0.06190741619377196,-0.20321843538545906,0.24050820981177426
multihop,1,position_sampled_sum_minus_raw,position_sampled_sum_minus_raw:all_common_any_layer,any_layer,0 1 2 3 4 5 6 7 8 9 10 11 12 13 14 15 16 17 18 19 20 21 22 23 24 25 26 27 28 29 30 31 32 33 34 35 36 37 38 39 40 41 42 43 44 45 46 47 48 49 50 51 52 53 54 55 56 57 58 59 60 61 62 63 64 65 66 67 68 69 70 71 72 73 74 75 76 77 78 79 80 81 82 83 84 85 86 87 88 89 90 91 92 93 94 95 96 97 98 99 100 101 102 103 104 105 106 107 108 109 110 111 112 113 114 115 116 117 118 119 120 121 122 123 124 125 126 127 128 129 130 131 132 133 134 135 136 137 138 139 140 141 142 143 144 145 146 147 148 149 150 151 152 153 154 155 156 157 158 159 160 161 162 163 164 165 166 167 168 169 170 171 172 173 174 175 176 177 178 179 180 181 182 183 184 185 186 187 188 189 190,-0.11851858920798111,-0.19661144052400686,-0.04262527586562786,-0.2874476993135618,0.050410520897599564,-0.208871332544456,-0.040760052491530106,-0.34038191180659777,0.10334473339063555
multihop,1,position_sampled_sum_minus_raw,position_sampled_sum_minus_raw:loop4_late_any_layer,any_layer,176 177 178 179 180 181 182 183 184 185 186 187 188 189 190,0.02997544248069118,-0.03749637716504152,0.09809179715941463,-0.1389536676248895,0.19890455258627185,-0.03033534409108922,0.09551339999271113,-0.19188788011792549,0.25183876507930786
multihop,1,position_diagonal_minus_raw,position_diagonal_minus_raw:loop1_early_mean,fixed_mean,0 1 2 3 4 5 6 7 8 9 10 11 12 13 14 15,-0.0033992508154029513,-0.009799202549963314,0.0016021849538539184,-0.17232836092098364,0.16552985929017772,-0.009784031533677323,0.0016176936269430584,-0.22526257341401962,0.2184640717832137
multihop,1,position_diagonal_minus_raw,position_diagonal_minus_raw:loop1_middle_mean,fixed_mean,16 17 18 19 20 21 22 23 24 25 26 27 28 29 30 31,-0.07091162854030504,-0.11231384907525814,-0.03505118789665626,-0.23984073864588573,0.09801748156527564,-0.11878480557215802,-0.029625488981715468,-0.2927749511389217,0.1509516940583116
multihop,1,position_diagonal_minus_raw,position_diagonal_minus_raw:loop1_final_third_mean,fixed_mean,32 33 34 35 36 37 38 39 40 41 42 43 44 45 46 47,-0.08728423587871952,-0.12326315769476004,-0.054139845703900916,-0.2562133459843002,0.08164487422686116,-0.12248816900302115,-0.05507756161971,-0.30914755847733616,0.13457908671989716
multihop,1,position_diagonal_minus_raw,position_diagonal_minus_raw:loop1_historical_local_mean,fixed_mean,25 26 27 28 29 30 31 32 33 34 35 36,-0.016673956517497764,-0.0325501441593774,-0.003317384317872609,-0.18560306662307843,0.15225515358808292,-0.03398950888977595,-0.0015481735426878707,-0.23853727911611441,0.2051893660811189
multihop,1,position_diagonal_minus_raw,position_diagonal_minus_raw:loop1_full_loop_mean,fixed_mean,0 1 2 3 4 5 6 7 8 9 10 11 12 13 14 15 16 17 18 19 20 21 22 23 24 25 26 27 28 29 30 31 32 33 34 35 36 37 38 39 40 41 42 43 44 45 46 47,-0.05386503841147583,-0.07604461762037358,-0.033819182488441096,-0.2227941485170565,0.11506407169410485,-0.07871913460174752,-0.03215866478349698,-0.27572836101009246,0.16799828418714083
multihop,1,position_diagonal_minus_raw,position_diagonal_minus_raw:loop2_early_mean,fixed_mean,48 49 50 51 52 53 54 55 56 57 58 59 60 61 62 63,-0.031460720869932804,-0.0482140080845771,-0.015524299381272809,-0.2003898309755135,0.13746838923564786,-0.04827736133545715,-0.015990960418888554,-0.2533240434685495,0.19040260172868384
multihop,1,position_diagonal_minus_raw,position_diagonal_minus_raw:loop2_middle_mean,fixed_mean,64 65 66 67 68 69 70 71 72 73 74 75 76 77 78 79,-0.10093269444197032,-0.14959749574626163,-0.055491235821019246,-0.269861804547551,0.06799641566361035,-0.1578391438461046,-0.04935717027291747,-0.32279601704058697,0.12093062815664633
multihop,1,position_diagonal_minus_raw,position_diagonal_minus_raw:loop2_final_third_mean,fixed_mean,80 81 82 83 84 85 86 87 88 89 90 91 92 93 94 95,-0.15622897651201229,-0.20162383371222886,-0.11279046990511003,-0.32515808661759293,0.012700133593568391,-0.21119528426489154,-0.10714662914258788,-0.3780922991106289,0.06563434608660437
multihop,1,position_diagonal_minus_raw,position_diagonal_minus_raw:loop2_historical_local_mean,fixed_mean,73 74 75 76 77 78 79 80 81 82 83 84,-0.040653701394514595,-0.06950789302339774,-0.01686213827318367,-0.20958281150009528,0.12827540871106607,-0.06945706661621862,-0.015679247369068082,-0.26251702399313126,0.18120962120410206
multihop,1,position_diagonal_minus_raw,position_diagonal_minus_raw:loop2_full_loop_mean,fixed_mean,48 49 50 51 52 53 54 55 56 57 58 59 60 61 62 63 64 65 66 67 68 69 70 71 72 73 74 75 76 77 78 79 80 81 82 83 84 85 86 87 88 89 90 91 92 93 94 95,-0.09620746394130514,-0.12790758454341916,-0.06678624906675185,-0.26513657404688584,0.07272164616427554,-0.13376272285284166,-0.06213791323865018,-0.3180707865399218,0.12565585865731152
multihop,1,position_diagonal_minus_raw,position_diagonal_minus_raw:loop3_early_mean,fixed_mean,96 97 98 99 100 101 102 103 104 105 106 107 108 109 110 111,-0.04241520401332355,-0.08231749957851409,0.0015799398083643987,-0.21134431411890423,0.12651390609225713,-0.08777861762606243,0.0027288998144129285,-0.2642785266119402,0.1794481185852931
multihop,1,position_diagonal_minus_raw,position_diagonal_minus_raw:loop3_middle_mean,fixed_mean,112 113 114 115 116 117 118 119 120 121 122 123 124 125 126 127,-0.13202206589247573,-0.20122177121240561,-0.06215216896478106,-0.30095117599805643,0.03690704421310495,-0.22026256374443026,-0.05315093343386638,-0.3538853884910924,0.08984125670614093
multihop,1,position_diagonal_minus_raw,position_diagonal_minus_raw:loop3_final_third_mean,fixed_mean,128 129 130 131 132 133 134 135 136 137 138 139 140 141 142 143,-0.16619460906253042,-0.2230561701672972,-0.11107653148278923,-0.3351237191681111,0.002734501043050258,-0.23638428847298826,-0.10376321624838523,-0.3880579316611471,0.05566871353608624
multihop,1,position_diagonal_minus_raw,position_diagonal_minus_raw:loop3_historical_local_mean,fixed_mean,121 122 123 124 125 126 127 128 129 130 131 132,-0.07618731199548344,-0.12961981189416186,-0.025913096230272367,-0.2451164221010641,0.09274179811009724,-0.13913652399381457,-0.019784858388141542,-0.2980506345941001,0.14567601060313323
multihop,1,position_diagonal_minus_raw,position_diagonal_minus_raw:loop3_full_loop_mean,fixed_mean,96 97 98 99 100 101 102 103 104 105 106 107 108 109 110 111 112 113 114 115 116 117 118 119 120 121 122 123 124 125 126 127 128 129 130 131 132 133 134 135 136 137 138 139 140 141 142 143,-0.11354395965610989,-0.16098141430071983,-0.06483839477617243,-0.28247306976169057,0.05538515044947079,-0.17340777861726112,-0.058692136979673695,-0.33540728225472655,0.10831936294250677
multihop,1,position_diagonal_minus_raw,position_diagonal_minus_raw:loop4_early_mean,fixed_mean,144 145 146 147 148 149 150 151 152 153 154 155 156 157 158 159,-0.043458293305425146,-0.09671236199207851,0.012339702034195342,-0.21238740341100582,0.12547081680015554,-0.10116183914468045,0.010630522872956849,-0.2653216159040418,0.17840502929319152
multihop,1,position_diagonal_minus_raw,position_diagonal_minus_raw:loop4_middle_mean,fixed_mean,160 161 162 163 164 165 166 167 168 169 170 171 172 173 174 175,0.018488369462717678,-0.056303286103494325,0.09672884252234497,-0.150440740642863,0.18741747956829835,-0.06990370156852893,0.10261514223085327,-0.20337495313589898,0.24035169206133433
multihop,1,position_diagonal_minus_raw,position_diagonal_minus_raw:loop4_final_third_mean,fixed_mean,176 177 178 179 180 181 182 183 184 185 186 187 188 189 190,-0.047112806715687454,-0.08331471938404032,-0.012725926526786367,-0.21604191682126814,0.12181630338989322,-0.09394133477770403,-0.004900283899154995,-0.2689761293143041,0.1747505158829292
multihop,1,position_diagonal_minus_raw,position_diagonal_minus_raw:loop4_historical_local_mean,fixed_mean,169 170 171 172 173 174 175 176 177 178 179 180,0.05708540512366652,-0.006904951493479835,0.12247522201792967,-0.11184370498191415,0.2260145152292472,-0.011791831457553753,0.12198998613072737,-0.16477791747495013,0.2789487277222832
multihop,1,position_diagonal_minus_raw,position_diagonal_minus_raw:loop4_full_loop_mean,fixed_mean,144 145 146 147 148 149 150 151 152 153 154 155 156 157 158 159 160 161 162 163 164 165 166 167 168 169 170 171 172 173 174 175 176 177 178 179 180 181 182 183 184 185 186 187 188 189 190,-0.023536401749332574,-0.06770875284521327,0.021743037136814483,-0.19246551185491326,0.1453927083562481,-0.07848757228678951,0.027369464519367597,-0.24539972434794924,0.19832692084928408
multihop,1,position_diagonal_minus_raw,position_diagonal_minus_raw:all_common_any_layer,any_layer,0 1 2 3 4 5 6 7 8 9 10 11 12 13 14 15 16 17 18 19 20 21 22 23 24 25 26 27 28 29 30 31 32 33 34 35 36 37 38 39 40 41 42 43 44 45 46 47 48 49 50 51 52 53 54 55 56 57 58 59 60 61 62 63 64 65 66 67 68 69 70 71 72 73 74 75 76 77 78 79 80 81 82 83 84 85 86 87 88 89 90 91 92 93 94 95 96 97 98 99 100 101 102 103 104 105 106 107 108 109 110 111 112 113 114 115 116 117 118 119 120 121 122 123 124 125 126 127 128 129 130 131 132 133 134 135 136 137 138 139 140 141 142 143 144 145 146 147 148 149 150 151 152 153 154 155 156 157 158 159 160 161 162 163 164 165 166 167 168 169 170 171 172 173 174 175 176 177 178 179 180 181 182 183 184 185 186 187 188 189 190,-0.1724828542708452,-0.2580026515617423,-0.08958016997988179,-0.34141196437642585,-0.003553744165264522,-0.273888526416659,-0.08315054907706287,-0.39434617686946183,0.04938046832777146
multihop,1,position_diagonal_minus_raw,position_diagonal_minus_raw:loop4_late_any_layer,any_layer,176 177 178 179 180 181 182 183 184 185 186 187 188 189 190,-0.04909058006359223,-0.11624763190300272,0.01724164061759963,-0.21801969016917291,0.11983853004198844,-0.11649359994834052,0.016295819365970465,-0.27095390266220887,0.17277274253502442
order-ops,1,target_main_minus_penultimate,target_main_minus_penultimate:loop1_early_mean,fixed_mean,0 1 2 3 4 5 6 7 8 9 10 11 12 13 14 15,0.0,0.0,0.0,-0.16892911010558068,0.16892911010558068,0.0,0.0,-0.22186332259861666,0.22186332259861666
order-ops,1,target_main_minus_penultimate,target_main_minus_penultimate:loop1_middle_mean,fixed_mean,16 17 18 19 20 21 22 23 24 25 26 27 28 29 30 31,0.0,0.0,0.0,-0.16892911010558068,0.16892911010558068,0.0,0.0,-0.22186332259861666,0.22186332259861666
order-ops,1,target_main_minus_penultimate,target_main_minus_penultimate:loop1_final_third_mean,fixed_mean,32 33 34 35 36 37 38 39 40 41 42 43 44 45 46 47,0.002356711915535445,-0.0001885369532428356,0.006127450980392157,-0.16657239819004524,0.1712858220211161,-0.00029434850863422295,0.0078125,-0.21950661068308122,0.2242200345141521
order-ops,1,target_main_minus_penultimate,target_main_minus_penultimate:loop1_historical_local_mean,fixed_mean,25 26 27 28 29 30 31 32 33 34 35 36,0.0,0.0,0.0,-0.16892911010558068,0.16892911010558068,0.0,0.0,-0.22186332259861666,0.22186332259861666
order-ops,1,target_main_minus_penultimate,target_main_minus_penultimate:loop1_full_loop_mean,fixed_mean,0 1 2 3 4 5 6 7 8 9 10 11 12 13 14 15 16 17 18 19 20 21 22 23 24 25 26 27 28 29 30 31 32 33 34 35 36 37 38 39 40 41 42 43 44 45 46 47,0.0007855706385118149,-6.28456510809452e-05,0.0020424836601307186,-0.16814353946706886,0.1697146807440925,-9.811616954474098e-05,0.0026041666666666665,-0.22107775196010485,0.22264889323712847
order-ops,1,target_main_minus_penultimate,target_main_minus_penultimate:loop2_early_mean,fixed_mean,48 49 50 51 52 53 54 55 56 57 58 59 60 61 62 63,-0.03865007541478129,-0.08239064856711917,-0.004524886877828054,-0.20757918552036198,0.13027903469079938,-0.09573642584123948,0.00732996781044667,-0.26051339801339796,0.18321324718383536
order-ops,1,target_main_minus_penultimate,target_main_minus_penultimate:loop2_middle_mean,fixed_mean,64 65 66 67 68 69 70 71 72 73 74 75 76 77 78 79,0.010086726998491703,-0.02026772247360482,0.04214036576168926,-0.15884238310708898,0.17901583710407237,-0.014850872507122507,0.03870899321266967,-0.21177659560012496,0.23195004959710835
order-ops,1,target_main_minus_penultimate,target_main_minus_penultimate:loop2_final_third_mean,fixed_mean,80 81 82 83 84 85 86 87 88 89 90 91 92 93 94 95,0.06749622926093517,0.011972096530920073,0.12952488687782804,-0.10143288084464551,0.23642533936651583,0.008012064586357044,0.1414664100859247,-0.1543670933376815,0.2893595518595518
order-ops,1,target_main_minus_penultimate,target_main_minus_penultimate:loop2_historical_local_mean,fixed_mean,73 74 75 76 77 78 79 80 81 82 83 84,0.010558069381598792,-0.04059829059829059,0.06523692810457511,-0.1583710407239819,0.17948717948717946,-0.030717147435897433,0.05605910633484162,-0.21130525321701787,0.23242139198021544
order-ops,1,target_main_minus_penultimate,target_main_minus_penultimate:loop2_full_loop_mean,fixed_mean,48 49 50 51 52 53 54 55 56 57 58 59 60 61 62 63 64 65 66 67 68 69 70 71 72 73 74 75 76 77 78 79 80 81 82 83 84 85 86 87 88 89 90 91 92 93 94 95,0.012977626948215186,-0.014423862493715429,0.04138386123680241,-0.15595148315736548,0.18190673705379587,-0.018367960164835162,0.0497712257980115,-0.20888569565040147,0.23484094954683185
order-ops,1,target_main_minus_penultimate,target_main_minus_penultimate:loop3_early_mean,fixed_mean,96 97 98 99 100 101 102 103 104 105 106 107 108 109 110 111,0.009049773755656113,-0.03412518853695324,0.05392156862745099,-0.15987933634992457,0.17797888386123678,-0.03781036475686899,0.06976696047008546,-0.21281354884296055,0.23091309635427276
order-ops,1,target_main_minus_penultimate,target_main_minus_penultimate:loop3_middle_mean,fixed_mean,112 113 114 115 116 117 118 119 120 121 122 123 124 125 126 127,0.019890648567119154,-0.0016968325791855232,0.0439291101055807,-0.1490384615384615,0.18881975867269984,-0.0036232152045279184,0.05158567221067221,-0.2019726740314975,0.24175397116573583
order-ops,1,target_main_minus_penultimate,target_main_minus_penultimate:loop3_final_third_mean,fixed_mean,128 129 130 131 132 133 134 135 136 137 138 139 140 141 142 143,0.02017345399698341,0.004145456259426849,0.039121417797888386,-0.14875565610859726,0.1891025641025641,7.5604838709679e-05,0.04440063854489164,-0.20168986860163324,0.24203677659560008
order-ops,1,target_main_minus_penultimate,target_main_minus_penultimate:loop3_historical_local_mean,fixed_mean,121 122 123 124 125 126 127 128 129 130 131 132,0.03695324283559578,0.01646556058320764,0.060834590246354944,-0.1319758672699849,0.20588235294117646,0.008169648978472508,0.07548186188811189,-0.18491007976302087,0.25881656543421244
order-ops,1,target_main_minus_penultimate,target_main_minus_penultimate:loop3_full_loop_mean,fixed_mean,96 97 98 99 100 101 102 103 104 105 106 107 108 109 110 111 112 113 114 115 116 117 118 119 120 121 122 123 124 125 126 127 128 129 130 131 132 133 134 135 136 137 138 139 140 141 142 143,0.01637129210658623,-0.005216189039718449,0.03931074032176972,-0.15255781799899445,0.1853004022121669,-0.009534438775510204,0.04951119786646103,-0.20549203049203044,0.23823461470520288
order-ops,1,target_main_minus_penultimate,target_main_minus_penultimate:loop4_early_mean,fixed_mean,144 145 146 147 148 149 150 151 152 153 154 155 156 157 158 159,0.07466063348416292,0.025827205882352943,0.13169306184012067,-0.09426847662141775,0.2435897435897436,0.02788378647214855,0.13569893053375187,-0.14720268911445372,0.2965239560827796
order-ops,1,target_main_minus_penultimate,target_main_minus_penultimate:loop4_middle_mean,fixed_mean,160 161 162 163 164 165 166 167 168 169 170 171 172 173 174 175,0.14922699849170443,0.07673218325791857,0.22682173831070876,-0.01970211161387625,0.3181561085972851,0.10270900974025973,0.19951923076923078,-0.07263632410691223,0.3710903210903211
order-ops,1,target_main_minus_penultimate,target_main_minus_penultimate:loop4_final_third_mean,fixed_mean,176 177 178 179 180 181 182 183 184 185 186 187 188 189,0.1279896574014221,0.05634561516914459,0.20922215039862094,-0.04093945270415858,0.29691876750700275,0.06018781218781218,0.19888537388537392,-0.09387366519719456,0.3498529800000387
order-ops,1,target_main_minus_penultimate,target_main_minus_penultimate:loop4_historical_local_mean,fixed_mean,169 170 171 172 173 174 175 176 177 178 179 180,0.17471091000502761,0.08760683760683761,0.2674710910005028,0.005781799899446938,0.3436400201106083,0.12564046333783177,0.22898211889854336,-0.047152412593589044,0.39657423260364427
order-ops,1,target_main_minus_penultimate,target_main_minus_penultimate:loop4_full_loop_mean,fixed_mean,144 145 146 147 148 149 150 151 152 153 154 155 156 157 158 159 160 161 162 163 164 165 166 167 168 169 170 171 172 173 174 175 176 177 178 179 180 181 182 183 184 185 186 187 188 189,0.11682733293986496,0.06029739655059349,0.18099547511312217,-0.05210177716571572,0.2857564430454456,0.07663670460087511,0.16778276071754333,-0.1050359896587517,0.3386906555384816
order-ops,1,target_main_minus_penultimate,target_main_minus_penultimate:all_common_any_layer,any_layer,0 1 2 3 4 5 6 7 8 9 10 11 12 13 14 15 16 17 18 19 20 21 22 23 24 25 26 27 28 29 30 31 32 33 34 35 36 37 38 39 40 41 42 43 44 45 46 47 48 49 50 51 52 53 54 55 56 57 58 59 60 61 62 63 64 65 66 67 68 69 70 71 72 73 74 75 76 77 78 79 80 81 82 83 84 85 86 87 88 89 90 91 92 93 94 95 96 97 98 99 100 101 102 103 104 105 106 107 108 109 110 111 112 113 114 115 116 117 118 119 120 121 122 123 124 125 126 127 128 129 130 131 132 133 134 135 136 137 138 139 140 141 142 143 144 145 146 147 148 149 150 151 152 153 154 155 156 157 158 159 160 161 162 163 164 165 166 167 168 169 170 171 172 173 174 175 176 177 178 179 180 181 182 183 184 185 186 187 188 189,0.004524886877828047,-0.10256410256410257,0.11915535444947208,-0.16440422322775264,0.17345399698340871,-0.08299797570850201,0.0885793554271815,-0.21733843572078862,0.2263882094764447
order-ops,1,target_main_minus_penultimate,target_main_minus_penultimate:loop4_late_any_layer,any_layer,176 177 178 179 180 181 182 183 184 185 186 187 188 189,-0.04374057315233786,-0.14479638009049778,0.060331825037707384,-0.21266968325791855,0.1251885369532428,-0.13562845049687156,0.036983618233618225,-0.2656038957509545,0.1781227494462788
order-ops,1,target_main_minus_raw,target_main_minus_raw:loop1_early_mean,fixed_mean,0 1 2 3 4 5 6 7 8 9 10 11 12 13 14 15,0.0008484162895927591,-0.008107088989441931,0.00820135746606335,-0.16808069381598792,0.16977752639517343,-0.00950854700854701,0.01011631768724696,-0.2210149063090239,0.22271173888820942
order-ops,1,target_main_minus_raw,target_main_minus_raw:loop1_middle_mean,fixed_mean,16 17 18 19 20 21 22 23 24 25 26 27 28 29 30 31,-0.36283936651583715,-0.4611661010558069,-0.26460925716440425,-0.5317684766214178,-0.19391025641025647,-0.5093213246837196,-0.2481422502725008,-0.5847026891144538,-0.1409760439172205
order-ops,1,target_main_minus_raw,target_main_minus_raw:loop1_final_third_mean,fixed_mean,32 33 34 35 36 37 38 39 40 41 42 43 44 45 46 47,-0.3401206636500755,-0.44956636500754144,-0.23322021116138764,-0.5090497737556562,-0.1711915535444948,-0.5354809214799979,-0.17890435886229158,-0.5619839862486922,-0.11825734105145883
order-ops,1,target_main_minus_raw,target_main_minus_raw:loop1_historical_local_mean,fixed_mean,25 26 27 28 29 30 31 32 33 34 35 36,-0.40887380593262934,-0.532180115635998,-0.28770424836601305,-0.57780291603821,-0.23994469582704867,-0.6237084406821249,-0.2523208014048531,-0.630737128531246,-0.18701048333401268
order-ops,1,target_main_minus_raw,target_main_minus_raw:loop1_full_loop_mean,fixed_mean,0 1 2 3 4 5 6 7 8 9 10 11 12 13 14 15 16 17 18 19 20 21 22 23 24 25 26 27 28 29 30 31 32 33 34 35 36 37 38 39 40 41 42 43 44 45 46 47,-0.23403720462543995,-0.3008774824032177,-0.16789215686274508,-0.4029663147310206,-0.06510809451985927,-0.3476151660839161,-0.14603114983974363,-0.4559005272240566,-0.01217388202682329
order-ops,1,target_main_minus_raw,target_main_minus_raw:loop2_early_mean,fixed_mean,48 49 50 51 52 53 54 55 56 57 58 59 60 61 62 63,-0.0993589743589744,-0.15516826923076923,-0.049582861990950244,-0.2682880844645551,0.06957013574660628,-0.21176741136770208,-0.010723824786324799,-0.3212222969575911,0.12250434823964226
order-ops,1,target_main_minus_raw,target_main_minus_raw:loop2_middle_mean,fixed_mean,64 65 66 67 68 69 70 71 72 73 74 75 76 77 78 79,0.04449472096530919,-0.03799019607843138,0.1329232654600301,-0.1244343891402715,0.21342383107088986,-0.08889398159805278,0.16387898798997932,-0.17736860163330748,0.26635804356392584
order-ops,1,target_main_minus_raw,target_main_minus_raw:loop2_final_third_mean,fixed_mean,80 81 82 83 84 85 86 87 88 89 90 91 92 93 94 95,0.0677790346907994,-0.023001508295625937,0.15771116138763194,-0.10115007541478127,0.23670814479638008,-0.029547958551864803,0.15720330823891868,-0.15408428790781725,0.28964235728941606
order-ops,1,target_main_minus_raw,target_main_minus_raw:loop2_historical_local_mean,fixed_mean,73 74 75 76 77 78 79 80 81 82 83 84,0.12833081950729008,0.016339869281045746,0.2440956510809451,-0.04059829059829059,0.29725992961287073,-0.0386388326585695,0.2760691391941392,-0.09353250309132657,0.3501941421059067
order-ops,1,target_main_minus_raw,target_main_minus_raw:loop2_full_loop_mean,fixed_mean,48 49 50 51 52 53 54 55 56 57 58 59 60 61 62 63 64 65 66 67 68 69 70 71 72 73 74 75 76 77 78 79 80 81 82 83 84 85 86 87 88 89 90 91 92 93 94 95,0.004304927099044742,-0.05056011186525891,0.060331825037707364,-0.16462418300653595,0.1732340372046254,-0.06784400495337996,0.07341137123745815,-0.21755839549957193,0.2261682496976614
order-ops,1,target_main_minus_raw,target_main_minus_raw:loop3_early_mean,fixed_mean,96 97 98 99 100 101 102 103 104 105 106 107 108 109 110 111,0.09558823529411768,0.01621417797888387,0.18090356334841626,-0.073340874811463,0.26451734539969834,0.020681921262699555,0.17603088695578611,-0.126275087304499,0.3174515578927343
order-ops,1,target_main_minus_raw,target_main_minus_raw:loop3_middle_mean,fixed_mean,112 113 114 115 116 117 118 119 120 121 122 123 124 125 126 127,0.08116515837104071,-0.00103930995475113,0.16723699095022612,-0.08776395173453996,0.2500942684766214,-0.038361804418985276,0.20283209567555088,-0.14069816422757594,0.3030284809696574
order-ops,1,target_main_minus_raw,target_main_minus_raw:loop3_final_third_mean,fixed_mean,128 129 130 131 132 133 134 135 136 137 138 139 140 141 142 143,-0.09879336349924586,-0.16770361990950228,-0.034971248114630496,-0.26772247360482654,0.07013574660633481,-0.16877208078379952,-0.03276821862348178,-0.3206566860978625,0.1230699590993708
order-ops,1,target_main_minus_raw,target_main_minus_raw:loop3_historical_local_mean,fixed_mean,121 122 123 124 125 126 127 128 129 130 131 132,0.0485168426344897,-0.02225050276520865,0.11664152840623428,-0.12041226747109098,0.2174459527400704,-0.044715713656262424,0.13541718030900718,-0.17334647996412694,0.2703801652331064
order-ops,1,target_main_minus_raw,target_main_minus_raw:loop3_full_loop_mean,fixed_mean,96 97 98 99 100 101 102 103 104 105 106 107 108 109 110 111 112 113 114 115 116 117 118 119 120 121 122 123 124 125 126 127 128 129 130 131 132 133 134 135 136 137 138 139 140 141 142 143,0.02598667672197081,-0.022718702865761695,0.0766402714932126,-0.14294243338360987,0.19491578682755148,-0.025937618610829972,0.08114546467252257,-0.19587664587664586,0.24784999932058746
order-ops,1,target_main_minus_raw,target_main_minus_raw:loop4_early_mean,fixed_mean,144 145 146 147 148 149 150 151 152 153 154 155 156 157 158 159,0.011689291101055802,-0.054110105580693825,0.08229873680241322,-0.15723981900452488,0.18061840120663647,-0.06731019631410257,0.11047718903436983,-0.21017403149756086,0.23355261369967245
order-ops,1,target_main_minus_raw,target_main_minus_raw:loop4_middle_mean,fixed_mean,160 161 162 163 164 165 166 167 168 169 170 171 172 173 174 175,0.054864253393665144,-0.019798736802413265,0.13310708898944196,-0.11406485671191553,0.22379336349924583,-0.0053912833960911115,0.09501666683880026,-0.1669990692049515,0.2767275759922818
order-ops,1,target_main_minus_raw,target_main_minus_raw:loop4_final_third_mean,fixed_mean,176 177 178 179 180 181 182 183 184 185 186 187 188 189,-0.06701141995259643,-0.13639301874595994,-0.0030165912518853775,-0.2359405300581771,0.10191769015298424,-0.1469405942489567,-0.011856564488143456,-0.2888747425512131,0.15485190264602022
order-ops,1,target_main_minus_raw,target_main_minus_raw:loop4_historical_local_mean,fixed_mean,169 170 171 172 173 174 175 176 177 178 179 180,0.08207642031171443,-0.007541478129713434,0.17094331322272494,-0.08685268979386625,0.2510055304172951,-0.016250161162951863,0.15266046589576,-0.13978690228690221,0.3039397429103311
order-ops,1,target_main_minus_raw,target_main_minus_raw:loop4_full_loop_mean,fixed_mean,144 145 146 147 148 149 150 151 152 153 154 155 156 157 158 159 160 161 162 163 164 165 166 167 168 169 170 171 172 173 174 175 176 177 178 179 180 181 182 183 184 185 186 187 188 189,0.0027542789691127356,-0.0419707849695062,0.0499377008328415,-0.16617483113646794,0.1716833890746934,-0.0442353929380577,0.04994780500117739,-0.21910904362950392,0.2246176015677294
order-ops,1,target_main_minus_raw,target_main_minus_raw:all_common_any_layer,any_layer,0 1 2 3 4 5 6 7 8 9 10 11 12 13 14 15 16 17 18 19 20 21 22 23 24 25 26 27 28 29 30 31 32 33 34 35 36 37 38 39 40 41 42 43 44 45 46 47 48 49 50 51 52 53 54 55 56 57 58 59 60 61 62 63 64 65 66 67 68 69 70 71 72 73 74 75 76 77 78 79 80 81 82 83 84 85 86 87 88 89 90 91 92 93 94 95 96 97 98 99 100 101 102 103 104 105 106 107 108 109 110 111 112 113 114 115 116 117 118 119 120 121 122 123 124 125 126 127 128 129 130 131 132 133 134 135 136 137 138 139 140 141 142 143 144 145 146 147 148 149 150 151 152 153 154 155 156 157 158 159 160 161 162 163 164 165 166 167 168 169 170 171 172 173 174 175 176 177 178 179 180 181 182 183 184 185 186 187 188 189,-0.015082956259426843,-0.11312217194570133,0.07239819004524888,-0.18401206636500753,0.15384615384615383,-0.12873265730408587,0.0769230769230769,-0.2369462788580435,0.2067803663391898
order-ops,1,target_main_minus_raw,target_main_minus_raw:loop4_late_any_layer,any_layer,176 177 178 179 180 181 182 183 184 185 186 187 188 189,-0.13122171945701358,-0.26696832579185514,0.0015082956259427046,-0.30015082956259426,0.037707390648567096,-0.3009461362436191,0.03248499727223124,-0.35308504205563024,0.09064160314160308
order-ops,1,target_penultimate_minus_raw,target_penultimate_minus_raw:loop1_early_mean,fixed_mean,0 1 2 3 4 5 6 7 8 9 10 11 12 13 14 15,0.0008484162895927591,-0.008107088989441931,0.00820135746606335,-0.16808069381598792,0.16977752639517343,-0.00950854700854701,0.01011631768724696,-0.2210149063090239,0.22271173888820942
order-ops,1,target_penultimate_minus_raw,target_penultimate_minus_raw:loop1_middle_mean,fixed_mean,16 17 18 19 20 21 22 23 24 25 26 27 28 29 30 31,-0.36283936651583715,-0.4611661010558069,-0.26460925716440425,-0.5317684766214178,-0.19391025641025647,-0.5093213246837196,-0.2481422502725008,-0.5847026891144538,-0.1409760439172205
order-ops,1,target_penultimate_minus_raw,target_penultimate_minus_raw:loop1_final_third_mean,fixed_mean,32 33 34 35 36 37 38 39 40 41 42 43 44 45 46 47,-0.3424773755656109,-0.4528657616892911,-0.23472379336349933,-0.5114064856711916,-0.17354826546003024,-0.5376789664216989,-0.1816031525526636,-0.5643406981642276,-0.12061405296699426
order-ops,1,target_penultimate_minus_raw,target_penultimate_minus_raw:loop1_historical_local_mean,fixed_mean,25 26 27 28 29 30 31 32 33 34 35 36,-0.40887380593262934,-0.532180115635998,-0.28770424836601305,-0.57780291603821,-0.23994469582704867,-0.6237084406821249,-0.2523208014048531,-0.630737128531246,-0.18701048333401268
order-ops,1,target_penultimate_minus_raw,target_penultimate_minus_raw:loop1_full_loop_mean,fixed_mean,0 1 2 3 4 5 6 7 8 9 10 11 12 13 14 15 16 17 18 19 20 21 22 23 24 25 26 27 28 29 30 31 32 33 34 35 36 37 38 39 40 41 42 43 44 45 46 47,-0.2348227752639518,-0.30191443564605336,-0.16845776772247364,-0.40375188536953244,-0.06589366515837111,-0.34819043363250696,-0.14663461538461545,-0.4566860978625684,-0.01295945266533513
order-ops,1,target_penultimate_minus_raw,target_penultimate_minus_raw:loop2_early_mean,fixed_mean,48 49 50 51 52 53 54 55 56 57 58 59 60 61 62 63,-0.06070889894419306,-0.12302036199095022,-0.0019772812971342725,-0.22963800904977374,0.10822021116138761,-0.19355980321202096,0.03683485555965392,-0.2825722215428097,0.1611544236544236
order-ops,1,target_penultimate_minus_raw,target_penultimate_minus_raw:loop2_middle_mean,fixed_mean,64 65 66 67 68 69 70 71 72 73 74 75 76 77 78 79,0.03440799396681747,-0.050813065610859735,0.12425056561085966,-0.13452111613876322,0.20333710407239813,-0.10248099476324586,0.15829105814586356,-0.1874553286317992,0.2562713165654341
order-ops,1,target_penultimate_minus_raw,target_penultimate_minus_raw:loop2_final_third_mean,fixed_mean,80 81 82 83 84 85 86 87 88 89 90 91 92 93 94 95,0.0002828054298642485,-0.08201593137254903,0.0816365007541478,-0.16864630467571642,0.16921191553544493,-0.10080777150097674,0.08421236651453382,-0.2215805171687524,0.2221461280284809
order-ops,1,target_penultimate_minus_raw,target_penultimate_minus_raw:loop2_historical_local_mean,fixed_mean,73 74 75 76 77 78 79 80 81 82 83 84,0.11777275012569129,0.0092948717948718,0.22913838612368018,-0.05115635997988939,0.286701860231272,-0.043984837278106516,0.26223776223776224,-0.10409057247292537,0.33963607272430796
order-ops,1,target_penultimate_minus_raw,target_penultimate_minus_raw:loop2_full_loop_mean,fixed_mean,48 49 50 51 52 53 54 55 56 57 58 59 60 61 62 63 64 65 66 67 68 69 70 71 72 73 74 75 76 77 78 79 80 81 82 83 84 85 86 87 88 89 90 91 92 93 94 95,-0.008672699849170457,-0.06966990321769734,0.05593341503267969,-0.17760180995475114,0.16025641025641021,-0.09952745821886448,0.07603687545093792,-0.23053602244778712,0.2131906227494462
order-ops,1,target_penultimate_minus_raw,target_penultimate_minus_raw:loop3_early_mean,fixed_mean,96 97 98 99 100 101 102 103 104 105 106 107 108 109 110 111,0.08653846153846154,0.009521116138763204,0.170911104826546,-0.08239064856711914,0.2554675716440422,-0.0009632554945054943,0.16519462864721485,-0.13532486106015512,0.3084017841370782
order-ops,1,target_penultimate_minus_raw,target_penultimate_minus_raw:loop3_middle_mean,fixed_mean,112 113 114 115 116 117 118 119 120 121 122 123 124 125 126 127,0.06127450980392156,-0.013291855203619909,0.13970588235294112,-0.10765460030165912,0.23020361990950222,-0.04733152354111405,0.16486145929542154,-0.1605888127946951,0.2831378324025382
order-ops,1,target_penultimate_minus_raw,target_penultimate_minus_raw:loop3_final_third_mean,fixed_mean,128 129 130 131 132 133 134 135 136 137 138 139 140 141 142 143,-0.11896681749622927,-0.1963612368024133,-0.04948859351432885,-0.28789592760180993,0.04996229260935141,-0.20267156021062274,-0.0394584725391135,-0.3408301400948459,0.10289650510238739
order-ops,1,target_penultimate_minus_raw,target_penultimate_minus_raw:loop3_historical_local_mean,fixed_mean,121 122 123 124 125 126 127 128 129 130 131 132,0.01156359979889391,-0.05907491201608849,0.07667483660130713,-0.15736551030668677,0.18049270990447458,-0.08456652595372109,0.08727831196581196,-0.21029972279972275,0.23342692239751056
order-ops,1,target_penultimate_minus_raw,target_penultimate_minus_raw:loop3_full_loop_mean,fixed_mean,96 97 98 99 100 101 102 103 104 105 106 107 108 109 110 111 112 113 114 115 116 117 118 119 120 121 122 123 124 125 126 127 128 129 130 131 132 133 134 135 136 137 138 139 140 141 142 143,0.0096153846153846,-0.03261846405228759,0.05451938788335843,-0.15931372549019607,0.17854449472096529,-0.029138743201243197,0.05090896950271943,-0.21224793798323205,0.23147870721400127
order-ops,1,target_penultimate_minus_raw,target_penultimate_minus_raw:loop4_early_mean,fixed_mean,144 145 146 147 148 149 150 151 152 153 154 155 156 157 158 159,-0.06297134238310712,-0.10709134615384618,-0.021113782051282084,-0.2319004524886878,0.10595776772247356,-0.12065609322742477,0.0023437499999999787,-0.2848346649817238,0.15889198021550954
order-ops,1,target_penultimate_minus_raw,target_penultimate_minus_raw:loop4_middle_mean,fixed_mean,160 161 162 163 164 165 166 167 168 169 170 171 172 173 174 175,-0.09436274509803921,-0.15488546380090498,-0.038744343891402716,-0.26329185520361986,0.07456636500754146,-0.15472919937205648,-0.04766237674432014,-0.31622606769665584,0.12750057750057744
order-ops,1,target_penultimate_minus_raw,target_penultimate_minus_raw:loop4_final_third_mean,fixed_mean,176 177 178 179 180 181 182 183 184 185 186 187 188 189,-0.19500107735401856,-0.28517830209006684,-0.105688429217841,-0.36393018745959926,-0.026071967248437883,-0.2796846446236691,-0.11675442612942623,-0.41686439995263525,0.0268622452445981
order-ops,1,target_penultimate_minus_raw,target_penultimate_minus_raw:loop4_historical_local_mean,fixed_mean,169 170 171 172 173 174 175 176 177 178 179 180,-0.09263448969331325,-0.17571644042232276,-0.015079813976872835,-0.26156359979889393,0.07629462041226742,-0.2024915444033092,-0.007369123931623959,-0.3144978122919299,0.1292288329053034
order-ops,1,target_penultimate_minus_raw,target_penultimate_minus_raw:loop4_full_loop_mean,fixed_mean,144 145 146 147 148 149 150 151 152 153 154 155 156 157 158 159 160 161 162 163 164 165 166 167 168 169 170 171 172 173 174 175 176 177 178 179 180 181 182 183 184 185 186 187 188 189,-0.11407305397075222,-0.16410912190963345,-0.06669289789494394,-0.2830021640763329,0.054856056134828454,-0.16661009487407002,-0.06634043600785978,-0.33593637656936887,0.10779026862786444
order-ops,1,target_penultimate_minus_raw,target_penultimate_minus_raw:all_common_any_layer,any_layer,0 1 2 3 4 5 6 7 8 9 10 11 12 13 14 15 16 17 18 19 20 21 22 23 24 25 26 27 28 29 30 31 32 33 34 35 36 37 38 39 40 41 42 43 44 45 46 47 48 49 50 51 52 53 54 55 56 57 58 59 60 61 62 63 64 65 66 67 68 69 70 71 72 73 74 75 76 77 78 79 80 81 82 83 84 85 86 87 88 89 90 91 92 93 94 95 96 97 98 99 100 101 102 103 104 105 106 107 108 109 110 111 112 113 114 115 116 117 118 119 120 121 122 123 124 125 126 127 128 129 130 131 132 133 134 135 136 137 138 139 140 141 142 143 144 145 146 147 148 149 150 151 152 153 154 155 156 157 158 159 160 161 162 163 164 165 166 167 168 169 170 171 172 173 174 175 176 177 178 179 180 181 182 183 184 185 186 187 188 189,-0.019607843137254895,-0.1568627450980392,0.11312217194570136,-0.18853695324283556,0.1493212669683258,-0.14440110595437938,0.11931798360369779,-0.24147116573587155,0.20225547946136177
order-ops,1,target_penultimate_minus_raw,target_penultimate_minus_raw:loop4_late_any_layer,any_layer,176 177 178 179 180 181 182 183 184 185 186 187 188 189,-0.08748114630467568,-0.20060331825037708,0.01809954751131222,-0.2564102564102564,0.081447963800905,-0.22435897435897437,0.03925283210997489,-0.30934446890329237,0.13438217629394097
order-ops,1,position_sampled_sum_minus_diagonal,position_sampled_sum_minus_diagonal:loop1_early_mean,fixed_mean,0 1 2 3 4 5 6 7 8 9 10 11 12 13 14 15,0.0,0.0,0.0,-0.16892911010558068,0.16892911010558068,0.0,0.0,-0.22186332259861666,0.22186332259861666
order-ops,1,position_sampled_sum_minus_diagonal,position_sampled_sum_minus_diagonal:loop1_middle_mean,fixed_mean,16 17 18 19 20 21 22 23 24 25 26 27 28 29 30 31,-0.003865007541478129,-0.012631975867269983,0.0007541478129713424,-0.1727941176470588,0.16506410256410256,-0.01059322033898305,0.0008012820512820513,-0.22572833014009477,0.21799831505713854
order-ops,1,position_sampled_sum_minus_diagonal,position_sampled_sum_minus_diagonal:loop1_final_third_mean,fixed_mean,32 33 34 35 36 37 38 39 40 41 42 43 44 45 46 47,-0.022058823529411766,-0.05118778280542986,9.426847662142077e-05,-0.19098793363499245,0.1468702865761689,-0.050961538461538454,0.0018763000652581789,-0.24392214612802843,0.1998044990692049
order-ops,1,position_sampled_sum_minus_diagonal,position_sampled_sum_minus_diagonal:loop1_historical_local_mean,fixed_mean,25 26 27 28 29 30 31 32 33 34 35 36,-0.005530417295123178,-0.017345399698340872,0.0007541478129713424,-0.17445952740070386,0.1633986928104575,-0.014529914529914529,0.0009157509157509158,-0.22739373989373984,0.21633290530349347
order-ops,1,position_sampled_sum_minus_diagonal,position_sampled_sum_minus_diagonal:loop1_full_loop_mean,fixed_mean,0 1 2 3 4 5 6 7 8 9 10 11 12 13 14 15 16 17 18 19 20 21 22 23 24 25 26 27 28 29 30 31 32 33 34 35 36 37 38 39 40 41 42 43 44 45 46 47,-0.008641277023629964,-0.019450729009552536,-0.00034486551030669737,-0.17757038712921064,0.16028783308195071,-0.017836590492840493,0.00043726528101527886,-0.23050459962224662,0.2132220455749867
order-ops,1,position_sampled_sum_minus_diagonal,position_sampled_sum_minus_diagonal:loop2_early_mean,fixed_mean,48 49 50 51 52 53 54 55 56 57 58 59 60 61 62 63,-0.07400075414781299,-0.15139753016591256,-0.008766968325791864,-0.24292986425339366,0.09492835595776769,-0.12798273601398605,-0.02019040991902837,-0.29586407674642967,0.14786256845080367
order-ops,1,position_sampled_sum_minus_diagonal,position_sampled_sum_minus_diagonal:loop2_middle_mean,fixed_mean,64 65 66 67 68 69 70 71 72 73 74 75 76 77 78 79,-0.0075414781297134395,-0.06702488687782807,0.04487179487179487,-0.17647058823529413,0.16138763197586722,-0.0738817422872159,0.044643308993637935,-0.2294048007283301,0.2143218444689032
order-ops,1,position_sampled_sum_minus_diagonal,position_sampled_sum_minus_diagonal:loop2_final_third_mean,fixed_mean,80 81 82 83 84 85 86 87 88 89 90 91 92 93 94 95,0.06221719457013576,-0.00896021870286576,0.13131834464555053,-0.10671191553544492,0.23114630467571645,-0.029428993262834713,0.1316411019536019,-0.15964612802848088,0.28408051716875243
order-ops,1,position_sampled_sum_minus_diagonal,position_sampled_sum_minus_diagonal:loop2_historical_local_mean,fixed_mean,73 74 75 76 77 78 79 80 81 82 83 84,0.05417295123177476,-0.024384112619406727,0.12883358471593764,-0.11475615887380591,0.22310206133735544,-0.04064136302294197,0.12666544248575493,-0.1676903713668419,0.2760362738303914
order-ops,1,position_sampled_sum_minus_diagonal,position_sampled_sum_minus_diagonal:loop2_full_loop_mean,fixed_mean,48 49 50 51 52 53 54 55 56 57 58 59 60 61 62 63 64 65 66 67 68 69 70 71 72 73 74 75 76 77 78 79 80 81 82 83 84 85 86 87 88 89 90 91 92 93 94 95,-0.006441679235796894,-0.06133735545500254,0.04188819758672698,-0.17537078934137756,0.1624874308697838,-0.0706415474060823,0.04395171350445092,-0.22830500183441355,0.21542164336281977
order-ops,1,position_sampled_sum_minus_diagonal,position_sampled_sum_minus_diagonal:loop3_early_mean,fixed_mean,96 97 98 99 100 101 102 103 104 105 106 107 108 109 110 111,0.033653846153846145,-0.02064479638009049,0.0873868778280543,-0.13527526395173453,0.20258295625942682,-0.015228810541310537,0.07561350686350683,-0.1882094764447705,0.2555171687524628
order-ops,1,position_sampled_sum_minus_diagonal,position_sampled_sum_minus_diagonal:loop3_middle_mean,fixed_mean,112 113 114 115 116 117 118 119 120 121 122 123 124 125 126 127,-0.03261689291101057,-0.09426847662141782,0.019702111613876316,-0.20154600301659126,0.1363122171945701,-0.1146462912087912,0.027899964618714593,-0.25448021550962724,0.18924642968760608
order-ops,1,position_sampled_sum_minus_diagonal,position_sampled_sum_minus_diagonal:loop3_final_third_mean,fixed_mean,128 129 130 131 132 133 134 135 136 137 138 139 140 141 142 143,-0.06957013574660634,-0.12632682880844648,-0.021304675716440423,-0.23849924585218701,0.09935897435897434,-0.18771434294871797,0.005942559565893613,-0.291433458345223,0.15229318685201032
order-ops,1,position_sampled_sum_minus_diagonal,position_sampled_sum_minus_diagonal:loop3_historical_local_mean,fixed_mean,121 122 123 124 125 126 127 128 129 130 131 132,-0.07843137254901962,-0.13989756158873812,-0.025135118149824075,-0.2473604826546003,0.09049773755656106,-0.1944444444444444,0.0005089556500846795,-0.3002946951476363,0.14343195004959702
order-ops,1,position_sampled_sum_minus_diagonal,position_sampled_sum_minus_diagonal:loop3_full_loop_mean,fixed_mean,96 97 98 99 100 101 102 103 104 105 106 107 108 109 110 111 112 113 114 115 116 117 118 119 120 121 122 123 124 125 126 127 128 129 130 131 132 133 134 135 136 137 138 139 140 141 142 143,-0.022844394167923596,-0.06495098039215688,0.015052319004524863,-0.19177350427350426,0.1460847159376571,-0.08612555156000277,0.02316868825870181,-0.24470771676654024,0.19901892843069308
order-ops,1,position_sampled_sum_minus_diagonal,position_sampled_sum_minus_diagonal:loop4_early_mean,fixed_mean,144 145 146 147 148 149 150 151 152 153 154 155 156 157 158 159,-0.02309577677224736,-0.07899698340874811,0.026300904977375555,-0.19202488687782804,0.14583333333333331,-0.07572273532388667,0.020107487851131877,-0.24495909937086402,0.1987675458263693
order-ops,1,position_sampled_sum_minus_diagonal,position_sampled_sum_minus_diagonal:loop4_middle_mean,fixed_mean,160 161 162 163 164 165 166 167 168 169 170 171 172 173 174 175,-0.017722473604826556,-0.05288461538461538,0.01517722473604827,-0.18665158371040724,0.1512066365007541,-0.06685201817413353,0.018429487179487176,-0.23958579620344322,0.2041408489937901
order-ops,1,position_sampled_sum_minus_diagonal,position_sampled_sum_minus_diagonal:loop4_final_third_mean,fixed_mean,176 177 178 179 180 181 182 183 184 185 186 187 188 189 190,-0.0072398190045248854,-0.03348416289592761,0.018803418803418803,-0.17616892911010557,0.1616892911010558,-0.03260657184164647,0.0180084209607749,-0.22910314160314155,0.21462350359409177
order-ops,1,position_sampled_sum_minus_diagonal,position_sampled_sum_minus_diagonal:loop4_historical_local_mean,fixed_mean,169 170 171 172 173 174 175 176 177 178 179 180,-0.011060834590246352,-0.04965120663650077,0.023629964806435394,-0.17998994469582702,0.15786827551533433,-0.04353283679647723,0.0207393129316504,-0.232924157188863,0.21080248800837031
order-ops,1,position_sampled_sum_minus_diagonal,position_sampled_sum_minus_diagonal:loop4_full_loop_mean,fixed_mean,144 145 146 147 148 149 150 151 152 153 154 155 156 157 158 159 160 161 162 163 164 165 166 167 168 169 170 171 172 173 174 175 176 177 178 179 180 181 182 183 184 185 186 187 188 189 190,-0.016206155129809708,-0.04329129360418473,0.008216199736850538,-0.1851352652353904,0.15272295497577096,-0.04480426777200599,0.003317676272388109,-0.23806947772842638,0.20565716746880694
order-ops,1,position_sampled_sum_minus_diagonal,position_sampled_sum_minus_diagonal:all_common_any_layer,any_layer,0 1 2 3 4 5 6 7 8 9 10 11 12 13 14 15 16 17 18 19 20 21 22 23 24 25 26 27 28 29 30 31 32 33 34 35 36 37 38 39 40 41 42 43 44 45 46 47 48 49 50 51 52 53 54 55 56 57 58 59 60 61 62 63 64 65 66 67 68 69 70 71 72 73 74 75 76 77 78 79 80 81 82 83 84 85 86 87 88 89 90 91 92 93 94 95 96 97 98 99 100 101 102 103 104 105 106 107 108 109 110 111 112 113 114 115 116 117 118 119 120 121 122 123 124 125 126 127 128 129 130 131 132 133 134 135 136 137 138 139 140 141 142 143 144 145 146 147 148 149 150 151 152 153 154 155 156 157 158 159 160 161 162 163 164 165 166 167 168 169 170 171 172 173 174 175 176 177 178 179 180 181 182 183 184 185 186 187 188 189 190,-0.02111613876319759,-0.09502262443438914,0.03770739064856712,-0.19004524886877827,0.14781297134238308,-0.15837104072398192,0.046703296703296704,-0.24297946136181425,0.20074718383541906
order-ops,1,position_sampled_sum_minus_diagonal,position_sampled_sum_minus_diagonal:loop4_late_any_layer,any_layer,176 177 178 179 180 181 182 183 184 185 186 187 188 189 190,-0.06334841628959278,-0.14932126696832582,0.009049773755656106,-0.23227752639517346,0.10558069381598789,-0.15581983805668018,4.478010449012047e-19,-0.28521173888820944,0.15851490630902387
order-ops,1,position_main_minus_sampled_sum,position_main_minus_sampled_sum:loop1_early_mean,fixed_mean,0 1 2 3 4 5 6 7 8 9 10 11 12 13 14 15,0.0,0.0,0.0,-0.16892911010558068,0.16892911010558068,0.0,0.0,-0.22186332259861666,0.22186332259861666
order-ops,1,position_main_minus_sampled_sum,position_main_minus_sampled_sum:loop1_middle_mean,fixed_mean,16 17 18 19 20 21 22 23 24 25 26 27 28 29 30 31,0.0,0.0,0.0,-0.16892911010558068,0.16892911010558068,0.0,0.0,-0.22186332259861666,0.22186332259861666
order-ops,1,position_main_minus_sampled_sum,position_main_minus_sampled_sum:loop1_final_third_mean,fixed_mean,32 33 34 35 36 37 38 39 40 41 42 43 44 45 46 47,0.0038650075414781294,0.0,0.010086726998491703,-0.16506410256410256,0.1727941176470588,-0.0001456876456876457,0.011968085106382979,-0.21799831505713854,0.22572833014009477
order-ops,1,position_main_minus_sampled_sum,position_main_minus_sampled_sum:loop1_historical_local_mean,fixed_mean,25 26 27 28 29 30 31 32 33 34 35 36,0.0003770739064856712,0.0,0.0010055304172951233,-0.168552036199095,0.16930618401206635,0.0,0.0008629191321499015,-0.221486248692131,0.22224039650510233
order-ops,1,position_main_minus_sampled_sum,position_main_minus_sampled_sum:loop1_full_loop_mean,fixed_mean,0 1 2 3 4 5 6 7 8 9 10 11 12 13 14 15 16 17 18 19 20 21 22 23 24 25 26 27 28 29 30 31 32 33 34 35 36 37 38 39 40 41 42 43 44 45 46 47,0.0012883358471593763,0.0,0.003362242332830568,-0.1676407742584213,0.17021744595274005,-4.856254856254857e-05,0.003989361702127659,-0.22057498675145729,0.22315165844577603
order-ops,1,position_main_minus_sampled_sum,position_main_minus_sampled_sum:loop2_early_mean,fixed_mean,48 49 50 51 52 53 54 55 56 57 58 59 60 61 62 63,0.019136500754147814,0.0019796380090497745,0.0396870286576169,-0.14979260935143285,0.1880656108597285,-0.0013314636752136742,0.040673592032967026,-0.20272682184446883,0.2409998233527645
order-ops,1,position_main_minus_sampled_sum,position_main_minus_sampled_sum:loop2_middle_mean,fixed_mean,64 65 66 67 68 69 70 71 72 73 74 75 76 77 78 79,0.07211538461538462,0.02573529411764706,0.12198576546003016,-0.09681372549019605,0.24104449472096529,-0.014111623670447196,0.1553600912975913,-0.14974793798323205,0.29397870721400127
order-ops,1,position_main_minus_sampled_sum,position_main_minus_sampled_sum:loop2_final_third_mean,fixed_mean,80 81 82 83 84 85 86 87 88 89 90 91 92 93 94 95,0.029977375565610854,-0.020173453996983403,0.08389894419306182,-0.1389517345399698,0.19890648567119154,-0.030079622412471238,0.09451231986747037,-0.1918859470330058,0.2518406981642275
order-ops,1,position_main_minus_sampled_sum,position_main_minus_sampled_sum:loop2_historical_local_mean,fixed_mean,73 74 75 76 77 78 79 80 81 82 83 84,0.052287581699346414,-0.006158873805932635,0.11601621417797886,-0.11664152840623426,0.2212166918049271,-0.027652622962881228,0.12312113174182139,-0.16957574089927024,0.27415090429796307
order-ops,1,position_main_minus_sampled_sum,position_main_minus_sampled_sum:loop2_full_loop_mean,fixed_mean,48 49 50 51 52 53 54 55 56 57 58 59 60 61 62 63 64 65 66 67 68 69 70 71 72 73 74 75 76 77 78 79 80 81 82 83 84 85 86 87 88 89 90 91 92 93 94 95,0.040409753645047765,0.008766182755153343,0.07563474107591754,-0.12851935646053292,0.20933886375062843,-0.010026570928240918,0.08630002532928065,-0.1814535689535689,0.2622730762436644
order-ops,1,position_main_minus_sampled_sum,position_main_minus_sampled_sum:loop3_early_mean,fixed_mean,96 97 98 99 100 101 102 103 104 105 106 107 108 109 110 111,0.041760935143288096,-0.003959276018099545,0.09587104072398189,-0.12716817496229257,0.21069004524886878,-0.007107166582672835,0.10057137338108316,-0.18010238745532856,0.26362425774190473
order-ops,1,position_main_minus_sampled_sum,position_main_minus_sampled_sum:loop3_middle_mean,fixed_mean,112 113 114 115 116 117 118 119 120 121 122 123 124 125 126 127,0.057598039215686285,0.018002922322775262,0.1053921568627451,-0.11133107088989438,0.22652714932126697,0.014662566489361702,0.10270297306729562,-0.16426528338293037,0.2794613618143029
order-ops,1,position_main_minus_sampled_sum,position_main_minus_sampled_sum:loop3_final_third_mean,fixed_mean,128 129 130 131 132 133 134 135 136 137 138 139 140 141 142 143,0.010180995475113126,-0.0019819947209653087,0.02516968325791855,-0.15874811463046756,0.1791101055806938,0.0003795546558704457,0.026086500305250292,-0.21168232712350354,0.23204431807372977
order-ops,1,position_main_minus_sampled_sum,position_main_minus_sampled_sum:loop3_historical_local_mean,fixed_mean,121 122 123 124 125 126 127 128 129 130 131 132,0.030668677727501256,0.004022121669180491,0.061588738059326284,-0.13826043237807942,0.19959778783308194,0.009196849346305864,0.06278444488163155,-0.1911946448711154,0.2525320003261179
order-ops,1,position_main_minus_sampled_sum,position_main_minus_sampled_sum:loop3_full_loop_mean,fixed_mean,96 97 98 99 100 101 102 103 104 105 106 107 108 109 110 111 112 113 114 115 116 117 118 119 120 121 122 123 124 125 126 127 128 129 130 131 132 133 134 135 136 137 138 139 140 141 142 143,0.03651332327802916,0.009206102312719958,0.06875392785319254,-0.1324157868275515,0.20544243338360985,0.006995478479853485,0.06973393196797452,-0.1853499993205875,0.2583766458766458
order-ops,1,position_main_minus_sampled_sum,position_main_minus_sampled_sum:loop4_early_mean,fixed_mean,144 145 146 147 148 149 150 151 152 153 154 155 156 157 158 159,0.010840874811463048,-0.01555429864253393,0.046757164404223214,-0.15808823529411764,0.1797699849170437,-0.019766171328671325,0.06548066191620873,-0.21102244778715362,0.2327041974100797
order-ops,1,position_main_minus_sampled_sum,position_main_minus_sampled_sum:loop4_middle_mean,fixed_mean,160 161 162 163 164 165 166 167 168 169 170 171 172 173 174 175,0.02630090497737556,0.002828054298642528,0.052884615384615384,-0.14262820512820512,0.19523001508295623,-0.005925853458556948,0.05541958041958041,-0.1955624176212411,0.2481642275759922
order-ops,1,position_main_minus_sampled_sum,position_main_minus_sampled_sum:loop4_final_third_mean,fixed_mean,176 177 178 179 180 181 182 183 184 185 186 187 188 189 190,0.027350427350427354,0.003921568627450981,0.055708898944193036,-0.1415786827551533,0.19627953745600804,0.0019333228247162672,0.06522768344244403,-0.1945128952481893,0.24921374994904402
order-ops,1,position_main_minus_sampled_sum,position_main_minus_sampled_sum:loop4_historical_local_mean,fixed_mean,169 170 171 172 173 174 175 176 177 178 179 180,0.050402212166918044,0.02149007038712921,0.08459024635495224,-0.11852689793866264,0.2193313222724987,0.021728846989603184,0.0838395748987854,-0.17146111043169862,0.2722655347655347
order-ops,1,position_main_minus_sampled_sum,position_main_minus_sampled_sum:loop4_full_loop_mean,fixed_mean,144 145 146 147 148 149 150 151 152 153 154 155 156 157 158 159 160 161 162 163 164 165 166 167 168 169 170 171 172 173 174 175 176 177 178 179 180 181 182 183 184 185 186 187 188 189 190,0.021372869933570807,0.005518917878116877,0.04033968742980006,-0.14755624017200986,0.1903019800391515,0.001751859426779085,0.047862160080558075,-0.20049045266504584,0.24323619253218748
order-ops,1,position_main_minus_sampled_sum,position_main_minus_sampled_sum:all_common_any_layer,any_layer,0 1 2 3 4 5 6 7 8 9 10 11 12 13 14 15 16 17 18 19 20 21 22 23 24 25 26 27 28 29 30 31 32 33 34 35 36 37 38 39 40 41 42 43 44 45 46 47 48 49 50 51 52 53 54 55 56 57 58 59 60 61 62 63 64 65 66 67 68 69 70 71 72 73 74 75 76 77 78 79 80 81 82 83 84 85 86 87 88 89 90 91 92 93 94 95 96 97 98 99 100 101 102 103 104 105 106 107 108 109 110 111 112 113 114 115 116 117 118 119 120 121 122 123 124 125 126 127 128 129 130 131 132 133 134 135 136 137 138 139 140 141 142 143 144 145 146 147 148 149 150 151 152 153 154 155 156 157 158 159 160 161 162 163 164 165 166 167 168 169 170 171 172 173 174 175 176 177 178 179 180 181 182 183 184 185 186 187 188 189 190,0.02564102564102563,-0.016591251885369536,0.08295625942684767,-0.14328808446455504,0.1945701357466063,-0.013846784363177812,0.10140484515484507,-0.19622229695759102,0.2475043482396423
order-ops,1,position_main_minus_sampled_sum,position_main_minus_sampled_sum:loop4_late_any_layer,any_layer,176 177 178 179 180 181 182 183 184 185 186 187 188 189 190,0.049773755656108594,-0.009049773755656111,0.12669683257918554,-0.11915535444947209,0.21870286576168926,-0.007692307692307695,0.13122171945701358,-0.17208956694250807,0.2716370782547253
order-ops,1,position_main_minus_raw,position_main_minus_raw:loop1_early_mean,fixed_mean,0 1 2 3 4 5 6 7 8 9 10 11 12 13 14 15,0.0008484162895927591,-0.008107088989441931,0.00820135746606335,-0.16808069381598792,0.16977752639517343,-0.00950854700854701,0.01011631768724696,-0.2210149063090239,0.22271173888820942
order-ops,1,position_main_minus_raw,position_main_minus_raw:loop1_middle_mean,fixed_mean,16 17 18 19 20 21 22 23 24 25 26 27 28 29 30 31,-0.36283936651583715,-0.4611661010558069,-0.26460925716440425,-0.5317684766214178,-0.19391025641025647,-0.5093213246837196,-0.2481422502725008,-0.5847026891144538,-0.1409760439172205
order-ops,1,position_main_minus_raw,position_main_minus_raw:loop1_final_third_mean,fixed_mean,32 33 34 35 36 37 38 39 40 41 42 43 44 45 46 47,-0.3401206636500755,-0.44956636500754144,-0.23322021116138764,-0.5090497737556562,-0.1711915535444948,-0.5354809214799979,-0.17890435886229158,-0.5619839862486922,-0.11825734105145883
order-ops,1,position_main_minus_raw,position_main_minus_raw:loop1_historical_local_mean,fixed_mean,25 26 27 28 29 30 31 32 33 34 35 36,-0.40887380593262934,-0.532180115635998,-0.28770424836601305,-0.57780291603821,-0.23994469582704867,-0.6237084406821249,-0.2523208014048531,-0.630737128531246,-0.18701048333401268
order-ops,1,position_main_minus_raw,position_main_minus_raw:loop1_full_loop_mean,fixed_mean,0 1 2 3 4 5 6 7 8 9 10 11 12 13 14 15 16 17 18 19 20 21 22 23 24 25 26 27 28 29 30 31 32 33 34 35 36 37 38 39 40 41 42 43 44 45 46 47,-0.23403720462543995,-0.3008774824032177,-0.16789215686274508,-0.4029663147310206,-0.06510809451985927,-0.3476151660839161,-0.14603114983974363,-0.4559005272240566,-0.01217388202682329
order-ops,1,position_main_minus_raw,position_main_minus_raw:loop2_early_mean,fixed_mean,48 49 50 51 52 53 54 55 56 57 58 59 60 61 62 63,-0.0993589743589744,-0.15516826923076923,-0.049582861990950244,-0.2682880844645551,0.06957013574660628,-0.21176741136770208,-0.010723824786324799,-0.3212222969575911,0.12250434823964226
order-ops,1,position_main_minus_raw,position_main_minus_raw:loop2_middle_mean,fixed_mean,64 65 66 67 68 69 70 71 72 73 74 75 76 77 78 79,0.04449472096530919,-0.03799019607843138,0.1329232654600301,-0.1244343891402715,0.21342383107088986,-0.08889398159805278,0.16387898798997932,-0.17736860163330748,0.26635804356392584
order-ops,1,position_main_minus_raw,position_main_minus_raw:loop2_final_third_mean,fixed_mean,80 81 82 83 84 85 86 87 88 89 90 91 92 93 94 95,0.0677790346907994,-0.023001508295625937,0.15771116138763194,-0.10115007541478127,0.23670814479638008,-0.029547958551864803,0.15720330823891868,-0.15408428790781725,0.28964235728941606
order-ops,1,position_main_minus_raw,position_main_minus_raw:loop2_historical_local_mean,fixed_mean,73 74 75 76 77 78 79 80 81 82 83 84,0.12833081950729008,0.016339869281045746,0.2440956510809451,-0.04059829059829059,0.29725992961287073,-0.0386388326585695,0.2760691391941392,-0.09353250309132657,0.3501941421059067
order-ops,1,position_main_minus_raw,position_main_minus_raw:loop2_full_loop_mean,fixed_mean,48 49 50 51 52 53 54 55 56 57 58 59 60 61 62 63 64 65 66 67 68 69 70 71 72 73 74 75 76 77 78 79 80 81 82 83 84 85 86 87 88 89 90 91 92 93 94 95,0.004304927099044742,-0.05056011186525891,0.060331825037707364,-0.16462418300653595,0.1732340372046254,-0.06784400495337996,0.07341137123745815,-0.21755839549957193,0.2261682496976614
order-ops,1,position_main_minus_raw,position_main_minus_raw:loop3_early_mean,fixed_mean,96 97 98 99 100 101 102 103 104 105 106 107 108 109 110 111,0.09558823529411768,0.01621417797888387,0.18090356334841626,-0.073340874811463,0.26451734539969834,0.020681921262699555,0.17603088695578611,-0.126275087304499,0.3174515578927343
order-ops,1,position_main_minus_raw,position_main_minus_raw:loop3_middle_mean,fixed_mean,112 113 114 115 116 117 118 119 120 121 122 123 124 125 126 127,0.08116515837104071,-0.00103930995475113,0.16723699095022612,-0.08776395173453996,0.2500942684766214,-0.038361804418985276,0.20283209567555088,-0.14069816422757594,0.3030284809696574
order-ops,1,position_main_minus_raw,position_main_minus_raw:loop3_final_third_mean,fixed_mean,128 129 130 131 132 133 134 135 136 137 138 139 140 141 142 143,-0.09879336349924586,-0.16770361990950228,-0.034971248114630496,-0.26772247360482654,0.07013574660633481,-0.16877208078379952,-0.03276821862348178,-0.3206566860978625,0.1230699590993708
order-ops,1,position_main_minus_raw,position_main_minus_raw:loop3_historical_local_mean,fixed_mean,121 122 123 124 125 126 127 128 129 130 131 132,0.0485168426344897,-0.02225050276520865,0.11664152840623428,-0.12041226747109098,0.2174459527400704,-0.044715713656262424,0.13541718030900718,-0.17334647996412694,0.2703801652331064
order-ops,1,position_main_minus_raw,position_main_minus_raw:loop3_full_loop_mean,fixed_mean,96 97 98 99 100 101 102 103 104 105 106 107 108 109 110 111 112 113 114 115 116 117 118 119 120 121 122 123 124 125 126 127 128 129 130 131 132 133 134 135 136 137 138 139 140 141 142 143,0.02598667672197081,-0.022718702865761695,0.0766402714932126,-0.14294243338360987,0.19491578682755148,-0.025937618610829972,0.08114546467252257,-0.19587664587664586,0.24784999932058746
order-ops,1,position_main_minus_raw,position_main_minus_raw:loop4_early_mean,fixed_mean,144 145 146 147 148 149 150 151 152 153 154 155 156 157 158 159,0.011689291101055802,-0.054110105580693825,0.08229873680241322,-0.15723981900452488,0.18061840120663647,-0.06731019631410257,0.11047718903436983,-0.21017403149756086,0.23355261369967245
order-ops,1,position_main_minus_raw,position_main_minus_raw:loop4_middle_mean,fixed_mean,160 161 162 163 164 165 166 167 168 169 170 171 172 173 174 175,0.054864253393665144,-0.019798736802413265,0.13310708898944196,-0.11406485671191553,0.22379336349924583,-0.0053912833960911115,0.09501666683880026,-0.1669990692049515,0.2767275759922818
order-ops,1,position_main_minus_raw,position_main_minus_raw:loop4_final_third_mean,fixed_mean,176 177 178 179 180 181 182 183 184 185 186 187 188 189 190,-0.06415284062342885,-0.1294117647058824,-0.003516842634489739,-0.23308195072900953,0.10477626948215182,-0.1390335305719921,-0.012552196283539579,-0.2860161632220455,0.1577104819751878
order-ops,1,position_main_minus_raw,position_main_minus_raw:loop4_historical_local_mean,fixed_mean,169 170 171 172 173 174 175 176 177 178 179 180,0.08207642031171443,-0.007541478129713434,0.17094331322272494,-0.08685268979386625,0.2510055304172951,-0.016250161162951863,0.15266046589576,-0.13978690228690221,0.3039397429103311
order-ops,1,position_main_minus_raw,position_main_minus_raw:loop4_full_loop_mean,fixed_mean,144 145 146 147 148 149 150 151 152 153 154 155 156 157 158 159 160 161 162 163 164 165 166 167 168 169 170 171 172 173 174 175 176 177 178 179 180 181 182 183 184 185 186 187 188 189 190,0.0021822149481724013,-0.04152626680786881,0.0483633387888707,-0.1667468951574083,0.17111132505375307,-0.043969795207520264,0.048669321661849736,-0.21968110765044427,0.22404553754678905
order-ops,1,position_main_minus_raw,position_main_minus_raw:all_common_any_layer,any_layer,0 1 2 3 4 5 6 7 8 9 10 11 12 13 14 15 16 17 18 19 20 21 22 23 24 25 26 27 28 29 30 31 32 33 34 35 36 37 38 39 40 41 42 43 44 45 46 47 48 49 50 51 52 53 54 55 56 57 58 59 60 61 62 63 64 65 66 67 68 69 70 71 72 73 74 75 76 77 78 79 80 81 82 83 84 85 86 87 88 89 90 91 92 93 94 95 96 97 98 99 100 101 102 103 104 105 106 107 108 109 110 111 112 113 114 115 116 117 118 119 120 121 122 123 124 125 126 127 128 129 130 131 132 133 134 135 136 137 138 139 140 141 142 143 144 145 146 147 148 149 150 151 152 153 154 155 156 157 158 159 160 161 162 163 164 165 166 167 168 169 170 171 172 173 174 175 176 177 178 179 180 181 182 183 184 185 186 187 188 189 190,-0.012066365007541487,-0.10256410256410257,0.06938159879336349,-0.18099547511312217,0.15686274509803919,-0.13259362348178136,0.08597285067873305,-0.23392968760615815,0.20979695759107517
order-ops,1,position_main_minus_raw,position_main_minus_raw:loop4_late_any_layer,any_layer,176 177 178 179 180 181 182 183 184 185 186 187 188 189 190,-0.04223227752639518,-0.14781297134238314,0.06184012066365007,-0.21116138763197587,0.1266968325791855,-0.16009090104834786,0.07919764059469923,-0.2640956001250118,0.17963104507222147
order-ops,1,position_sampled_sum_minus_raw,position_sampled_sum_minus_raw:loop1_early_mean,fixed_mean,0 1 2 3 4 5 6 7 8 9 10 11 12 13 14 15,0.0008484162895927591,-0.008107088989441931,0.00820135746606335,-0.16808069381598792,0.16977752639517343,-0.00950854700854701,0.01011631768724696,-0.2210149063090239,0.22271173888820942
order-ops,1,position_sampled_sum_minus_raw,position_sampled_sum_minus_raw:loop1_middle_mean,fixed_mean,16 17 18 19 20 21 22 23 24 25 26 27 28 29 30 31,-0.36283936651583715,-0.4611661010558069,-0.26460925716440425,-0.5317684766214178,-0.19391025641025647,-0.5093213246837196,-0.2481422502725008,-0.5847026891144538,-0.1409760439172205
order-ops,1,position_sampled_sum_minus_raw,position_sampled_sum_minus_raw:loop1_final_third_mean,fixed_mean,32 33 34 35 36 37 38 39 40 41 42 43 44 45 46 47,-0.34398567119155354,-0.454656862745098,-0.23604590874811462,-0.5129147812971342,-0.17505656108597287,-0.5390199929643529,-0.1822702759197325,-0.5658489937901702,-0.12212234859293689
order-ops,1,position_sampled_sum_minus_raw,position_sampled_sum_minus_raw:loop1_historical_local_mean,fixed_mean,25 26 27 28 29 30 31 32 33 34 35 36,-0.40925087983911507,-0.5326797385620915,-0.28795563097033694,-0.5781799899446958,-0.2403217697335344,-0.6244189916182397,-0.2526305142415056,-0.6311142024377318,-0.1873875572404984
order-ops,1,position_sampled_sum_minus_raw,position_sampled_sum_minus_raw:loop1_full_loop_mean,fixed_mean,0 1 2 3 4 5 6 7 8 9 10 11 12 13 14 15 16 17 18 19 20 21 22 23 24 25 26 27 28 29 30 31 32 33 34 35 36 37 38 39 40 41 42 43 44 45 46 47,-0.23532554047259935,-0.3025727438411262,-0.16892753896430368,-0.40425465057818,-0.06639643036701867,-0.348689353543333,-0.14707333151482105,-0.457188863071216,-0.01346221787398269
order-ops,1,position_sampled_sum_minus_raw,position_sampled_sum_minus_raw:loop2_early_mean,fixed_mean,48 49 50 51 52 53 54 55 56 57 58 59 60 61 62 63,-0.1184954751131222,-0.17741562971342387,-0.06532569758672703,-0.28742458521870284,0.05043363499245848,-0.22921750663129975,-0.024344839326281852,-0.3403587977117388,0.10336784748549446
order-ops,1,position_sampled_sum_minus_raw,position_sampled_sum_minus_raw:loop2_middle_mean,fixed_mean,64 65 66 67 68 69 70 71 72 73 74 75 76 77 78 79,-0.027620663650075417,-0.09427083333333335,0.0381787330316742,-0.1965497737556561,0.14130844645550525,-0.11501479289940827,0.04680819049922821,-0.24948398624869209,0.19424265894854123
order-ops,1,position_sampled_sum_minus_raw,position_sampled_sum_minus_raw:loop2_final_third_mean,fixed_mean,80 81 82 83 84 85 86 87 88 89 90 91 92 93 94 95,0.03780165912518853,-0.045814479638009054,0.12283889517345388,-0.13112745098039214,0.20673076923076922,-0.056644423890063425,0.11423698206986248,-0.18406166347342812,0.2596649817238052
order-ops,1,position_sampled_sum_minus_raw,position_sampled_sum_minus_raw:loop2_historical_local_mean,fixed_mean,73 74 75 76 77 78 79 80 81 82 83 84,0.07604323780794368,-0.017345399698340865,0.17257730015082948,-0.09288587229763699,0.24497234791352435,-0.06346420940170937,0.18186246841907217,-0.145820084790673,0.29790656040656033
order-ops,1,position_sampled_sum_minus_raw,position_sampled_sum_minus_raw:loop2_full_loop_mean,fixed_mean,48 49 50 51 52 53 54 55 56 57 58 59 60 61 62 63 64 65 66 67 68 69 70 71 72 73 74 75 76 77 78 79 80 81 82 83 84 85 86 87 88 89 90 91 92 93 94 95,-0.03610482654600304,-0.08446455505279037,0.01175292232277524,-0.2050339366515837,0.13282428355957765,-0.10496922735951993,0.020251175665419837,-0.2579681491446197,0.18575849605261363
order-ops,1,position_sampled_sum_minus_raw,position_sampled_sum_minus_raw:loop3_early_mean,fixed_mean,96 97 98 99 100 101 102 103 104 105 106 107 108 109 110 111,0.05382730015082956,-0.009146398944193059,0.12292845022624431,-0.11510180995475111,0.22275641025641024,-0.014652788090288088,0.12562332983393776,-0.1680360224477871,0.2756906227494462
order-ops,1,position_sampled_sum_minus_raw,position_sampled_sum_minus_raw:loop3_middle_mean,fixed_mean,112 113 114 115 116 117 118 119 120 121 122 123 124 125 126 127,0.023567119155354446,-0.0418552036199095,0.09153704751131218,-0.14536199095022623,0.19249622926093513,-0.06518496038844875,0.1226904908318425,-0.1982962034432622,0.2454304417539711
order-ops,1,position_sampled_sum_minus_raw,position_sampled_sum_minus_raw:loop3_final_third_mean,fixed_mean,128 129 130 131 132 133 134 135 136 137 138 139 140 141 142 143,-0.10897435897435898,-0.17882965686274516,-0.043643947963800944,-0.2779034690799397,0.0599547511312217,-0.17871810868351246,-0.04388521634615388,-0.33083768157297566,0.11288896362425768
order-ops,1,position_sampled_sum_minus_raw,position_sampled_sum_minus_raw:loop3_historical_local_mean,fixed_mean,121 122 123 124 125 126 127 128 129 130 131 132,0.01784816490698842,-0.06347410759175465,0.09188034188034186,-0.15108094519859225,0.1867772750125691,-0.09226493482008188,0.10568566849816836,-0.20401515769162823,0.2397114875056051
order-ops,1,position_sampled_sum_minus_raw,position_sampled_sum_minus_raw:loop3_full_loop_mean,fixed_mean,96 97 98 99 100 101 102 103 104 105 106 107 108 109 110 111 112 113 114 115 116 117 118 119 120 121 122 123 124 125 126 127 128 129 130 131 132 133 134 135 136 137 138 139 140 141 142 143,-0.010526646556058335,-0.053387380593262965,0.033246920563097,-0.17945575666163902,0.15840246354952234,-0.0526557780669623,0.03846153846153844,-0.232389969154675,0.21133667604255832
order-ops,1,position_sampled_sum_minus_raw,position_sampled_sum_minus_raw:loop4_early_mean,fixed_mean,144 145 146 147 148 149 150 151 152 153 154 155 156 157 158 159,0.0008484162895927447,-0.06711915535444948,0.0725890837104072,-0.16808069381598792,0.16977752639517343,-0.0792668269230769,0.09125600961538458,-0.2210149063090239,0.22271173888820942
order-ops,1,position_sampled_sum_minus_raw,position_sampled_sum_minus_raw:loop4_middle_mean,fixed_mean,160 161 162 163 164 165 166 167 168 169 170 171 172 173 174 175,0.0285633484162896,-0.04374057315233784,0.1040794683257918,-0.14036576168929107,0.19749245852187028,-0.04120955433455434,0.08413747710622706,-0.19329997418232706,0.25042667101490623
order-ops,1,position_sampled_sum_minus_raw,position_sampled_sum_minus_raw:loop4_final_third_mean,fixed_mean,176 177 178 179 180 181 182 183 184 185 186 187 188 189 190,-0.0915032679738562,-0.15615887380593263,-0.03167420814479639,-0.26043237807943687,0.07742584213172447,-0.1680051116013188,-0.03954882332279594,-0.31336659057247285,0.13036005462476047
order-ops,1,position_sampled_sum_minus_raw,position_sampled_sum_minus_raw:loop4_historical_local_mean,fixed_mean,169 170 171 172 173 174 175 176 177 178 179 180,0.03167420814479638,-0.048391151332327804,0.11035696329813974,-0.1372549019607843,0.20060331825037706,-0.078756435006435,0.11196678321678319,-0.19018911445382028,0.253537530743413
order-ops,1,position_sampled_sum_minus_raw,position_sampled_sum_minus_raw:loop4_full_loop_mean,fixed_mean,144 145 146 147 148 149 150 151 152 153 154 155 156 157 158 159 160 161 162 163 164 165 166 167 168 169 170 171 172 173 174 175 176 177 178 179 180 181 182 183 184 185 186 187 188 189 190,-0.019190654985398414,-0.06257902506338052,0.02589855909630627,-0.18811976509097908,0.14973845512018227,-0.07456453121346739,0.03253748692190476,-0.24105397758401506,0.20267266761321825
order-ops,1,position_sampled_sum_minus_raw,position_sampled_sum_minus_raw:all_common_any_layer,any_layer,0 1 2 3 4 5 6 7 8 9 10 11 12 13 14 15 16 17 18 19 20 21 22 23 24 25 26 27 28 29 30 31 32 33 34 35 36 37 38 39 40 41 42 43 44 45 46 47 48 49 50 51 52 53 54 55 56 57 58 59 60 61 62 63 64 65 66 67 68 69 70 71 72 73 74 75 76 77 78 79 80 81 82 83 84 85 86 87 88 89 90 91 92 93 94 95 96 97 98 99 100 101 102 103 104 105 106 107 108 109 110 111 112 113 114 115 116 117 118 119 120 121 122 123 124 125 126 127 128 129 130 131 132 133 134 135 136 137 138 139 140 141 142 143 144 145 146 147 148 149 150 151 152 153 154 155 156 157 158 159 160 161 162 163 164 165 166 167 168 169 170 171 172 173 174 175 176 177 178 179 180 181 182 183 184 185 186 187 188 189 190,-0.03770739064856713,-0.14479638009049772,0.0558446455505274,-0.2066365007541478,0.13122171945701355,-0.18295218295218296,0.07211538461538464,-0.2595707132471838,0.18415593195004953
order-ops,1,position_sampled_sum_minus_raw,position_sampled_sum_minus_raw:loop4_late_any_layer,any_layer,176 177 178 179 180 181 182 183 184 185 186 187 188 189 190,-0.09200603318250376,-0.20060331825037703,0.015082956259426844,-0.2609351432880844,0.07692307692307691,-0.21794871794871795,0.02978012131237932,-0.3138693557811204,0.1298572894161129
order-ops,1,position_diagonal_minus_raw,position_diagonal_minus_raw:loop1_early_mean,fixed_mean,0 1 2 3 4 5 6 7 8 9 10 11 12 13 14 15,0.0008484162895927591,-0.008107088989441931,0.00820135746606335,-0.16808069381598792,0.16977752639517343,-0.00950854700854701,0.01011631768724696,-0.2210149063090239,0.22271173888820942
order-ops,1,position_diagonal_minus_raw,position_diagonal_minus_raw:loop1_middle_mean,fixed_mean,16 17 18 19 20 21 22 23 24 25 26 27 28 29 30 31,-0.358974358974359,-0.45616751508295633,-0.2621606334841629,-0.5279034690799397,-0.1900452488687783,-0.508815156882591,-0.24406013054910114,-0.5808376815729757,-0.13711103637574232
order-ops,1,position_diagonal_minus_raw,position_diagonal_minus_raw:loop1_final_third_mean,fixed_mean,32 33 34 35 36 37 38 39 40 41 42 43 44 45 46 47,-0.32192684766214175,-0.42383342760181003,-0.22039734162895927,-0.4908559577677224,-0.15299773755656107,-0.5166092321140398,-0.16527347216384103,-0.5437901702607584,-0.10006352506352509
order-ops,1,position_diagonal_minus_raw,position_diagonal_minus_raw:loop1_historical_local_mean,fixed_mean,25 26 27 28 29 30 31 32 33 34 35 36,-0.40372046254399185,-0.5274007038712921,-0.28167420814479643,-0.5726495726495725,-0.23479135243841118,-0.6229818001199581,-0.2448347832722833,-0.6255837851426085,-0.1818571399453752
order-ops,1,position_diagonal_minus_raw,position_diagonal_minus_raw:loop1_full_loop_mean,fixed_mean,0 1 2 3 4 5 6 7 8 9 10 11 12 13 14 15 16 17 18 19 20 21 22 23 24 25 26 27 28 29 30 31 32 33 34 35 36 37 38 39 40 41 42 43 44 45 46 47,-0.22668426344896933,-0.29078682755153346,-0.16292656485671192,-0.39561337355455,-0.057755153343388654,-0.34026819961118127,-0.13809795306189543,-0.448547586047586,-0.004820940850352673
order-ops,1,position_diagonal_minus_raw,position_diagonal_minus_raw:loop2_early_mean,fixed_mean,48 49 50 51 52 53 54 55 56 57 58 59 60 61 62 63,-0.04449472096530918,-0.11746087858220214,0.03290205505279032,-0.21342383107088986,0.1244343891402715,-0.173665136946387,0.05535027472527471,-0.26635804356392584,0.17736860163330748
order-ops,1,position_diagonal_minus_raw,position_diagonal_minus_raw:loop2_middle_mean,fixed_mean,64 65 66 67 68 69 70 71 72 73 74 75 76 77 78 79,-0.02007918552036201,-0.0844669117647059,0.0509049773755656,-0.18900829562594268,0.14884992458521867,-0.08489687713201433,0.044450810531033835,-0.24194250811897866,0.20178413707825466
order-ops,1,position_diagonal_minus_raw,position_diagonal_minus_raw:loop2_final_third_mean,fixed_mean,80 81 82 83 84 85 86 87 88 89 90 91 92 93 94 95,-0.02441553544494722,-0.09653092006033183,0.049585218702865745,-0.19334464555052788,0.14451357466063347,-0.08711080586080586,0.041253316828974554,-0.24627885804356386,0.19744778715366945
order-ops,1,position_diagonal_minus_raw,position_diagonal_minus_raw:loop2_historical_local_mean,fixed_mean,73 74 75 76 77 78 79 80 81 82 83 84,0.021870286576168938,-0.056812468577174466,0.10407554047259925,-0.14705882352941174,0.1907993966817496,-0.0663413518875281,0.09880214139725006,-0.19999303602244772,0.2437336091747856
order-ops,1,position_diagonal_minus_raw,position_diagonal_minus_raw:loop2_full_loop_mean,fixed_mean,48 49 50 51 52 53 54 55 56 57 58 59 60 61 62 63 64 65 66 67 68 69 70 71 72 73 74 75 76 77 78 79 80 81 82 83 84 85 86 87 88 89 90 91 92 93 94 95,-0.029663147310206143,-0.08600505907491203,0.03246134992458519,-0.19859225741578682,0.13926596279537454,-0.09405125787466845,0.030642758821638118,-0.2515264699088228,0.19220017528841052
order-ops,1,position_diagonal_minus_raw,position_diagonal_minus_raw:loop3_early_mean,fixed_mean,96 97 98 99 100 101 102 103 104 105 106 107 108 109 110 111,0.020173453996983417,-0.04534549396681752,0.092288838612368,-0.14875565610859726,0.1891025641025641,-0.02974832312344914,0.08137994279712861,-0.20168986860163324,0.24203677659560008
order-ops,1,position_diagonal_minus_raw,position_diagonal_minus_raw:loop3_middle_mean,fixed_mean,112 113 114 115 116 117 118 119 120 121 122 123 124 125 126 127,0.056184012066365044,-0.026397530165912505,0.14441930618401203,-0.11274509803921563,0.22511312217194573,-0.07124462076385153,0.20711669580419578,-0.1656793105322516,0.2780473346649817
order-ops,1,position_diagonal_minus_raw,position_diagonal_minus_raw:loop3_final_third_mean,fixed_mean,128 129 130 131 132 133 134 135 136 137 138 139 140 141 142 143,-0.039404223227752624,-0.1093514328808446,0.032805429864253395,-0.20833333333333331,0.12952488687782804,-0.13244479185129385,0.07234246989060046,-0.2612675458263693,0.18245909937086402
order-ops,1,position_diagonal_minus_raw,position_diagonal_minus_raw:loop3_historical_local_mean,fixed_mean,121 122 123 124 125 126 127 128 129 130 131 132,0.09627953745600806,0.015585721468074411,0.18275515334338865,-0.07264957264957261,0.26520864756158874,-0.03477953783804846,0.26156755009696175,-0.1255837851426086,0.3181428600546247
order-ops,1,position_diagonal_minus_raw,position_diagonal_minus_raw:loop3_full_loop_mean,fixed_mean,96 97 98 99 100 101 102 103 104 105 106 107 108 109 110 111 112 113 114 115 116 117 118 119 120 121 122 123 124 125 126 127 128 129 130 131 132 133 134 135 136 137 138 139 140 141 142 143,0.012317747611865257,-0.03377953745600804,0.0621543489190548,-0.15661136249371543,0.18124685771744592,-0.05026869113029828,0.09848305114269781,-0.20954557498675142,0.2341810702104819
order-ops,1,position_diagonal_minus_raw,position_diagonal_minus_raw:loop4_early_mean,fixed_mean,144 145 146 147 148 149 150 151 152 153 154 155 156 157 158 159,0.02394419306184012,-0.06410256410256411,0.11679864253393665,-0.14498491704374056,0.1928733031674208,-0.05665329884079887,0.12491125801282042,-0.19791912953677654,0.24580751566045678
order-ops,1,position_diagonal_minus_raw,position_diagonal_minus_raw:loop4_middle_mean,fixed_mean,160 161 162 163 164 165 166 167 168 169 170 171 172 173 174 175,0.04628582202111614,-0.031768476621417796,0.12669683257918551,-0.12264328808446454,0.21521493212669682,-0.02326177346677016,0.1123254413269657,-0.17557750057750052,0.2681491446197328
order-ops,1,position_diagonal_minus_raw,position_diagonal_minus_raw:loop4_final_third_mean,fixed_mean,176 177 178 179 180 181 182 183 184 185 186 187 188 189 190,-0.08426344896933131,-0.14801407742584216,-0.02352941176470588,-0.253192559074912,0.08466566113624936,-0.16287342657342657,-0.023033293282545532,-0.306126771567948,0.13759987362928533
order-ops,1,position_diagonal_minus_raw,position_diagonal_minus_raw:loop4_historical_local_mean,fixed_mean,169 170 171 172 173 174 175 176 177 178 179 180,0.04273504273504273,-0.04022750125691303,0.12468891402714928,-0.12619406737053795,0.2116641528406234,-0.05957789147127385,0.11726364617465021,-0.17912827986357394,0.2645983653336594
order-ops,1,position_diagonal_minus_raw,position_diagonal_minus_raw:loop4_full_loop_mean,fixed_mean,144 145 146 147 148 149 150 151 152 153 154 155 156 157 158 159 160 161 162 163 164 165 166 167 168 169 170 171 172 173 174 175 176 177 178 179 180 181 182 183 184 185 186 187 188 189 190,-0.0029844998555887104,-0.05320753505985048,0.050608934244729,-0.1719136099611694,0.16594461024999196,-0.052701400254591746,0.04540783313668026,-0.22484782245420537,0.21887882274302795
order-ops,1,position_diagonal_minus_raw,position_diagonal_minus_raw:all_common_any_layer,any_layer,0 1 2 3 4 5 6 7 8 9 10 11 12 13 14 15 16 17 18 19 20 21 22 23 24 25 26 27 28 29 30 31 32 33 34 35 36 37 38 39 40 41 42 43 44 45 46 47 48 49 50 51 52 53 54 55 56 57 58 59 60 61 62 63 64 65 66 67 68 69 70 71 72 73 74 75 76 77 78 79 80 81 82 83 84 85 86 87 88 89 90 91 92 93 94 95 96 97 98 99 100 101 102 103 104 105 106 107 108 109 110 111 112 113 114 115 116 117 118 119 120 121 122 123 124 125 126 127 128 129 130 131 132 133 134 135 136 137 138 139 140 141 142 143 144 145 146 147 148 149 150 151 152 153 154 155 156 157 158 159 160 161 162 163 164 165 166 167 168 169 170 171 172 173 174 175 176 177 178 179 180 181 182 183 184 185 186 187 188 189 190,-0.016591251885369522,-0.11915535444947212,0.0693815987933635,-0.1855203619909502,0.15233785822021115,-0.12275777414075284,0.09312463851937527,-0.2384545744839862,0.20527207071324713
order-ops,1,position_diagonal_minus_raw,position_diagonal_minus_raw:loop4_late_any_layer,any_layer,176 177 178 179 180 181 182 183 184 185 186 187 188 189 190,-0.028657616892911,-0.1251885369532428,0.06485671191553544,-0.19758672699849167,0.14027149321266968,-0.1179516994633274,0.07418623043623028,-0.25052093949152765,0.19320570570570567
