model,seed,task,method_or_contrast,source_index,pass_one_based,physical_block_one_based,native_pass_end,ouro_identity_reference,within_pass_coda_intervention,own,control,excess
ouro,fixed,multihop,raw,0,1,1,False,False,False,0.022727272727272728,0.017310143497389085,0.0054171292298836405
ouro,fixed,multihop,raw,1,1,2,False,False,False,0.045454545454545456,0.023583014678672746,0.021871530775872706
ouro,fixed,multihop,raw,2,1,3,False,False,False,0.011363636363636364,0.003903519592122033,0.007460116771514328
ouro,fixed,multihop,raw,3,1,4,False,False,False,0.0,0.0006784260515603799,-0.0006784260515603799
ouro,fixed,multihop,raw,4,1,5,False,False,False,0.011363636363636364,0.004923728465112452,0.0064399078985239114
ouro,fixed,multihop,raw,5,1,6,False,False,False,0.0,0.004594873692567041,-0.004594873692567041
ouro,fixed,multihop,raw,6,1,7,False,False,False,0.0,0.00016960651289009497,-0.00016960651289009497
ouro,fixed,multihop,raw,7,1,8,False,False,False,0.0,0.0,0.0
ouro,fixed,multihop,raw,8,1,9,False,False,False,0.011363636363636364,0.0,0.011363636363636364
ouro,fixed,multihop,raw,9,1,10,False,False,False,0.0,0.0008480325644504748,-0.0008480325644504748
ouro,fixed,multihop,raw,10,1,11,False,False,False,0.0,0.000511389334320135,-0.000511389334320135
ouro,fixed,multihop,raw,11,1,12,False,False,False,0.0,0.00016960651289009497,-0.00016960651289009497
ouro,fixed,multihop,raw,12,1,13,False,False,False,0.0,0.00033921302578018993,-0.00033921302578018993
ouro,fixed,multihop,raw,13,1,14,False,False,False,0.0,0.0008480325644504748,-0.0008480325644504748
ouro,fixed,multihop,raw,14,1,15,False,False,False,0.0,0.0006784260515603799,-0.0006784260515603799
ouro,fixed,multihop,raw,15,1,16,False,False,False,0.011363636363636364,0.0006784260515603799,0.010685210312075982
ouro,fixed,multihop,raw,16,1,17,False,False,False,0.10227272727272728,0.003561736770691994,0.09871099050203527
ouro,fixed,multihop,raw,17,1,18,False,False,False,0.06818181818181818,0.002883310719131614,0.06529850746268658
ouro,fixed,multihop,raw,18,1,19,False,False,False,0.10227272727272728,0.004409769335142469,0.0978629579375848
ouro,fixed,multihop,raw,19,1,20,False,False,False,0.13636363636363635,0.003731343283582089,0.13263229308005425
ouro,fixed,multihop,raw,20,1,21,False,False,False,0.1590909090909091,0.004579375848032564,0.15451153324287648
ouro,fixed,multihop,raw,21,1,22,False,False,False,0.11363636363636363,0.004579375848032564,0.10905698778833105
ouro,fixed,multihop,raw,22,1,23,False,False,False,0.11363636363636363,0.002035278154681139,0.11160108548168247
ouro,fixed,multihop,raw,23,1,24,False,False,False,0.06818181818181818,0.0011872455902306649,0.06699457259158752
ouro,fixed,multihop,raw,24,1,25,False,False,False,0.10227272727272728,0.0035643065663418442,0.0987084207063854
ouro,fixed,multihop,raw,25,1,26,False,False,False,0.09090909090909091,0.006791969902553346,0.08411712100653755
ouro,fixed,multihop,raw,26,1,27,False,False,False,0.07954545454545454,0.00713118292833354,0.072414271617121
ouro,fixed,multihop,raw,27,1,28,False,False,False,0.045454545454545456,0.006278010772583364,0.03917653468196209
ouro,fixed,multihop,raw,28,1,29,False,False,False,0.022727272727272728,0.007976645697134164,0.014750627030138559
ouro,fixed,multihop,raw,29,1,30,False,False,False,0.011363636363636364,0.005599584721022983,0.0057640516426133775
ouro,fixed,multihop,raw,30,1,31,False,False,False,0.011363636363636364,0.004245302413552073,0.007118333950084288
ouro,fixed,multihop,raw,31,1,32,False,False,False,0.0,0.003397269849101599,-0.003397269849101599
ouro,fixed,multihop,raw,32,1,33,False,False,False,0.0,0.003908659183421734,-0.003908659183421734
ouro,fixed,multihop,raw,33,1,34,False,False,False,0.0,0.004594873692567042,-0.004594873692567042
ouro,fixed,multihop,raw,34,1,35,False,False,False,0.0,0.005612512769907612,-0.005612512769907612
ouro,fixed,multihop,raw,35,1,36,False,False,False,0.0,0.005432548003782737,-0.005432548003782737
ouro,fixed,multihop,raw,36,1,37,False,False,False,0.0,0.007632293080054272,-0.007632293080054272
ouro,fixed,multihop,raw,37,1,38,False,False,False,0.022727272727272728,0.011194029850746271,0.011533242876526456
ouro,fixed,multihop,raw,38,1,39,False,False,False,0.045454545454545456,0.009497964721845319,0.035956580732700145
ouro,fixed,multihop,raw,39,1,40,False,False,False,0.06818181818181818,0.010698059290325237,0.05748375889149295
ouro,fixed,multihop,raw,40,1,41,False,False,False,0.13636363636363635,0.018027274624967986,0.11833636173866835
ouro,fixed,multihop,raw,41,1,42,False,False,False,0.14772727272727273,0.01887016759811876,0.12885710512915402
ouro,fixed,multihop,raw,42,1,43,False,False,False,0.20454545454545456,0.01888052585135354,0.18566492869410098
ouro,fixed,multihop,raw,43,1,44,False,False,False,0.25,0.02311811887795606,0.2268818811220439
ouro,fixed,multihop,raw,44,1,45,False,False,False,0.25,0.02872027339462888,0.221279726605371
ouro,fixed,multihop,raw,45,1,46,False,False,False,0.25,0.060639784232050166,0.1893602157679499
ouro,fixed,multihop,raw,46,1,47,False,False,False,0.20454545454545456,0.07370719511153702,0.1308382594339175
ouro,fixed,multihop,raw,47,1,48,True,False,False,0.17045454545454544,0.07438819095874726,0.09606635449579817
ouro,fixed,multihop,raw,48,2,1,False,False,False,0.18181818181818182,0.04875440028085887,0.1330637815373229
ouro,fixed,multihop,raw,49,2,2,False,False,False,0.11363636363636363,0.016284795033098966,0.09735156860326466
ouro,fixed,multihop,raw,50,2,3,False,False,False,0.07954545454545454,0.009860384979109538,0.069685069566345
ouro,fixed,multihop,raw,51,2,4,False,False,False,0.06818181818181818,0.005604724312322682,0.06257709386949549
ouro,fixed,multihop,raw,52,2,5,False,False,False,0.056818181818181816,0.002726553184490769,0.054091628633691054
ouro,fixed,multihop,raw,53,2,6,False,False,False,0.03409090909090909,0.0017037745158504994,0.03238713457505859
ouro,fixed,multihop,raw,54,2,7,False,False,False,0.011363636363636364,0.0012001736391152944,0.010163462724521068
ouro,fixed,multihop,raw,55,2,8,False,False,False,0.011363636363636364,0.0013723499476552394,0.009991286415981125
ouro,fixed,multihop,raw,56,2,9,False,False,False,0.0,0.0010305671262251996,-0.0010305671262251996
ouro,fixed,multihop,raw,57,2,10,False,False,False,0.0,0.0006809958472102299,-0.0006809958472102299
ouro,fixed,multihop,raw,58,2,11,False,False,False,0.0,0.0005088195386702849,-0.0005088195386702849
ouro,fixed,multihop,raw,59,2,12,False,False,False,0.0,0.0005088195386702849,-0.0005088195386702849
ouro,fixed,multihop,raw,60,2,13,False,False,False,0.0,0.0006784260515603799,-0.0006784260515603799
ouro,fixed,multihop,raw,61,2,14,False,False,False,0.011363636363636364,0.0006784260515603799,0.010685210312075984
ouro,fixed,multihop,raw,62,2,15,False,False,False,0.011363636363636364,0.0023797098423964094,0.008983926521239955
ouro,fixed,multihop,raw,63,2,16,False,False,False,0.022727272727272728,0.0025518861509363543,0.02017538657633637
ouro,fixed,multihop,raw,64,2,17,False,False,False,0.13636363636363635,0.005273299744127422,0.13109033661950892
ouro,fixed,multihop,raw,65,2,18,False,False,False,0.14772727272727273,0.004425267179676948,0.14330200554759576
ouro,fixed,multihop,raw,66,2,19,False,False,False,0.1590909090909091,0.005106263026887176,0.1539846460640219
ouro,fixed,multihop,raw,67,2,20,False,False,False,0.18181818181818182,0.005113972413836727,0.17670420940434503
ouro,fixed,multihop,raw,68,2,21,False,False,False,0.17045454545454544,0.0071518203641677165,0.1633027250903777
ouro,fixed,multihop,raw,69,2,22,False,False,False,0.13636363636363635,0.005620222156857161,0.13074341420677918
ouro,fixed,multihop,raw,70,2,23,False,False,False,0.1590909090909091,0.004088623949546607,0.15500228514136247
ouro,fixed,multihop,raw,71,2,24,False,False,False,0.056818181818181816,0.002053345794865469,0.054764836023316346
ouro,fixed,multihop,raw,72,2,25,False,False,False,0.14772727272727273,0.009022631597258466,0.13870464113001424
ouro,fixed,multihop,raw,73,2,26,False,False,False,0.13636363636363635,0.008493174622754004,0.12787046174088232
ouro,fixed,multihop,raw,74,2,27,False,False,False,0.10227272727272728,0.007472965749763583,0.09479976152296367
ouro,fixed,multihop,raw,75,2,28,False,False,False,0.10227272727272728,0.008326137905513759,0.09394658936721348
ouro,fixed,multihop,raw,76,2,29,False,False,False,0.056818181818181816,0.009510813700094574,0.04730736811808725
ouro,fixed,multihop,raw,77,2,30,False,False,False,0.045454545454545456,0.0069667160067431455,0.03848782944780232
ouro,fixed,multihop,raw,78,2,31,False,False,False,0.022727272727272728,0.004923728465112453,0.01780354426216027
ouro,fixed,multihop,raw,79,2,32,False,False,False,0.011363636363636364,0.0037339130792319384,0.007629723284404424
ouro,fixed,multihop,raw,80,2,33,False,False,False,0.011363636363636364,0.004422618313391718,0.006941018050244643
ouro,fixed,multihop,raw,81,2,34,False,False,False,0.022727272727272728,0.005278439335427122,0.0174488333918456
ouro,fixed,multihop,raw,82,2,35,False,False,False,0.011363636363636364,0.005792398465397106,0.005571237898239254
ouro,fixed,multihop,raw,83,2,36,False,False,False,0.011363636363636364,0.005946507133752722,0.0054171292298836405
ouro,fixed,multihop,raw,84,2,37,False,False,False,0.0,0.007642572262653674,-0.007642572262653674
ouro,fixed,multihop,raw,85,2,38,False,False,False,0.045454545454545456,0.011039842111755276,0.03441470334279018
ouro,fixed,multihop,raw,86,2,39,False,False,False,0.056818181818181816,0.012052341597796145,0.044765840220385676
ouro,fixed,multihop,raw,87,2,40,False,False,False,0.11363636363636363,0.01397478595579003,0.09966157768057358
ouro,fixed,multihop,raw,88,2,41,False,False,False,0.2727272727272727,0.019923941955827987,0.2528033307714447
ouro,fixed,multihop,raw,89,2,42,False,False,False,0.29545454545454547,0.021442612114253898,0.27401193334029145
ouro,fixed,multihop,raw,90,2,43,False,False,False,0.25,0.01957694047246287,0.23042305952753706
ouro,fixed,multihop,raw,91,2,44,False,False,False,0.36363636363636365,0.02059722841608867,0.34303913522027485
ouro,fixed,multihop,raw,92,2,45,False,False,False,0.36363636363636365,0.02331607221362989,0.3403202914227336
ouro,fixed,multihop,raw,93,2,46,False,False,False,0.4090909090909091,0.04554737438048153,0.36354353471042755
ouro,fixed,multihop,raw,94,2,47,False,False,False,0.3068181818181818,0.07371233470283672,0.23310584711534513
ouro,fixed,multihop,raw,95,2,48,True,False,False,0.2840909090909091,0.0743907607543971,0.20970014833651207
ouro,fixed,multihop,raw,96,3,1,False,False,False,0.2840909090909091,0.04146389002223465,0.24262701906867443
ouro,fixed,multihop,raw,97,3,2,False,False,False,0.14772727272727273,0.013912873648287492,0.13381439907898524
ouro,fixed,multihop,raw,98,3,3,False,False,False,0.06818181818181818,0.0076374326713539754,0.06054438551046421
ouro,fixed,multihop,raw,99,3,4,False,False,False,0.11363636363636363,0.00985002672587476,0.10378633691048886
ouro,fixed,multihop,raw,100,3,5,False,False,False,0.13636363636363635,0.00814625221002426,0.12821738415361209
ouro,fixed,multihop,raw,101,3,6,False,False,False,0.06818181818181818,0.00679196990255335,0.061389848279264816
ouro,fixed,multihop,raw,102,3,7,False,False,False,0.056818181818181816,0.004245302413552073,0.052572879404629756
ouro,fixed,multihop,raw,103,3,8,False,False,False,0.022727272727272728,0.0023770609761111787,0.020350211751161546
ouro,fixed,multihop,raw,104,3,9,False,False,False,0.011363636363636364,0.0018682414374408944,0.009495394926195468
ouro,fixed,multihop,raw,105,3,10,False,False,False,0.0,0.0030709848722060384,-0.0030709848722060384
ouro,fixed,multihop,raw,106,3,11,False,False,False,0.0,0.0018656716417910445,-0.0018656716417910445
ouro,fixed,multihop,raw,107,3,12,False,False,False,0.011363636363636364,0.001865671641791044,0.009497964721845316
ouro,fixed,multihop,raw,108,3,13,False,False,False,0.0,0.0022048846675712342,-0.0022048846675712342
ouro,fixed,multihop,raw,109,3,14,False,False,False,0.045454545454545456,0.0033921302578018993,0.04206241519674356
ouro,fixed,multihop,raw,110,3,15,False,False,False,0.045454545454545456,0.004075695900661978,0.04137884955388348
ouro,fixed,multihop,raw,111,3,16,False,False,False,0.09090909090909091,0.004754121952222357,0.08615496895686856
ouro,fixed,multihop,raw,112,3,17,False,False,False,0.19318181818181818,0.007650281649603224,0.18553153653221488
ouro,fixed,multihop,raw,113,3,18,False,False,False,0.19318181818181818,0.007830325486363478,0.18535149269545464
ouro,fixed,multihop,raw,114,3,19,False,False,False,0.23863636363636365,0.006645649691782662,0.23199071394458093
ouro,fixed,multihop,raw,115,3,20,False,False,False,0.29545454545454547,0.0062960784127676925,0.28915846704177767
ouro,fixed,multihop,raw,116,3,21,False,False,False,0.25,0.006116113646642818,0.24388388635335712
ouro,fixed,multihop,raw,117,3,22,False,False,False,0.22727272727272727,0.006129120766162827,0.22114360650656442
ouro,fixed,multihop,raw,118,3,23,False,False,False,0.20454545454545456,0.004934086718347232,0.19961136782710726
ouro,fixed,multihop,raw,119,3,24,False,False,False,0.11363636363636363,0.003913877845356813,0.10972248579100681
ouro,fixed,multihop,raw,120,3,25,False,False,False,0.18181818181818182,0.009012352414659064,0.17280582940352274
ouro,fixed,multihop,raw,121,3,26,False,False,False,0.20454545454545456,0.011397122777719794,0.1931483317677347
ouro,fixed,multihop,raw,122,3,27,False,False,False,0.20454545454545456,0.011728626416550432,0.19281682812890405
ouro,fixed,multihop,raw,123,3,28,False,False,False,0.18181818181818182,0.012237445955220722,0.16958073586296105
ouro,fixed,multihop,raw,124,3,29,False,False,False,0.13636363636363635,0.011559019903660338,0.124804616459976
ouro,fixed,multihop,raw,125,3,30,False,False,False,0.10227272727272728,0.009351565440439257,0.092921161832288
ouro,fixed,multihop,raw,126,3,31,False,False,False,0.10227272727272728,0.00883495744418404,0.09343776982854322
ouro,fixed,multihop,raw,127,3,32,False,False,False,0.056818181818181816,0.0061264718998775974,0.05069170991830421
ouro,fixed,multihop,raw,128,3,33,False,False,False,0.056818181818181816,0.007994713337318495,0.04882346848086332
ouro,fixed,multihop,raw,129,3,34,False,False,False,0.045454545454545456,0.007827676620078246,0.037626868834467204
ouro,fixed,multihop,raw,130,3,35,False,False,False,0.056818181818181816,0.007485893798648208,0.04933228801953362
ouro,fixed,multihop,raw,131,3,36,False,False,False,0.03409090909090909,0.008503532875988777,0.02558737621492032
ouro,fixed,multihop,raw,132,3,37,False,False,False,0.045454545454545456,0.010356276468895196,0.035098268985650265
ouro,fixed,multihop,raw,133,3,38,False,False,False,0.11363636363636363,0.01409018954812714,0.09954617408823645
ouro,fixed,multihop,raw,134,3,39,False,False,False,0.17045454545454544,0.016135746885407674,0.15431879856913777
ouro,fixed,multihop,raw,135,3,40,False,False,False,0.25,0.017366995284227308,0.2326330047157726
ouro,fixed,multihop,raw,136,3,41,False,False,False,0.29545454545454547,0.021784474006319336,0.273670071448226
ouro,fixed,multihop,raw,137,3,42,False,False,False,0.3181818181818182,0.021437472522954214,0.2967443456588639
ouro,fixed,multihop,raw,138,3,43,False,False,False,0.2840909090909091,0.018554161803822595,0.2655367472870864
ouro,fixed,multihop,raw,139,3,44,False,False,False,0.38636363636363635,0.01957701954309824,0.36678661682053804
ouro,fixed,multihop,raw,140,3,45,False,False,False,0.3522727272727273,0.020250226932723544,0.3320225003400037
ouro,fixed,multihop,raw,141,3,46,False,False,False,0.4090909090909091,0.03891473180821889,0.3701761772826901
ouro,fixed,multihop,raw,142,3,47,False,False,False,0.3181818181818182,0.07200599039133636,0.24617582779048186
ouro,fixed,multihop,raw,143,3,48,True,False,False,0.2840909090909091,0.07319323598156703,0.21089767310934213
ouro,fixed,multihop,raw,144,4,1,False,False,False,0.22727272727272727,0.031940148273255455,0.1953325789994718
ouro,fixed,multihop,raw,145,4,2,False,False,False,0.125,0.01153838246782616,0.11346161753217383
ouro,fixed,multihop,raw,146,4,3,False,False,False,0.10227272727272728,0.0071311829283335374,0.09514154434439374
ouro,fixed,multihop,raw,147,4,4,False,False,False,0.1590909090909091,0.014593869495497723,0.14449703959541133
ouro,fixed,multihop,raw,148,4,5,False,False,False,0.19318181818181818,0.013578800213807002,0.17960301796801115
ouro,fixed,multihop,raw,149,4,6,False,False,False,0.125,0.01154609185477571,0.11345390814522426
ouro,fixed,multihop,raw,150,4,7,False,False,False,0.07954545454545454,0.0078044693885942215,0.0717409851568603
ouro,fixed,multihop,raw,151,4,8,False,False,False,0.056818181818181816,0.004242732617902222,0.05257544920027959
ouro,fixed,multihop,raw,152,4,9,False,False,False,0.022727272727272728,0.004412339130792318,0.018314933596480405
ouro,fixed,multihop,raw,153,4,10,False,False,False,0.026515151515151512,0.003739052670531638,0.022776098844619883
ouro,fixed,multihop,raw,154,4,11,False,False,False,0.022727272727272728,0.003903519592122033,0.018823753135150688
ouro,fixed,multihop,raw,155,4,12,False,False,False,0.03409090909090909,0.0035617367706919935,0.030529172320217103
ouro,fixed,multihop,raw,156,4,13,False,False,False,0.022727272727272728,0.003055487027671559,0.01967178569960116
ouro,fixed,multihop,raw,157,4,14,False,False,False,0.06818181818181818,0.0035643065663418434,0.06461751161547634
ouro,fixed,multihop,raw,158,4,15,False,False,False,0.10227272727272728,0.006108404259693268,0.09616432301303401
ouro,fixed,multihop,raw,159,4,16,False,False,False,0.17045454545454544,0.006121332308577899,0.16433321314596752
ouro,fixed,multihop,raw,160,4,17,False,False,False,0.23863636363636365,0.00852424938245834,0.2301121142539052
ouro,fixed,multihop,raw,161,4,18,False,False,False,0.2727272727272727,0.00817467810344337,0.2645525946238293
ouro,fixed,multihop,raw,162,4,19,False,False,False,0.3181818181818182,0.008172108307793519,0.31000970987402454
ouro,fixed,multihop,raw,163,4,20,False,False,False,0.3522727272727273,0.007825106824428397,0.34444762044829874
ouro,fixed,multihop,raw,164,4,21,False,False,False,0.36363636363636365,0.008847964563704052,0.35478839907265947
ouro,fixed,multihop,raw,165,4,22,False,False,False,0.32954545454545453,0.009017492005958765,0.32052796253949567
ouro,fixed,multihop,raw,166,4,23,False,False,False,0.2840909090909091,0.006624933185313104,0.27746597590559596
ouro,fixed,multihop,raw,167,4,24,False,False,False,0.18181818181818182,0.005607294107972532,0.17621088771020926
ouro,fixed,multihop,raw,168,4,25,False,False,False,0.2159090909090909,0.00952117195332935,0.2063879189557615
ouro,fixed,multihop,raw,169,4,26,False,False,False,0.2159090909090909,0.014632574571516233,0.2012765163375746
ouro,fixed,multihop,raw,170,4,27,False,False,False,0.22727272727272727,0.01496407821034687,0.21230864906238034
ouro,fixed,multihop,raw,171,4,28,False,False,False,0.19318181818181818,0.014121185237196097,0.17906063294462207
ouro,fixed,multihop,raw,172,4,29,False,False,False,0.17045454545454544,0.013951578724305998,0.15650296673023945
ouro,fixed,multihop,raw,173,4,30,False,False,False,0.14772727272727273,0.013951578724306003,0.13377569400296674
ouro,fixed,multihop,raw,174,4,31,False,False,False,0.11363636363636363,0.010713557134859714,0.10292280650150394
ouro,fixed,multihop,raw,175,4,32,False,False,False,0.09090909090909091,0.009014922210308913,0.08189416869878198
ouro,fixed,multihop,raw,176,4,33,False,False,False,0.10227272727272728,0.010374344109079526,0.09189838316364775
ouro,fixed,multihop,raw,177,4,34,False,False,False,0.07954545454545454,0.009354135236089106,0.07019131930936544
ouro,fixed,multihop,raw,178,4,35,False,False,False,0.07954545454545454,0.00986038497910954,0.069685069566345
ouro,fixed,multihop,raw,179,4,36,False,False,False,0.06818181818181818,0.010878024056450107,0.057303794125368075
ouro,fixed,multihop,raw,180,4,37,False,False,False,0.11363636363636363,0.014439760827142102,0.0991966028092215
ouro,fixed,multihop,raw,181,4,38,False,False,False,0.17045454545454544,0.015292932982892284,0.1551616124716531
ouro,fixed,multihop,raw,182,4,39,False,False,False,0.1590909090909091,0.018191662475922996,0.14089924661498607
ouro,fixed,multihop,raw,183,4,40,False,False,False,0.26136363636363635,0.01905784175119318,0.24230579461244306
ouro,fixed,multihop,raw,184,4,41,False,False,False,0.32954545454545453,0.020425052107548726,0.3091204024379058
ouro,fixed,multihop,raw,185,4,42,False,False,False,0.3181818181818182,0.021429763136004667,0.2967520550458133
ouro,fixed,multihop,raw,186,4,43,False,False,False,0.3068181818181818,0.021106047954758952,0.2857121338634227
ouro,fixed,multihop,raw,187,4,44,False,False,False,0.38636363636363635,0.022285584158040068,0.3640780522055962
ouro,fixed,multihop,raw,188,4,45,False,False,False,0.3068181818181818,0.021440121389239446,0.2853780604289422
ouro,fixed,multihop,raw,189,4,46,False,False,False,0.375,0.046205242066843115,0.3287947579331568
ouro,fixed,multihop,raw,190,4,47,False,False,False,0.3181818181818182,0.07268698623854662,0.24549483194327165
ouro,fixed,multihop,raw,191,4,48,True,True,False,0.26136363636363635,0.07336284249445714,0.18800079386917928
ouro,fixed,multihop,jlens,0,1,1,False,False,False,0.0,0.0,0.0
ouro,fixed,multihop,jlens,1,1,2,False,False,False,0.0,0.0,0.0
ouro,fixed,multihop,jlens,2,1,3,False,False,False,0.0,0.0,0.0
ouro,fixed,multihop,jlens,3,1,4,False,False,False,0.0,0.0,0.0
ouro,fixed,multihop,jlens,4,1,5,False,False,False,0.0,0.0,0.0
ouro,fixed,multihop,jlens,5,1,6,False,False,False,0.0,0.0,0.0
ouro,fixed,multihop,jlens,6,1,7,False,False,False,0.0,0.0,0.0
ouro,fixed,multihop,jlens,7,1,8,False,False,False,0.0,0.0,0.0
ouro,fixed,multihop,jlens,8,1,9,False,False,False,0.0,0.0,0.0
ouro,fixed,multihop,jlens,9,1,10,False,False,False,0.0,0.0,0.0
ouro,fixed,multihop,jlens,10,1,11,False,False,False,0.0,0.0,0.0
ouro,fixed,multihop,jlens,11,1,12,False,False,False,0.0,0.0,0.0
ouro,fixed,multihop,jlens,12,1,13,False,False,False,0.0,0.0,0.0
ouro,fixed,multihop,jlens,13,1,14,False,False,False,0.0,0.0,0.0
ouro,fixed,multihop,jlens,14,1,15,False,False,False,0.0,0.0,0.0
ouro,fixed,multihop,jlens,15,1,16,False,False,False,0.0,0.0,0.0
ouro,fixed,multihop,jlens,16,1,17,False,False,False,0.0,0.0,0.0
ouro,fixed,multihop,jlens,17,1,18,False,False,False,0.0,0.0,0.0
ouro,fixed,multihop,jlens,18,1,19,False,False,False,0.0,0.0,0.0
ouro,fixed,multihop,jlens,19,1,20,False,False,False,0.0,0.0,0.0
ouro,fixed,multihop,jlens,20,1,21,False,False,False,0.0,0.0,0.0
ouro,fixed,multihop,jlens,21,1,22,False,False,False,0.0,0.0,0.0
ouro,fixed,multihop,jlens,22,1,23,False,False,False,0.0,0.0,0.0
ouro,fixed,multihop,jlens,23,1,24,False,False,False,0.0,0.0,0.0
ouro,fixed,multihop,jlens,24,1,25,False,False,False,0.0,0.00016960651289009497,-0.00016960651289009497
ouro,fixed,multihop,jlens,25,1,26,False,False,False,0.0,0.0,0.0
ouro,fixed,multihop,jlens,26,1,27,False,False,False,0.0,0.0,0.0
ouro,fixed,multihop,jlens,27,1,28,False,False,False,0.0,0.0,0.0
ouro,fixed,multihop,jlens,28,1,29,False,False,False,0.0,0.0,0.0
ouro,fixed,multihop,jlens,29,1,30,False,False,False,0.0,0.0,0.0
ouro,fixed,multihop,jlens,30,1,31,False,False,False,0.0,0.0,0.0
ouro,fixed,multihop,jlens,31,1,32,False,False,False,0.0,0.0,0.0
ouro,fixed,multihop,jlens,32,1,33,False,False,False,0.0,0.0,0.0
ouro,fixed,multihop,jlens,33,1,34,False,False,False,0.0,0.0,0.0
ouro,fixed,multihop,jlens,34,1,35,False,False,False,0.0,0.0,0.0
ouro,fixed,multihop,jlens,35,1,36,False,False,False,0.0,0.0005088195386702849,-0.0005088195386702849
ouro,fixed,multihop,jlens,36,1,37,False,False,False,0.0,0.00033921302578018993,-0.00033921302578018993
ouro,fixed,multihop,jlens,37,1,38,False,False,False,0.0,0.0008480325644504748,-0.0008480325644504748
ouro,fixed,multihop,jlens,38,1,39,False,False,False,0.0,0.0015264586160108548,-0.0015264586160108548
ouro,fixed,multihop,jlens,39,1,40,False,False,False,0.0,0.0022048846675712342,-0.0022048846675712342
ouro,fixed,multihop,jlens,40,1,41,False,False,False,0.0,0.0032250935405616532,-0.0032250935405616532
ouro,fixed,multihop,jlens,41,1,42,False,False,False,0.0,0.0028833107191316137,-0.0028833107191316137
ouro,fixed,multihop,jlens,42,1,43,False,False,False,0.0,0.003392130257801898,-0.003392130257801898
ouro,fixed,multihop,jlens,43,1,44,False,False,False,0.0,0.0035617367706919927,-0.0035617367706919927
ouro,fixed,multihop,jlens,44,1,45,False,False,False,0.0,0.0028833107191316137,-0.0028833107191316137
ouro,fixed,multihop,jlens,45,1,46,False,False,False,0.0,0.0016960651289009497,-0.0016960651289009497
ouro,fixed,multihop,jlens,46,1,47,False,False,False,0.0,0.00016960651289009497,-0.00016960651289009497
ouro,fixed,multihop,jlens,47,1,48,True,False,False,0.0,0.00016960651289009497,-0.00016960651289009497
ouro,fixed,multihop,jlens,48,2,1,False,False,False,0.0,0.0011872455902306649,-0.0011872455902306649
ouro,fixed,multihop,jlens,49,2,2,False,False,False,0.0,0.008310719131614651,-0.008310719131614651
ouro,fixed,multihop,jlens,50,2,3,False,False,False,0.0,0.005088195386702848,-0.005088195386702848
ouro,fixed,multihop,jlens,51,2,4,False,False,False,0.0,0.0013568521031207597,-0.0013568521031207597
ouro,fixed,multihop,jlens,52,2,5,False,False,False,0.0,0.0,0.0
ouro,fixed,multihop,jlens,53,2,6,False,False,False,0.0,0.0018656716417910445,-0.0018656716417910445
ouro,fixed,multihop,jlens,54,2,7,False,False,False,0.0,0.0027137042062415195,-0.0027137042062415195
ouro,fixed,multihop,jlens,55,2,8,False,False,False,0.0,0.0039009497964721837,-0.0039009497964721837
ouro,fixed,multihop,jlens,56,2,9,False,False,False,0.0,0.0005088195386702849,-0.0005088195386702849
ouro,fixed,multihop,jlens,57,2,10,False,False,False,0.011363636363636364,0.002883310719131614,0.008480325644504747
ouro,fixed,multihop,jlens,58,2,11,False,False,False,0.0,0.0039009497964721837,-0.0039009497964721837
ouro,fixed,multihop,jlens,59,2,12,False,False,False,0.0,0.008989145183175035,-0.008989145183175035
ouro,fixed,multihop,jlens,60,2,13,False,False,False,0.0,0.005088195386702848,-0.005088195386702848
ouro,fixed,multihop,jlens,61,2,14,False,False,False,0.0,0.0023744911804613293,-0.0023744911804613293
ouro,fixed,multihop,jlens,62,2,15,False,False,False,0.0,0.0,0.0
ouro,fixed,multihop,jlens,63,2,16,False,False,False,0.0,0.00033921302578018993,-0.00033921302578018993
ouro,fixed,multihop,jlens,64,2,17,False,False,False,0.0,0.00033921302578018993,-0.00033921302578018993
ouro,fixed,multihop,jlens,65,2,18,False,False,False,0.0,0.0027137042062415195,-0.0027137042062415195
ouro,fixed,multihop,jlens,66,2,19,False,False,False,0.0,0.00016960651289009497,-0.00016960651289009497
ouro,fixed,multihop,jlens,67,2,20,False,False,False,0.0,0.0015264586160108548,-0.0015264586160108548
ouro,fixed,multihop,jlens,68,2,21,False,False,False,0.0,0.0,0.0
ouro,fixed,multihop,jlens,69,2,22,False,False,False,0.0,0.005257801899592944,-0.005257801899592944
ouro,fixed,multihop,jlens,70,2,23,False,False,False,0.0,0.004245302413552073,-0.004245302413552073
ouro,fixed,multihop,jlens,71,2,24,False,False,False,0.0,0.004073126105012128,-0.004073126105012128
ouro,fixed,multihop,jlens,72,2,25,False,False,False,0.0,0.019504748982360928,-0.019504748982360928
ouro,fixed,multihop,jlens,73,2,26,False,False,False,0.011363636363636364,0.022560236010032483,-0.011196599646396117
ouro,fixed,multihop,jlens,74,2,27,False,False,False,0.011363636363636364,0.024253731343283583,-0.01289009497964722
ouro,fixed,multihop,jlens,75,2,28,False,False,False,0.0,0.022896879240162815,-0.022896879240162815
ouro,fixed,multihop,jlens,76,2,29,False,False,False,0.0,0.018147896879240163,-0.018147896879240163
ouro,fixed,multihop,jlens,77,2,30,False,False,False,0.011363636363636364,0.025780189959294434,-0.014416553595658072
ouro,fixed,multihop,jlens,78,2,31,False,False,False,0.011363636363636364,0.031040561654537224,-0.019676925290900867
ouro,fixed,multihop,jlens,79,2,32,False,False,False,0.0,0.028334566835245257,-0.028334566835245257
ouro,fixed,multihop,jlens,80,2,33,False,False,False,0.0,0.027306648575305292,-0.027306648575305292
ouro,fixed,multihop,jlens,81,2,34,False,False,False,0.0,0.02306648575305292,-0.02306648575305292
ouro,fixed,multihop,jlens,82,2,35,False,False,False,0.0,0.01950474898236092,-0.01950474898236092
ouro,fixed,multihop,jlens,83,2,36,False,False,False,0.0,0.01967435549525102,-0.01967435549525102
ouro,fixed,multihop,jlens,84,2,37,False,False,False,0.011363636363636364,0.01731014349738909,-0.005946507133752722
ouro,fixed,multihop,jlens,85,2,38,False,False,False,0.0,0.011535812672176309,-0.011535812672176309
ouro,fixed,multihop,jlens,86,2,39,False,False,False,0.0,0.012052341597796145,-0.012052341597796145
ouro,fixed,multihop,jlens,87,2,40,False,False,False,0.0,0.015449611446897745,-0.015449611446897745
ouro,fixed,multihop,jlens,88,2,41,False,False,False,0.0,0.018163315653139264,-0.018163315653139264
ouro,fixed,multihop,jlens,89,2,42,False,False,False,0.0,0.015449611446897745,-0.015449611446897745
ouro,fixed,multihop,jlens,90,2,43,False,False,False,0.0,0.015945582007318777,-0.015945582007318777
ouro,fixed,multihop,jlens,91,2,44,False,False,False,0.0,0.018497389087619748,-0.018497389087619748
ouro,fixed,multihop,jlens,92,2,45,False,False,False,0.0,0.014935652316927756,-0.014935652316927756
ouro,fixed,multihop,jlens,93,2,46,False,False,False,0.011363636363636364,0.01731528308868879,-0.005951646725052422
ouro,fixed,multihop,jlens,94,2,47,False,False,False,0.011363636363636364,0.011026993133506025,0.00033664323013034124
ouro,fixed,multihop,jlens,95,2,48,True,False,False,0.0,0.0084828954401546,-0.0084828954401546
ouro,fixed,multihop,jlens,96,3,1,False,False,False,0.011363636363636364,0.013738127544097693,-0.0023744911804613267
ouro,fixed,multihop,jlens,97,3,2,False,False,False,0.011363636363636364,0.021203383906911722,-0.009839747543275356
ouro,fixed,multihop,jlens,98,3,3,False,False,False,0.011363636363636364,0.021881809958472102,-0.010518173594835737
ouro,fixed,multihop,jlens,99,3,4,False,False,False,0.022727272727272728,0.017980860161999918,0.004746412565272808
ouro,fixed,multihop,jlens,100,3,5,False,False,False,0.022727272727272728,0.020363060729410798,0.0023642119978619265
ouro,fixed,multihop,jlens,101,3,6,False,False,False,0.022727272727272728,0.019854241190740512,0.002873031536532215
ouro,fixed,multihop,jlens,102,3,7,False,False,False,0.022727272727272728,0.01934542165207023,0.003381851075202499
ouro,fixed,multihop,jlens,103,3,8,False,False,False,0.022727272727272728,0.01951759796061017,0.003209674766662554
ouro,fixed,multihop,jlens,104,3,9,False,False,False,0.011363636363636364,0.020190884420870855,-0.008827248057234493
ouro,fixed,multihop,jlens,105,3,10,False,False,False,0.022727272727272728,0.01629764401134822,0.006429628715924507
ouro,fixed,multihop,jlens,106,3,11,False,False,False,0.022727272727272728,0.015783684881378233,0.0069435878458944935
ouro,fixed,multihop,jlens,107,3,12,False,False,False,0.022727272727272728,0.01764678672751943,0.005080485999753296
ouro,fixed,multihop,jlens,108,3,13,False,False,False,0.022727272727272728,0.01713796718884915,0.005589305538423581
ouro,fixed,multihop,jlens,109,3,14,False,False,False,0.022727272727272728,0.01663171744582871,0.006095555281444017
ouro,fixed,multihop,jlens,110,3,15,False,False,False,0.022727272727272728,0.016122897907158425,0.006604374820114303
ouro,fixed,multihop,jlens,111,3,16,False,False,False,0.022727272727272728,0.0169709304716089,0.005756342255663827
ouro,fixed,multihop,jlens,112,3,17,False,False,False,0.0,0.014933082521277908,-0.014933082521277908
ouro,fixed,multihop,jlens,113,3,18,False,False,False,0.022727272727272728,0.01917581513918014,0.003551457588092592
ouro,fixed,multihop,jlens,114,3,19,False,False,False,0.011363636363636364,0.011366206159286215,-2.569795649852061e-06
ouro,fixed,multihop,jlens,115,3,20,False,False,False,0.011363636363636364,0.010019633238764855,0.0013440031248715101
ouro,fixed,multihop,jlens,116,3,21,False,False,False,0.022727272727272728,0.00815139180132396,0.014575880925948768
ouro,fixed,multihop,jlens,117,3,22,False,False,False,0.03409090909090909,0.006283150363883064,0.02780775872702603
ouro,fixed,multihop,jlens,118,3,23,False,False,False,0.03409090909090909,0.013589079396406401,0.02050182969450269
ouro,fixed,multihop,jlens,119,3,24,False,False,False,0.03409090909090909,0.006622363389663252,0.02746854570124584
ouro,fixed,multihop,jlens,120,3,25,False,False,False,0.03409090909090909,0.014421693186957773,0.019669215903951317
ouro,fixed,multihop,jlens,121,3,26,False,False,False,0.045454545454545456,0.012381275440976934,0.03307327001356852
ouro,fixed,multihop,jlens,122,3,27,False,False,False,0.056818181818181816,0.013239587188026808,0.04357859463015502
ouro,fixed,multihop,jlens,123,3,28,False,False,False,0.03409090909090909,0.01051560379918589,0.023575305291723202
ouro,fixed,multihop,jlens,124,3,29,False,False,False,0.022727272727272728,0.008649932157394844,0.014077340569877883
ouro,fixed,multihop,jlens,125,3,30,False,False,False,0.011363636363636364,0.008310719131614656,0.0030529172320217083
ouro,fixed,multihop,jlens,126,3,31,False,False,False,0.0,0.005774330825212776,-0.005774330825212776
ouro,fixed,multihop,jlens,127,3,32,False,False,False,0.0,0.006129120766162826,-0.006129120766162826
ouro,fixed,multihop,jlens,128,3,33,False,False,False,0.0,0.0027266322551261486,-0.0027266322551261486
ouro,fixed,multihop,jlens,129,3,34,False,False,False,0.0,0.0025518070803009735,-0.0025518070803009735
ouro,fixed,multihop,jlens,130,3,35,False,False,False,0.0,0.0020404177459808393,-0.0020404177459808393
ouro,fixed,multihop,jlens,131,3,36,False,False,False,0.0,0.0015315982073105547,-0.0015315982073105547
ouro,fixed,multihop,jlens,132,3,37,False,False,False,0.0,0.0017012047202006495,-0.0017012047202006495
ouro,fixed,multihop,jlens,133,3,38,False,False,False,0.0,0.001189815385880515,-0.001189815385880515
ouro,fixed,multihop,jlens,134,3,39,False,False,False,0.0,0.0018811694863255241,-0.0018811694863255241
ouro,fixed,multihop,jlens,135,3,40,False,False,False,0.0,0.00016960651289009497,-0.00016960651289009497
ouro,fixed,multihop,jlens,136,3,41,False,False,False,0.0,0.00203784795033099,-0.00203784795033099
ouro,fixed,multihop,jlens,137,3,42,False,False,False,0.0,0.002210024258870934,-0.002210024258870934
ouro,fixed,multihop,jlens,138,3,43,False,False,False,0.0,0.005442906257017517,-0.005442906257017517
ouro,fixed,multihop,jlens,139,3,44,False,False,False,0.045454545454545456,0.010032561287649483,0.03542198416689597
ouro,fixed,multihop,jlens,140,3,45,False,False,False,0.06818181818181818,0.01018410016035525,0.057997718021462925
ouro,fixed,multihop,jlens,141,3,46,False,False,False,0.09090909090909091,0.017993709140249167,0.07291538176884174
ouro,fixed,multihop,jlens,142,3,47,False,False,False,0.10227272727272728,0.016133177089757825,0.08613955018296944
ouro,fixed,multihop,jlens,143,3,48,True,False,False,0.03409090909090909,0.006961576415443444,0.027129332675465658
ouro,fixed,multihop,jlens,144,4,1,False,False,False,0.06818181818181818,0.018844311500349493,0.0493375066814687
ouro,fixed,multihop,jlens,145,4,2,False,False,False,0.09090909090909091,0.024446466017022328,0.06646262489206858
ouro,fixed,multihop,jlens,146,4,3,False,False,False,0.09090909090909091,0.01883660211339994,0.07207248879569098
ouro,fixed,multihop,jlens,147,4,4,False,False,False,0.06818181818181818,0.013239587188026812,0.05494223099379136
ouro,fixed,multihop,jlens,148,4,5,False,False,False,0.06818181818181818,0.009847456930224908,0.05833436125159328
ouro,fixed,multihop,jlens,149,4,6,False,False,False,0.07954545454545454,0.010865096007565477,0.06868035853788906
ouro,fixed,multihop,jlens,150,4,7,False,False,False,0.10227272727272728,0.010695489494675381,0.09157723777805189
ouro,fixed,multihop,jlens,151,4,8,False,False,False,0.09090909090909091,0.011373915546235763,0.07953517536285515
ouro,fixed,multihop,jlens,152,4,9,False,False,False,0.06818181818181818,0.008488035031454297,0.05969378315036387
ouro,fixed,multihop,jlens,153,4,10,False,False,False,0.07954545454545454,0.007133752723983389,0.07241170182147116
ouro,fixed,multihop,jlens,154,4,11,False,False,False,0.06818181818181818,0.006791969902553347,0.06138984827926484
ouro,fixed,multihop,jlens,155,4,12,False,False,False,0.06818181818181818,0.008493174622754,0.05968864355906416
ouro,fixed,multihop,jlens,156,4,13,False,False,False,0.06818181818181818,0.007981785288433862,0.06020003289338431
ouro,fixed,multihop,jlens,157,4,14,False,False,False,0.045454545454545456,0.005779470416512478,0.039675075038032984
ouro,fixed,multihop,jlens,158,4,15,False,False,False,0.056818181818181816,0.005437687595082438,0.05138049422309938
ouro,fixed,multihop,jlens,159,4,16,False,False,False,0.07954545454545454,0.006797109493853049,0.07274834505160149
ouro,fixed,multihop,jlens,160,4,17,False,False,False,0.18181818181818182,0.008153961596973807,0.173664220221208
ouro,fixed,multihop,jlens,161,4,18,False,False,False,0.18181818181818182,0.008326137905513753,0.17349204391266804
ouro,fixed,multihop,jlens,162,4,19,False,False,False,0.17045454545454544,0.007647711853953373,0.16280683360059206
ouro,fixed,multihop,jlens,163,4,20,False,False,False,0.26136363636363635,0.011039842111755275,0.25032379425188106
ouro,fixed,multihop,jlens,164,4,21,False,False,False,0.2727272727272727,0.011052770160639902,0.26167450256663277
ouro,fixed,multihop,jlens,165,4,22,False,False,False,0.29545454545454547,0.007827676620078248,0.28762686883446714
ouro,fixed,multihop,jlens,166,4,23,False,False,False,0.25,0.008333926363098683,0.24166607363690124
ouro,fixed,multihop,jlens,167,4,24,False,False,False,0.2159090909090909,0.0062882899551827635,0.20962080095390814
ouro,fixed,multihop,jlens,168,4,25,False,False,False,0.3409090909090909,0.014103117597011761,0.32680597331207895
ouro,fixed,multihop,jlens,169,4,26,False,False,False,0.375,0.015809540979147493,0.35919045902085234
ouro,fixed,multihop,jlens,170,4,27,False,False,False,0.3409090909090909,0.015136254518886817,0.32577283639020393
ouro,fixed,multihop,jlens,171,4,28,False,False,False,0.3977272727272727,0.017001926160677857,0.3807253465665946
ouro,fixed,multihop,jlens,172,4,29,False,False,False,0.38636363636363635,0.016495676417657423,0.3698679599459787
ouro,fixed,multihop,jlens,173,4,30,False,False,False,0.3522727272727273,0.015475467544667004,0.33679725972806007
ouro,fixed,multihop,jlens,174,4,31,False,False,False,0.3409090909090909,0.014285652158786487,0.3266234387503042
ouro,fixed,multihop,jlens,175,4,32,False,False,False,0.3409090909090909,0.013098406568555822,0.3278106843405349
ouro,fixed,multihop,jlens,176,4,33,False,False,False,0.3068181818181818,0.011063128413874683,0.295755053404307
ouro,fixed,multihop,jlens,177,4,34,False,False,False,0.3068181818181818,0.011913730773975008,0.2949044510442067
ouro,fixed,multihop,jlens,178,4,35,False,False,False,0.2840909090909091,0.011070837800824233,0.27302007129008476
ouro,fixed,multihop,jlens,179,4,36,False,False,False,0.26136363636363635,0.008691207029063201,0.25267242933457307
ouro,fixed,multihop,jlens,180,4,37,False,False,False,0.25,0.009369633080623581,0.24063036691937637
ouro,fixed,multihop,jlens,181,4,38,False,False,False,0.23863636363636365,0.01021766564507406,0.2284186979912895
ouro,fixed,multihop,jlens,182,4,39,False,False,False,0.23863636363636365,0.014134034215445344,0.22450232942091822
ouro,fixed,multihop,jlens,183,4,40,False,False,False,0.22727272727272727,0.011767331492568948,0.21550539578015826
ouro,fixed,multihop,jlens,184,4,41,False,False,False,0.3181818181818182,0.015506463233735963,0.30267535494808206
ouro,fixed,multihop,jlens,185,4,42,False,False,False,0.29545454545454547,0.013638221796295065,0.28181632365825027
ouro,fixed,multihop,jlens,186,4,43,False,False,False,0.2840909090909091,0.019407413030208143,0.2646834960607008
ouro,fixed,multihop,jlens,187,4,44,False,False,False,0.3409090909090909,0.029414197290723743,0.3114948936183671
ouro,fixed,multihop,jlens,188,4,45,False,False,False,0.38636363636363635,0.02889758929446854,0.35746604706916774
ouro,fixed,multihop,jlens,189,4,46,False,False,False,0.3409090909090909,0.06402420510290249,0.2768848858061885
ouro,fixed,multihop,jlens,190,4,47,False,False,False,0.3068181818181818,0.07081360520980604,0.23600457660837587
ouro,fixed,multihop,jlens,191,4,48,True,True,False,0.26136363636363635,0.07336284249445714,0.18800079386917928
ouro,fixed,multihop,jlens_minus_raw,0,1,1,False,False,False,-0.022727272727272728,-0.017310143497389085,-0.0054171292298836405
ouro,fixed,multihop,jlens_minus_raw,1,1,2,False,False,False,-0.045454545454545456,-0.023583014678672746,-0.021871530775872706
ouro,fixed,multihop,jlens_minus_raw,2,1,3,False,False,False,-0.011363636363636364,-0.003903519592122033,-0.007460116771514328
ouro,fixed,multihop,jlens_minus_raw,3,1,4,False,False,False,0.0,-0.0006784260515603799,0.0006784260515603799
ouro,fixed,multihop,jlens_minus_raw,4,1,5,False,False,False,-0.011363636363636364,-0.004923728465112452,-0.0064399078985239114
ouro,fixed,multihop,jlens_minus_raw,5,1,6,False,False,False,0.0,-0.004594873692567041,0.004594873692567041
ouro,fixed,multihop,jlens_minus_raw,6,1,7,False,False,False,0.0,-0.00016960651289009497,0.00016960651289009497
ouro,fixed,multihop,jlens_minus_raw,7,1,8,False,False,False,0.0,0.0,0.0
ouro,fixed,multihop,jlens_minus_raw,8,1,9,False,False,False,-0.011363636363636364,0.0,-0.011363636363636364
ouro,fixed,multihop,jlens_minus_raw,9,1,10,False,False,False,0.0,-0.0008480325644504748,0.0008480325644504748
ouro,fixed,multihop,jlens_minus_raw,10,1,11,False,False,False,0.0,-0.000511389334320135,0.000511389334320135
ouro,fixed,multihop,jlens_minus_raw,11,1,12,False,False,False,0.0,-0.00016960651289009497,0.00016960651289009497
ouro,fixed,multihop,jlens_minus_raw,12,1,13,False,False,False,0.0,-0.00033921302578018993,0.00033921302578018993
ouro,fixed,multihop,jlens_minus_raw,13,1,14,False,False,False,0.0,-0.0008480325644504748,0.0008480325644504748
ouro,fixed,multihop,jlens_minus_raw,14,1,15,False,False,False,0.0,-0.0006784260515603799,0.0006784260515603799
ouro,fixed,multihop,jlens_minus_raw,15,1,16,False,False,False,-0.011363636363636364,-0.0006784260515603799,-0.010685210312075982
ouro,fixed,multihop,jlens_minus_raw,16,1,17,False,False,False,-0.10227272727272728,-0.003561736770691994,-0.09871099050203527
ouro,fixed,multihop,jlens_minus_raw,17,1,18,False,False,False,-0.06818181818181818,-0.002883310719131614,-0.06529850746268658
ouro,fixed,multihop,jlens_minus_raw,18,1,19,False,False,False,-0.10227272727272728,-0.004409769335142469,-0.0978629579375848
ouro,fixed,multihop,jlens_minus_raw,19,1,20,False,False,False,-0.13636363636363635,-0.003731343283582089,-0.13263229308005425
ouro,fixed,multihop,jlens_minus_raw,20,1,21,False,False,False,-0.1590909090909091,-0.004579375848032564,-0.15451153324287648
ouro,fixed,multihop,jlens_minus_raw,21,1,22,False,False,False,-0.11363636363636363,-0.004579375848032564,-0.10905698778833105
ouro,fixed,multihop,jlens_minus_raw,22,1,23,False,False,False,-0.11363636363636363,-0.002035278154681139,-0.11160108548168247
ouro,fixed,multihop,jlens_minus_raw,23,1,24,False,False,False,-0.06818181818181818,-0.0011872455902306649,-0.06699457259158752
ouro,fixed,multihop,jlens_minus_raw,24,1,25,False,False,False,-0.10227272727272728,-0.003394700053451749,-0.09887802721927551
ouro,fixed,multihop,jlens_minus_raw,25,1,26,False,False,False,-0.09090909090909091,-0.006791969902553346,-0.08411712100653755
ouro,fixed,multihop,jlens_minus_raw,26,1,27,False,False,False,-0.07954545454545454,-0.00713118292833354,-0.072414271617121
ouro,fixed,multihop,jlens_minus_raw,27,1,28,False,False,False,-0.045454545454545456,-0.006278010772583364,-0.03917653468196209
ouro,fixed,multihop,jlens_minus_raw,28,1,29,False,False,False,-0.022727272727272728,-0.007976645697134164,-0.014750627030138559
ouro,fixed,multihop,jlens_minus_raw,29,1,30,False,False,False,-0.011363636363636364,-0.005599584721022983,-0.0057640516426133775
ouro,fixed,multihop,jlens_minus_raw,30,1,31,False,False,False,-0.011363636363636364,-0.004245302413552073,-0.007118333950084288
ouro,fixed,multihop,jlens_minus_raw,31,1,32,False,False,False,0.0,-0.003397269849101599,0.003397269849101599
ouro,fixed,multihop,jlens_minus_raw,32,1,33,False,False,False,0.0,-0.003908659183421734,0.003908659183421734
ouro,fixed,multihop,jlens_minus_raw,33,1,34,False,False,False,0.0,-0.004594873692567042,0.004594873692567042
ouro,fixed,multihop,jlens_minus_raw,34,1,35,False,False,False,0.0,-0.005612512769907612,0.005612512769907612
ouro,fixed,multihop,jlens_minus_raw,35,1,36,False,False,False,0.0,-0.0049237284651124525,0.0049237284651124525
ouro,fixed,multihop,jlens_minus_raw,36,1,37,False,False,False,0.0,-0.007293080054274081,0.007293080054274081
ouro,fixed,multihop,jlens_minus_raw,37,1,38,False,False,False,-0.022727272727272728,-0.010345997286295795,-0.012381275440976931
ouro,fixed,multihop,jlens_minus_raw,38,1,39,False,False,False,-0.045454545454545456,-0.007971506105834462,-0.037483039348710986
ouro,fixed,multihop,jlens_minus_raw,39,1,40,False,False,False,-0.06818181818181818,-0.008493174622753997,-0.0596886435590642
ouro,fixed,multihop,jlens_minus_raw,40,1,41,False,False,False,-0.13636363636363635,-0.014802181084406328,-0.12156145527923003
ouro,fixed,multihop,jlens_minus_raw,41,1,42,False,False,False,-0.14772727272727273,-0.01598685687898714,-0.1317404158482856
ouro,fixed,multihop,jlens_minus_raw,42,1,43,False,False,False,-0.20454545454545456,-0.015488395593551635,-0.18905705895190292
ouro,fixed,multihop,jlens_minus_raw,43,1,44,False,False,False,-0.25,-0.019556382107264063,-0.2304436178927359
ouro,fixed,multihop,jlens_minus_raw,44,1,45,False,False,False,-0.25,-0.025836962675497274,-0.22416303732450266
ouro,fixed,multihop,jlens_minus_raw,45,1,46,False,False,False,-0.25,-0.05894371910314922,-0.19105628089685087
ouro,fixed,multihop,jlens_minus_raw,46,1,47,False,False,False,-0.20454545454545456,-0.07353758859864692,-0.13100786594680758
ouro,fixed,multihop,jlens_minus_raw,47,1,48,True,False,False,-0.17045454545454544,-0.07421858444585715,-0.09623596100868827
ouro,fixed,multihop,jlens_minus_raw,48,2,1,False,False,False,-0.18181818181818182,-0.0475671546906282,-0.13425102712755357
ouro,fixed,multihop,jlens_minus_raw,49,2,2,False,False,False,-0.11363636363636363,-0.007974075901484313,-0.10566228773487935
ouro,fixed,multihop,jlens_minus_raw,50,2,3,False,False,False,-0.07954545454545454,-0.004772189592406688,-0.07477326495304785
ouro,fixed,multihop,jlens_minus_raw,51,2,4,False,False,False,-0.06818181818181818,-0.004247872209201923,-0.06393394597261624
ouro,fixed,multihop,jlens_minus_raw,52,2,5,False,False,False,-0.056818181818181816,-0.002726553184490769,-0.054091628633691054
ouro,fixed,multihop,jlens_minus_raw,53,2,6,False,False,False,-0.03409090909090909,0.00016189712594054517,-0.03425280621684963
ouro,fixed,multihop,jlens_minus_raw,54,2,7,False,False,False,-0.011363636363636364,0.001513530567126225,-0.01287716693076259
ouro,fixed,multihop,jlens_minus_raw,55,2,8,False,False,False,-0.011363636363636364,0.0025285998488169454,-0.013892236212453312
ouro,fixed,multihop,jlens_minus_raw,56,2,9,False,False,False,0.0,-0.0005217475875549147,0.0005217475875549147
ouro,fixed,multihop,jlens_minus_raw,57,2,10,False,False,False,0.011363636363636364,0.002202314871921385,0.009161321491714978
ouro,fixed,multihop,jlens_minus_raw,58,2,11,False,False,False,0.0,0.0033921302578018985,-0.0033921302578018985
ouro,fixed,multihop,jlens_minus_raw,59,2,12,False,False,False,0.0,0.008480325644504749,-0.008480325644504749
ouro,fixed,multihop,jlens_minus_raw,60,2,13,False,False,False,0.0,0.004409769335142469,-0.004409769335142469
ouro,fixed,multihop,jlens_minus_raw,61,2,14,False,False,False,-0.011363636363636364,0.0016960651289009492,-0.013059701492537316
ouro,fixed,multihop,jlens_minus_raw,62,2,15,False,False,False,-0.011363636363636364,-0.0023797098423964094,-0.008983926521239955
ouro,fixed,multihop,jlens_minus_raw,63,2,16,False,False,False,-0.022727272727272728,-0.002212673125156164,-0.020514599602116563
ouro,fixed,multihop,jlens_minus_raw,64,2,17,False,False,False,-0.13636363636363635,-0.004934086718347232,-0.1314295496452891
ouro,fixed,multihop,jlens_minus_raw,65,2,18,False,False,False,-0.14772727272727273,-0.0017115629734354295,-0.14601570975383726
ouro,fixed,multihop,jlens_minus_raw,66,2,19,False,False,False,-0.1590909090909091,-0.004936656513997082,-0.15415425257691198
ouro,fixed,multihop,jlens_minus_raw,67,2,20,False,False,False,-0.18181818181818182,-0.0035875137978258723,-0.17823066802035592
ouro,fixed,multihop,jlens_minus_raw,68,2,21,False,False,False,-0.17045454545454544,-0.0071518203641677165,-0.1633027250903777
ouro,fixed,multihop,jlens_minus_raw,69,2,22,False,False,False,-0.13636363636363635,-0.00036242025726421873,-0.13600121610637214
ouro,fixed,multihop,jlens_minus_raw,70,2,23,False,False,False,-0.1590909090909091,0.0001566784640054653,-0.15924758755491455
ouro,fixed,multihop,jlens_minus_raw,71,2,24,False,False,False,-0.056818181818181816,0.0020197803101466598,-0.05883796212832849
ouro,fixed,multihop,jlens_minus_raw,72,2,25,False,False,False,-0.14772727272727273,0.010482117385102458,-0.1582093901123752
ouro,fixed,multihop,jlens_minus_raw,73,2,26,False,False,False,-0.125,0.014067061387278484,-0.13906706138727845
ouro,fixed,multihop,jlens_minus_raw,74,2,27,False,False,False,-0.09090909090909091,0.016780765593520004,-0.1076898565026109
ouro,fixed,multihop,jlens_minus_raw,75,2,28,False,False,False,-0.10227272727272728,0.014570741334649062,-0.11684346860737635
ouro,fixed,multihop,jlens_minus_raw,76,2,29,False,False,False,-0.056818181818181816,0.008637083179145593,-0.0654552649973274
ouro,fixed,multihop,jlens_minus_raw,77,2,30,False,False,False,-0.03409090909090909,0.01881347395255129,-0.05290438304346041
ouro,fixed,multihop,jlens_minus_raw,78,2,31,False,False,False,-0.011363636363636364,0.026116833189424773,-0.03748046955306114
ouro,fixed,multihop,jlens_minus_raw,79,2,32,False,False,False,-0.011363636363636364,0.02460065375601332,-0.03596429011964968
ouro,fixed,multihop,jlens_minus_raw,80,2,33,False,False,False,-0.011363636363636364,0.022884030261913567,-0.03424766662554995
ouro,fixed,multihop,jlens_minus_raw,81,2,34,False,False,False,-0.022727272727272728,0.017788046417625793,-0.040515319144898525
ouro,fixed,multihop,jlens_minus_raw,82,2,35,False,False,False,-0.011363636363636364,0.01371235051696381,-0.025075986880600174
ouro,fixed,multihop,jlens_minus_raw,83,2,36,False,False,False,-0.011363636363636364,0.013727848361498292,-0.02509148472513466
ouro,fixed,multihop,jlens_minus_raw,84,2,37,False,False,False,0.011363636363636364,0.009667571234735413,0.0016960651289009516
ouro,fixed,multihop,jlens_minus_raw,85,2,38,False,False,False,-0.045454545454545456,0.0004959705604210353,-0.045950516014966476
ouro,fixed,multihop,jlens_minus_raw,86,2,39,False,False,False,-0.056818181818181816,-8.476489712159398e-19,-0.056818181818181816
ouro,fixed,multihop,jlens_minus_raw,87,2,40,False,False,False,-0.11363636363636363,0.0014748254911077167,-0.11511118912747134
ouro,fixed,multihop,jlens_minus_raw,88,2,41,False,False,False,-0.2727272727272727,-0.0017606263026887182,-0.2709666464245839
ouro,fixed,multihop,jlens_minus_raw,89,2,42,False,False,False,-0.29545454545454547,-0.0059930006673561634,-0.28946154478718916
ouro,fixed,multihop,jlens_minus_raw,90,2,43,False,False,False,-0.25,-0.0036313584651440816,-0.24636864153485585
ouro,fixed,multihop,jlens_minus_raw,91,2,44,False,False,False,-0.36363636363636365,-0.002099839328468908,-0.36153652430789457
ouro,fixed,multihop,jlens_minus_raw,92,2,45,False,False,False,-0.36363636363636365,-0.008380419896702122,-0.3552559437396614
ouro,fixed,multihop,jlens_minus_raw,93,2,46,False,False,False,-0.3977272727272727,-0.028232091291792792,-0.3694951814354799
ouro,fixed,multihop,jlens_minus_raw,94,2,47,False,False,False,-0.29545454545454547,-0.0626853415693307,-0.2327692038852148
ouro,fixed,multihop,jlens_minus_raw,95,2,48,True,False,False,-0.2840909090909091,-0.06590786531424253,-0.21818304377666664
ouro,fixed,multihop,jlens_minus_raw,96,3,1,False,False,False,-0.2727272727272727,-0.027725762478136965,-0.24500151024913575
ouro,fixed,multihop,jlens_minus_raw,97,3,2,False,False,False,-0.13636363636363635,0.007290510258624233,-0.1436541466222606
ouro,fixed,multihop,jlens_minus_raw,98,3,3,False,False,False,-0.056818181818181816,0.014244377287118127,-0.07106255910529993
ouro,fixed,multihop,jlens_minus_raw,99,3,4,False,False,False,-0.09090909090909091,0.008130833436125157,-0.09903992434521604
ouro,fixed,multihop,jlens_minus_raw,100,3,5,False,False,False,-0.11363636363636363,0.012216808519386535,-0.12585317215575018
ouro,fixed,multihop,jlens_minus_raw,101,3,6,False,False,False,-0.045454545454545456,0.01306227128818716,-0.05851681674273262
ouro,fixed,multihop,jlens_minus_raw,102,3,7,False,False,False,-0.03409090909090909,0.01510011923851815,-0.04919102832942724
ouro,fixed,multihop,jlens_minus_raw,103,3,8,False,False,False,0.0,0.01714053698449899,-0.01714053698449898
ouro,fixed,multihop,jlens_minus_raw,104,3,9,False,False,False,0.0,0.018322642983429956,-0.018322642983429945
ouro,fixed,multihop,jlens_minus_raw,105,3,10,False,False,False,0.022727272727272728,0.013226659139142179,0.009500613588130548
ouro,fixed,multihop,jlens_minus_raw,106,3,11,False,False,False,0.022727272727272728,0.013918013239587189,0.00880925948768554
ouro,fixed,multihop,jlens_minus_raw,107,3,12,False,False,False,0.011363636363636364,0.01578111508572838,-0.0044174787220920214
ouro,fixed,multihop,jlens_minus_raw,108,3,13,False,False,False,0.022727272727272728,0.014933082521277908,0.007794190205994819
ouro,fixed,multihop,jlens_minus_raw,109,3,14,False,False,False,-0.022727272727272728,0.013239587188026808,-0.03596685991529953
ouro,fixed,multihop,jlens_minus_raw,110,3,15,False,False,False,-0.022727272727272728,0.012047202006496444,-0.03477447473376918
ouro,fixed,multihop,jlens_minus_raw,111,3,16,False,False,False,-0.06818181818181818,0.01221680851938654,-0.08039862670120472
ouro,fixed,multihop,jlens_minus_raw,112,3,17,False,False,False,-0.19318181818181818,0.007282800871674686,-0.20046461905349292
ouro,fixed,multihop,jlens_minus_raw,113,3,18,False,False,False,-0.17045454545454544,0.01134548965281665,-0.18180003510736203
ouro,fixed,multihop,jlens_minus_raw,114,3,19,False,False,False,-0.22727272727272727,0.004720556467503549,-0.2319932837402308
ouro,fixed,multihop,jlens_minus_raw,115,3,20,False,False,False,-0.2840909090909091,0.003723554825997161,-0.28781446391690624
ouro,fixed,multihop,jlens_minus_raw,116,3,21,False,False,False,-0.22727272727272727,0.0020352781546811413,-0.22930800542740837
ouro,fixed,multihop,jlens_minus_raw,117,3,22,False,False,False,-0.19318181818181818,0.00015402959772023515,-0.19333584777953838
ouro,fixed,multihop,jlens_minus_raw,118,3,23,False,False,False,-0.17045454545454544,0.008654992678059166,-0.1791095381326046
ouro,fixed,multihop,jlens_minus_raw,119,3,24,False,False,False,-0.07954545454545454,0.00270848554430644,-0.08225394008976096
ouro,fixed,multihop,jlens_minus_raw,120,3,25,False,False,False,-0.14772727272727273,0.005409340772298706,-0.15313661349957142
ouro,fixed,multihop,jlens_minus_raw,121,3,26,False,False,False,-0.1590909090909091,0.000984152663257141,-0.1600750617541662
ouro,fixed,multihop,jlens_minus_raw,122,3,27,False,False,False,-0.14772727272727273,0.0015109607714763767,-0.1492382334987491
ouro,fixed,multihop,jlens_minus_raw,123,3,28,False,False,False,-0.14772727272727273,-0.0017218421560348293,-0.14600543057123788
ouro,fixed,multihop,jlens_minus_raw,124,3,29,False,False,False,-0.11363636363636363,-0.002909087746265494,-0.11072727589009813
ouro,fixed,multihop,jlens_minus_raw,125,3,30,False,False,False,-0.09090909090909091,-0.0010408463088245994,-0.08986824460026631
ouro,fixed,multihop,jlens_minus_raw,126,3,31,False,False,False,-0.10227272727272728,-0.0030606266189712587,-0.09921210065375599
ouro,fixed,multihop,jlens_minus_raw,127,3,32,False,False,False,-0.056818181818181816,2.6488662852297883e-06,-0.056820830684467034
ouro,fixed,multihop,jlens_minus_raw,128,3,33,False,False,False,-0.056818181818181816,-0.005268081082192343,-0.05155010073598945
ouro,fixed,multihop,jlens_minus_raw,129,3,34,False,False,False,-0.045454545454545456,-0.005275869539777273,-0.04017867591476818
ouro,fixed,multihop,jlens_minus_raw,130,3,35,False,False,False,-0.056818181818181816,-0.005445476052667367,-0.05137270576551445
ouro,fixed,multihop,jlens_minus_raw,131,3,36,False,False,False,-0.03409090909090909,-0.006971934668678222,-0.027118974422230865
ouro,fixed,multihop,jlens_minus_raw,132,3,37,False,False,False,-0.045454545454545456,-0.008655071748694544,-0.03679947370585091
ouro,fixed,multihop,jlens_minus_raw,133,3,38,False,False,False,-0.11363636363636363,-0.012900374162246625,-0.10073598947411698
ouro,fixed,multihop,jlens_minus_raw,134,3,39,False,False,False,-0.17045454545454544,-0.014254577399082152,-0.1561999680554633
ouro,fixed,multihop,jlens_minus_raw,135,3,40,False,False,False,-0.25,-0.01719738877133721,-0.23280261122866272
ouro,fixed,multihop,jlens_minus_raw,136,3,41,False,False,False,-0.29545454545454547,-0.01974662605598834,-0.27570791939855704
ouro,fixed,multihop,jlens_minus_raw,137,3,42,False,False,False,-0.3181818181818182,-0.019227448264083274,-0.29895436991773483
ouro,fixed,multihop,jlens_minus_raw,138,3,43,False,False,False,-0.2840909090909091,-0.013111255546805069,-0.27097965354410397
ouro,fixed,multihop,jlens_minus_raw,139,3,44,False,False,False,-0.3409090909090909,-0.009544458255448758,-0.3313646326536422
ouro,fixed,multihop,jlens_minus_raw,140,3,45,False,False,False,-0.2840909090909091,-0.010066126772368296,-0.27402478231854066
ouro,fixed,multihop,jlens_minus_raw,141,3,46,False,False,False,-0.3181818181818182,-0.020921022667969753,-0.29726079551384843
ouro,fixed,multihop,jlens_minus_raw,142,3,47,False,False,False,-0.2159090909090909,-0.055872813301578554,-0.16003627760751227
ouro,fixed,multihop,jlens_minus_raw,143,3,48,True,False,False,-0.25,-0.06623165956612359,-0.18376834043387644
ouro,fixed,multihop,jlens_minus_raw,144,4,1,False,False,False,-0.1590909090909091,-0.013095836772905973,-0.1459950723180031
ouro,fixed,multihop,jlens_minus_raw,145,4,2,False,False,False,-0.03409090909090909,0.012908083549196168,-0.04699899264010525
ouro,fixed,multihop,jlens_minus_raw,146,4,3,False,False,False,-0.011363636363636364,0.011705419185066403,-0.02306905554870276
ouro,fixed,multihop,jlens_minus_raw,147,4,4,False,False,False,-0.09090909090909091,-0.001354282307470909,-0.08955480860162
ouro,fixed,multihop,jlens_minus_raw,148,4,5,False,False,False,-0.125,-0.0037313432835820895,-0.1212686567164179
ouro,fixed,multihop,jlens_minus_raw,149,4,6,False,False,False,-0.045454545454545456,-0.0006809958472102288,-0.04477354960733522
ouro,fixed,multihop,jlens_minus_raw,150,4,7,False,False,False,0.022727272727272728,0.0028910201060811645,0.019836252621191573
ouro,fixed,multihop,jlens_minus_raw,151,4,8,False,False,False,0.03409090909090909,0.0071311829283335374,0.026959726162575547
ouro,fixed,multihop,jlens_minus_raw,152,4,9,False,False,False,0.045454545454545456,0.00407569590066198,0.04137884955388347
ouro,fixed,multihop,jlens_minus_raw,153,4,10,False,False,False,0.05303030303030303,0.00339470005345175,0.04963560297685128
ouro,fixed,multihop,jlens_minus_raw,154,4,11,False,False,False,0.045454545454545456,0.0028884503104313146,0.04256609514411413
ouro,fixed,multihop,jlens_minus_raw,155,4,12,False,False,False,0.03409090909090909,0.004931437852062004,0.029159471238847087
ouro,fixed,multihop,jlens_minus_raw,156,4,13,False,False,False,0.045454545454545456,0.004926298260762304,0.040528247193783146
ouro,fixed,multihop,jlens_minus_raw,157,4,14,False,False,False,-0.022727272727272728,0.0022151638501706344,-0.02494243657744336
ouro,fixed,multihop,jlens_minus_raw,158,4,15,False,False,False,-0.045454545454545456,-0.0006707166646108293,-0.044783828789934636
ouro,fixed,multihop,jlens_minus_raw,159,4,16,False,False,False,-0.09090909090909091,0.0006757771852751496,-0.09158486809436606
ouro,fixed,multihop,jlens_minus_raw,160,4,17,False,False,False,-0.056818181818181816,-0.0003702877854845297,-0.0564478940326973
ouro,fixed,multihop,jlens_minus_raw,161,4,18,False,False,False,-0.09090909090909091,0.00015145980207038537,-0.0910605507111613
ouro,fixed,multihop,jlens_minus_raw,162,4,19,False,False,False,-0.14772727272727273,-0.0005243964538401448,-0.14720287627343256
ouro,fixed,multihop,jlens_minus_raw,163,4,20,False,False,False,-0.09090909090909091,0.003214735287326875,-0.09412382619641776
ouro,fixed,multihop,jlens_minus_raw,164,4,21,False,False,False,-0.09090909090909091,0.002204805596935855,-0.09311389650602675
ouro,fixed,multihop,jlens_minus_raw,165,4,22,False,False,False,-0.03409090909090909,-0.001189815385880514,-0.032901093705028576
ouro,fixed,multihop,jlens_minus_raw,166,4,23,False,False,False,-0.03409090909090909,0.0017089931777855795,-0.03579990226869468
ouro,fixed,multihop,jlens_minus_raw,167,4,24,False,False,False,0.03409090909090909,0.0006809958472102296,0.033409913243698894
ouro,fixed,multihop,jlens_minus_raw,168,4,25,False,False,False,0.125,0.004581945643682414,0.12041805435631758
ouro,fixed,multihop,jlens_minus_raw,169,4,26,False,False,False,0.1590909090909091,0.0011769664076312649,0.15791394268327785
ouro,fixed,multihop,jlens_minus_raw,170,4,27,False,False,False,0.11363636363636363,0.00017217630853994494,0.11346418732782369
ouro,fixed,multihop,jlens_minus_raw,171,4,28,False,False,False,0.20454545454545456,0.0028807409234817643,0.20166471362197272
ouro,fixed,multihop,jlens_minus_raw,172,4,29,False,False,False,0.2159090909090909,0.0025440976933514244,0.21336499321573948
ouro,fixed,multihop,jlens_minus_raw,173,4,30,False,False,False,0.20454545454545456,0.001523888820361005,0.20302156572509353
ouro,fixed,multihop,jlens_minus_raw,174,4,31,False,False,False,0.22727272727272727,0.0035720950239267746,0.22370063224880044
ouro,fixed,multihop,jlens_minus_raw,175,4,32,False,False,False,0.25,0.004083484358246908,0.24591651564175301
ouro,fixed,multihop,jlens_minus_raw,176,4,33,False,False,False,0.20454545454545456,0.0006887843047951596,0.20385667024065937
ouro,fixed,multihop,jlens_minus_raw,177,4,34,False,False,False,0.22727272727272727,0.0025595955378859047,0.2247131317348413
ouro,fixed,multihop,jlens_minus_raw,178,4,35,False,False,False,0.20454545454545456,0.0012104528217146942,0.20333500172373983
ouro,fixed,multihop,jlens_minus_raw,179,4,36,False,False,False,0.19318181818181818,-0.002186817027386905,0.19536863520920508
ouro,fixed,multihop,jlens_minus_raw,180,4,37,False,False,False,0.13636363636363635,-0.0050701277465185195,0.14143376411015487
ouro,fixed,multihop,jlens_minus_raw,181,4,38,False,False,False,0.06818181818181818,-0.005075267337818218,0.0732570855196364
ouro,fixed,multihop,jlens_minus_raw,182,4,39,False,False,False,0.07954545454545454,-0.004057628260477649,0.08360308280593219
ouro,fixed,multihop,jlens_minus_raw,183,4,40,False,False,False,-0.03409090909090909,-0.007290510258624232,-0.02680039883228486
ouro,fixed,multihop,jlens_minus_raw,184,4,41,False,False,False,-0.011363636363636364,-0.004918588873812752,-0.00644504748982363
ouro,fixed,multihop,jlens_minus_raw,185,4,42,False,False,False,-0.022727272727272728,-0.007791541339709589,-0.01493573138756314
ouro,fixed,multihop,jlens_minus_raw,186,4,43,False,False,False,-0.022727272727272728,-0.0016986349245508,-0.02102863780272192
ouro,fixed,multihop,jlens_minus_raw,187,4,44,False,False,False,-0.045454545454545456,0.00712861313268369,-0.052583158587229166
ouro,fixed,multihop,jlens_minus_raw,188,4,45,False,False,False,0.07954545454545454,0.007457467905229099,0.07208798664022545
ouro,fixed,multihop,jlens_minus_raw,189,4,46,False,False,False,-0.03409090909090909,0.01781896303605937,-0.05190987212696847
ouro,fixed,multihop,jlens_minus_raw,190,4,47,False,False,False,-0.011363636363636364,-0.0018733810287405942,-0.009490255334895765
ouro,fixed,multihop,jlens_minus_raw,191,4,48,True,True,False,0.0,0.0,0.0
ouro,fixed,order-ops,raw,0,1,1,False,False,False,0.058823529411764705,0.06485671191553546,-0.0060331825037707254
ouro,fixed,order-ops,raw,1,1,2,False,False,False,0.0392156862745098,0.03469079939668174,0.0045248868778280625
ouro,fixed,order-ops,raw,2,1,3,False,False,False,0.0,0.0,0.0
ouro,fixed,order-ops,raw,3,1,4,False,False,False,0.0,0.0,0.0
ouro,fixed,order-ops,raw,4,1,5,False,False,False,0.0392156862745098,0.028657616892911,0.0105580693815988
ouro,fixed,order-ops,raw,5,1,6,False,False,False,0.0,0.0015082956259426848,-0.0015082956259426848
ouro,fixed,order-ops,raw,6,1,7,False,False,False,0.0,0.0,0.0
ouro,fixed,order-ops,raw,7,1,8,False,False,False,0.0,0.0,0.0
ouro,fixed,order-ops,raw,8,1,9,False,False,False,0.0,0.0,0.0
ouro,fixed,order-ops,raw,9,1,10,False,False,False,0.0,0.0,0.0
ouro,fixed,order-ops,raw,10,1,11,False,False,False,0.0,0.0,0.0
ouro,fixed,order-ops,raw,11,1,12,False,False,False,0.0,0.0,0.0
ouro,fixed,order-ops,raw,12,1,13,False,False,False,0.0,0.0,0.0
ouro,fixed,order-ops,raw,13,1,14,False,False,False,0.0,0.004524886877828055,-0.004524886877828055
ouro,fixed,order-ops,raw,14,1,15,False,False,False,0.0,0.00904977375565611,-0.00904977375565611
ouro,fixed,order-ops,raw,15,1,16,False,False,False,0.0,0.007541478129713424,-0.007541478129713424
ouro,fixed,order-ops,raw,16,1,17,False,False,False,0.0,0.004524886877828055,-0.004524886877828055
ouro,fixed,order-ops,raw,17,1,18,False,False,False,0.0,0.024132730015082954,-0.024132730015082954
ouro,fixed,order-ops,raw,18,1,19,False,False,False,0.29411764705882354,0.025641025641025637,0.26847662141779793
ouro,fixed,order-ops,raw,19,1,20,False,False,False,0.5294117647058824,0.0392156862745098,0.4901960784313727
ouro,fixed,order-ops,raw,20,1,21,False,False,False,0.3333333333333333,0.02262443438914027,0.3107088989441931
ouro,fixed,order-ops,raw,21,1,22,False,False,False,0.39215686274509803,0.024132730015082954,0.36802413273001516
ouro,fixed,order-ops,raw,22,1,23,False,False,False,0.4117647058823529,0.021116138763197585,0.3906485671191554
ouro,fixed,order-ops,raw,23,1,24,False,False,False,0.37254901960784315,0.021116138763197585,0.35143288084464563
ouro,fixed,order-ops,raw,24,1,25,False,False,False,0.5490196078431373,0.09653092006033182,0.45248868778280554
ouro,fixed,order-ops,raw,25,1,26,False,False,False,0.5882352941176471,0.09200603318250378,0.49622926093514347
ouro,fixed,order-ops,raw,26,1,27,False,False,False,0.5882352941176471,0.07843137254901962,0.5098039215686276
ouro,fixed,order-ops,raw,27,1,28,False,False,False,0.5098039215686274,0.07239819004524888,0.43740573152337875
ouro,fixed,order-ops,raw,28,1,29,False,False,False,0.5490196078431373,0.06485671191553546,0.484162895927602
ouro,fixed,order-ops,raw,29,1,30,False,False,False,0.5098039215686274,0.06334841628959278,0.4464555052790348
ouro,fixed,order-ops,raw,30,1,31,False,False,False,0.5098039215686274,0.04524886877828054,0.464555052790347
ouro,fixed,order-ops,raw,31,1,32,False,False,False,0.39215686274509803,0.028657616892911,0.3634992458521871
ouro,fixed,order-ops,raw,32,1,33,False,False,False,0.49019607843137253,0.04524886877828054,0.4449472096530921
ouro,fixed,order-ops,raw,33,1,34,False,False,False,0.45098039215686275,0.04826546003016591,0.40271493212669696
ouro,fixed,order-ops,raw,34,1,35,False,False,False,0.3333333333333333,0.02865761689291101,0.30467571644042235
ouro,fixed,order-ops,raw,35,1,36,False,False,False,0.21568627450980393,0.01659125188536953,0.1990950226244344
ouro,fixed,order-ops,raw,36,1,37,False,False,False,0.39215686274509803,0.039215686274509796,0.35294117647058826
ouro,fixed,order-ops,raw,37,1,38,False,False,False,0.49019607843137253,0.08748114630467572,0.40271493212669685
ouro,fixed,order-ops,raw,38,1,39,False,False,False,0.43137254901960786,0.06033182503770739,0.3710407239819005
ouro,fixed,order-ops,raw,39,1,40,False,False,False,0.45098039215686275,0.06938159879336352,0.38159879336349933
ouro,fixed,order-ops,raw,40,1,41,False,False,False,0.47058823529411764,0.07993966817496233,0.3906485671191554
ouro,fixed,order-ops,raw,41,1,42,False,False,False,0.5294117647058824,0.12820512820512825,0.4012066365007543
ouro,fixed,order-ops,raw,42,1,43,False,False,False,0.5294117647058824,0.1191553544494721,0.41025641025641046
ouro,fixed,order-ops,raw,43,1,44,False,False,False,0.6078431372549019,0.1900452488687782,0.4177978883861238
ouro,fixed,order-ops,raw,44,1,45,False,False,False,0.6862745098039216,0.2639517345399698,0.4223227752639519
ouro,fixed,order-ops,raw,45,1,46,False,False,False,0.5294117647058824,0.2503770739064858,0.2790346907993966
ouro,fixed,order-ops,raw,46,1,47,False,False,False,0.5294117647058824,0.36048265460030166,0.16892911010558068
ouro,fixed,order-ops,raw,47,1,48,True,False,False,0.5294117647058824,0.3800904977375563,0.14932126696832576
ouro,fixed,order-ops,raw,48,2,1,False,False,False,0.47058823529411764,0.20211161387631982,0.26847662141779777
ouro,fixed,order-ops,raw,49,2,2,False,False,False,0.45098039215686275,0.12066365007541481,0.3303167420814481
ouro,fixed,order-ops,raw,50,2,3,False,False,False,0.27450980392156865,0.019607843137254898,0.2549019607843138
ouro,fixed,order-ops,raw,51,2,4,False,False,False,0.2549019607843137,0.0196078431372549,0.23529411764705882
ouro,fixed,order-ops,raw,52,2,5,False,False,False,0.23529411764705882,0.015082956259426848,0.22021116138763197
ouro,fixed,order-ops,raw,53,2,6,False,False,False,0.19607843137254902,0.0015082956259426848,0.19457013574660634
ouro,fixed,order-ops,raw,54,2,7,False,False,False,0.13725490196078433,0.0015082956259426848,0.13574660633484165
ouro,fixed,order-ops,raw,55,2,8,False,False,False,0.058823529411764705,0.0015082956259426848,0.057315233785822026
ouro,fixed,order-ops,raw,56,2,9,False,False,False,0.0196078431372549,0.0015082956259426848,0.01809954751131222
ouro,fixed,order-ops,raw,57,2,10,False,False,False,0.0196078431372549,0.0030165912518853697,0.016591251885369536
ouro,fixed,order-ops,raw,58,2,11,False,False,False,0.0392156862745098,0.004524886877828055,0.03469079939668175
ouro,fixed,order-ops,raw,59,2,12,False,False,False,0.058823529411764705,0.0015082956259426848,0.057315233785822026
ouro,fixed,order-ops,raw,60,2,13,False,False,False,0.11764705882352941,0.0030165912518853697,0.11463046757164404
ouro,fixed,order-ops,raw,61,2,14,False,False,False,0.0392156862745098,0.0015082956259426848,0.03770739064856712
ouro,fixed,order-ops,raw,62,2,15,False,False,False,0.0,0.0015082956259426848,-0.0015082956259426848
ouro,fixed,order-ops,raw,63,2,16,False,False,False,0.0,0.0015082956259426848,-0.0015082956259426848
ouro,fixed,order-ops,raw,64,2,17,False,False,False,0.0,0.0,0.0
ouro,fixed,order-ops,raw,65,2,18,False,False,False,0.0196078431372549,0.010558069381598796,0.009049773755656108
ouro,fixed,order-ops,raw,66,2,19,False,False,False,0.13725490196078433,0.025641025641025647,0.11161387631975866
ouro,fixed,order-ops,raw,67,2,20,False,False,False,0.29411764705882354,0.02714932126696833,0.2669683257918552
ouro,fixed,order-ops,raw,68,2,21,False,False,False,0.17647058823529413,0.02262443438914027,0.15384615384615383
ouro,fixed,order-ops,raw,69,2,22,False,False,False,0.1568627450980392,0.028657616892911013,0.12820512820512822
ouro,fixed,order-ops,raw,70,2,23,False,False,False,0.17647058823529413,0.04072398190045248,0.13574660633484165
ouro,fixed,order-ops,raw,71,2,24,False,False,False,0.11764705882352941,0.04374057315233786,0.07390648567119154
ouro,fixed,order-ops,raw,72,2,25,False,False,False,0.19607843137254902,0.10859728506787332,0.08748114630467572
ouro,fixed,order-ops,raw,73,2,26,False,False,False,0.21568627450980393,0.08597285067873305,0.12971342383107087
ouro,fixed,order-ops,raw,74,2,27,False,False,False,0.19607843137254902,0.08446455505279037,0.11161387631975869
ouro,fixed,order-ops,raw,75,2,28,False,False,False,0.23529411764705882,0.07239819004524888,0.16289592760181001
ouro,fixed,order-ops,raw,76,2,29,False,False,False,0.19607843137254902,0.061840120663650085,0.134238310708899
ouro,fixed,order-ops,raw,77,2,30,False,False,False,0.17647058823529413,0.05580693815987934,0.12066365007541482
ouro,fixed,order-ops,raw,78,2,31,False,False,False,0.0784313725490196,0.048265460030165915,0.030165912518853706
ouro,fixed,order-ops,raw,79,2,32,False,False,False,0.0784313725490196,0.04374057315233786,0.03469079939668175
ouro,fixed,order-ops,raw,80,2,33,False,False,False,0.11764705882352941,0.06485671191553546,0.05279034690799395
ouro,fixed,order-ops,raw,81,2,34,False,False,False,0.1568627450980392,0.0723981900452489,0.08446455505279031
ouro,fixed,order-ops,raw,82,2,35,False,False,False,0.11764705882352941,0.05429864253393665,0.06334841628959273
ouro,fixed,order-ops,raw,83,2,36,False,False,False,0.11764705882352941,0.04374057315233786,0.07390648567119153
ouro,fixed,order-ops,raw,84,2,37,False,False,False,0.17647058823529413,0.06485671191553546,0.11161387631975866
ouro,fixed,order-ops,raw,85,2,38,False,False,False,0.21568627450980393,0.10407239819004528,0.11161387631975868
ouro,fixed,order-ops,raw,86,2,39,False,False,False,0.17647058823529413,0.07843137254901962,0.09803921568627452
ouro,fixed,order-ops,raw,87,2,40,False,False,False,0.19607843137254902,0.0874811463046757,0.10859728506787335
ouro,fixed,order-ops,raw,88,2,41,False,False,False,0.21568627450980393,0.09803921568627451,0.11764705882352942
ouro,fixed,order-ops,raw,89,2,42,False,False,False,0.29411764705882354,0.1463046757164404,0.14781297134238314
ouro,fixed,order-ops,raw,90,2,43,False,False,False,0.29411764705882354,0.13725490196078433,0.1568627450980392
ouro,fixed,order-ops,raw,91,2,44,False,False,False,0.35294117647058826,0.15987933634992457,0.19306184012066366
ouro,fixed,order-ops,raw,92,2,45,False,False,False,0.37254901960784315,0.2141779788838612,0.15837104072398184
ouro,fixed,order-ops,raw,93,2,46,False,False,False,0.47058823529411764,0.23529411764705885,0.2352941176470588
ouro,fixed,order-ops,raw,94,2,47,False,False,False,0.5882352941176471,0.3846153846153846,0.2036199095022625
ouro,fixed,order-ops,raw,95,2,48,True,False,False,0.5294117647058824,0.42081447963800883,0.10859728506787326
ouro,fixed,order-ops,raw,96,3,1,False,False,False,0.39215686274509803,0.15837104072398187,0.23378582202111622
ouro,fixed,order-ops,raw,97,3,2,False,False,False,0.3137254901960784,0.08597285067873302,0.22775263951734545
ouro,fixed,order-ops,raw,98,3,3,False,False,False,0.17647058823529413,0.028657616892911006,0.1478129713423831
ouro,fixed,order-ops,raw,99,3,4,False,False,False,0.21568627450980393,0.045248868778280556,0.1704374057315234
ouro,fixed,order-ops,raw,100,3,5,False,False,False,0.23529411764705882,0.039215686274509796,0.19607843137254904
ouro,fixed,order-ops,raw,101,3,6,False,False,False,0.13725490196078433,0.021116138763197585,0.11613876319758674
ouro,fixed,order-ops,raw,102,3,7,False,False,False,0.058823529411764705,0.015082956259426846,0.04374057315233785
ouro,fixed,order-ops,raw,103,3,8,False,False,False,0.058823529411764705,0.012066365007541479,0.04675716440422322
ouro,fixed,order-ops,raw,104,3,9,False,False,False,0.0392156862745098,0.010558069381598796,0.028657616892911013
ouro,fixed,order-ops,raw,105,3,10,False,False,False,0.0196078431372549,0.010558069381598796,0.00904977375565611
ouro,fixed,order-ops,raw,106,3,11,False,False,False,0.0196078431372549,0.013574660633484163,0.00603318250377074
ouro,fixed,order-ops,raw,107,3,12,False,False,False,0.0196078431372549,0.006033182503770739,0.013574660633484167
ouro,fixed,order-ops,raw,108,3,13,False,False,False,0.0392156862745098,0.00904977375565611,0.030165912518853696
ouro,fixed,order-ops,raw,109,3,14,False,False,False,0.0196078431372549,0.00904977375565611,0.010558069381598796
ouro,fixed,order-ops,raw,110,3,15,False,False,False,0.0,0.0030165912518853697,-0.0030165912518853697
ouro,fixed,order-ops,raw,111,3,16,False,False,False,0.0,0.004524886877828055,-0.004524886877828055
ouro,fixed,order-ops,raw,112,3,17,False,False,False,0.0196078431372549,0.0030165912518853697,0.016591251885369532
ouro,fixed,order-ops,raw,113,3,18,False,False,False,0.0,0.010558069381598796,-0.010558069381598796
ouro,fixed,order-ops,raw,114,3,19,False,False,False,0.1568627450980392,0.02714932126696833,0.12971342383107087
ouro,fixed,order-ops,raw,115,3,20,False,False,False,0.23529411764705882,0.022624434389140274,0.2126696832579185
ouro,fixed,order-ops,raw,116,3,21,False,False,False,0.1568627450980392,0.025641025641025637,0.13122171945701358
ouro,fixed,order-ops,raw,117,3,22,False,False,False,0.13725490196078433,0.024132730015082957,0.11312217194570136
ouro,fixed,order-ops,raw,118,3,23,False,False,False,0.11764705882352941,0.02564102564102564,0.09200603318250376
ouro,fixed,order-ops,raw,119,3,24,False,False,False,0.0784313725490196,0.03167420814479637,0.04675716440422323
ouro,fixed,order-ops,raw,120,3,25,False,False,False,0.19607843137254902,0.1085972850678733,0.08748114630467577
ouro,fixed,order-ops,raw,121,3,26,False,False,False,0.17647058823529413,0.09351432880844641,0.08295625942684764
ouro,fixed,order-ops,raw,122,3,27,False,False,False,0.1568627450980392,0.08295625942684766,0.07390648567119157
ouro,fixed,order-ops,raw,123,3,28,False,False,False,0.11764705882352941,0.05731523378582203,0.06033182503770738
ouro,fixed,order-ops,raw,124,3,29,False,False,False,0.0784313725490196,0.05128205128205127,0.02714932126696833
ouro,fixed,order-ops,raw,125,3,30,False,False,False,0.09803921568627451,0.057315233785822026,0.040723981900452476
ouro,fixed,order-ops,raw,126,3,31,False,False,False,0.0784313725490196,0.04374057315233785,0.03469079939668175
ouro,fixed,order-ops,raw,127,3,32,False,False,False,0.058823529411764705,0.03469079939668174,0.024132730015082957
ouro,fixed,order-ops,raw,128,3,33,False,False,False,0.11764705882352941,0.07541478129713423,0.04223227752639516
ouro,fixed,order-ops,raw,129,3,34,False,False,False,0.09803921568627451,0.06636500754147814,0.03167420814479638
ouro,fixed,order-ops,raw,130,3,35,False,False,False,0.0784313725490196,0.060331825037707405,0.018099547511312226
ouro,fixed,order-ops,raw,131,3,36,False,False,False,0.058823529411764705,0.051282051282051294,0.007541478129713419
ouro,fixed,order-ops,raw,132,3,37,False,False,False,0.1568627450980392,0.07239819004524888,0.08446455505279038
ouro,fixed,order-ops,raw,133,3,38,False,False,False,0.13725490196078433,0.09049773755656108,0.04675716440422322
ouro,fixed,order-ops,raw,134,3,39,False,False,False,0.17647058823529413,0.08144796380090498,0.09502262443438915
ouro,fixed,order-ops,raw,135,3,40,False,False,False,0.1568627450980392,0.08144796380090498,0.07541478129713419
ouro,fixed,order-ops,raw,136,3,41,False,False,False,0.3137254901960784,0.0889894419306184,0.22473604826546006
ouro,fixed,order-ops,raw,137,3,42,False,False,False,0.37254901960784315,0.15233785822021118,0.220211161387632
ouro,fixed,order-ops,raw,138,3,43,False,False,False,0.3333333333333333,0.1523378582202112,0.1809954751131222
ouro,fixed,order-ops,raw,139,3,44,False,False,False,0.4117647058823529,0.16289592760181001,0.24886877828054307
ouro,fixed,order-ops,raw,140,3,45,False,False,False,0.47058823529411764,0.19607843137254902,0.27450980392156865
ouro,fixed,order-ops,raw,141,3,46,False,False,False,0.49019607843137253,0.2639517345399699,0.22624434389140274
ouro,fixed,order-ops,raw,142,3,47,False,False,False,0.5882352941176471,0.4208144796380089,0.16742081447963797
ouro,fixed,order-ops,raw,143,3,48,True,False,False,0.5490196078431373,0.4404223227752638,0.10859728506787328
ouro,fixed,order-ops,raw,144,4,1,False,False,False,0.3333333333333333,0.12971342383107093,0.20361990950226241
ouro,fixed,order-ops,raw,145,4,2,False,False,False,0.23529411764705882,0.05882352941176471,0.17647058823529418
ouro,fixed,order-ops,raw,146,4,3,False,False,False,0.17647058823529413,0.030165912518853685,0.14630467571644043
ouro,fixed,order-ops,raw,147,4,4,False,False,False,0.27450980392156865,0.0693815987933635,0.2051282051282052
ouro,fixed,order-ops,raw,148,4,5,False,False,False,0.29411764705882354,0.0889894419306184,0.20512820512820518
ouro,fixed,order-ops,raw,149,4,6,False,False,False,0.13725490196078433,0.04223227752639517,0.09502262443438916
ouro,fixed,order-ops,raw,150,4,7,False,False,False,0.0392156862745098,0.0196078431372549,0.019607843137254905
ouro,fixed,order-ops,raw,151,4,8,False,False,False,0.0196078431372549,0.015082956259426846,0.004524886877828056
ouro,fixed,order-ops,raw,152,4,9,False,False,False,0.0196078431372549,0.015082956259426846,0.004524886877828052
ouro,fixed,order-ops,raw,153,4,10,False,False,False,0.0196078431372549,0.015082956259426851,0.004524886877828052
ouro,fixed,order-ops,raw,154,4,11,False,False,False,0.0,0.012066365007541479,-0.012066365007541479
ouro,fixed,order-ops,raw,155,4,12,False,False,False,0.0196078431372549,0.010558069381598796,0.00904977375565611
ouro,fixed,order-ops,raw,156,4,13,False,False,False,0.0392156862745098,0.007541478129713424,0.03167420814479638
ouro,fixed,order-ops,raw,157,4,14,False,False,False,0.0196078431372549,0.010558069381598796,0.00904977375565611
ouro,fixed,order-ops,raw,158,4,15,False,False,False,0.0,0.00904977375565611,-0.00904977375565611
ouro,fixed,order-ops,raw,159,4,16,False,False,False,0.0,0.006033182503770739,-0.006033182503770739
ouro,fixed,order-ops,raw,160,4,17,False,False,False,0.0196078431372549,0.00904977375565611,0.010558069381598796
ouro,fixed,order-ops,raw,161,4,18,False,False,False,0.0,0.015082956259426846,-0.015082956259426846
ouro,fixed,order-ops,raw,162,4,19,False,False,False,0.1568627450980392,0.0196078431372549,0.13725490196078433
ouro,fixed,order-ops,raw,163,4,20,False,False,False,0.23529411764705882,0.01809954751131222,0.2171945701357466
ouro,fixed,order-ops,raw,164,4,21,False,False,False,0.17647058823529413,0.02714932126696832,0.1493212669683258
ouro,fixed,order-ops,raw,165,4,22,False,False,False,0.21568627450980393,0.030165912518853685,0.1855203619909503
ouro,fixed,order-ops,raw,166,4,23,False,False,False,0.17647058823529413,0.024132730015082957,0.15233785822021118
ouro,fixed,order-ops,raw,167,4,24,False,False,False,0.09803921568627451,0.019607843137254898,0.07843137254901959
ouro,fixed,order-ops,raw,168,4,25,False,False,False,0.2549019607843137,0.0874811463046757,0.167420814479638
ouro,fixed,order-ops,raw,169,4,26,False,False,False,0.29411764705882354,0.09200603318250376,0.20211161387631985
ouro,fixed,order-ops,raw,170,4,27,False,False,False,0.27450980392156865,0.0904977375565611,0.1840120663650076
ouro,fixed,order-ops,raw,171,4,28,False,False,False,0.27450980392156865,0.07239819004524889,0.20211161387631976
ouro,fixed,order-ops,raw,172,4,29,False,False,False,0.19607843137254902,0.06485671191553546,0.1312217194570136
ouro,fixed,order-ops,raw,173,4,30,False,False,False,0.17647058823529413,0.06033182503770741,0.1161387631975867
ouro,fixed,order-ops,raw,174,4,31,False,False,False,0.13725490196078433,0.049773755656108594,0.08748114630467568
ouro,fixed,order-ops,raw,175,4,32,False,False,False,0.0784313725490196,0.04223227752639516,0.03619909502262446
ouro,fixed,order-ops,raw,176,4,33,False,False,False,0.17647058823529413,0.06485671191553546,0.11161387631975868
ouro,fixed,order-ops,raw,177,4,34,False,False,False,0.13725490196078433,0.061840120663650085,0.07541478129713419
ouro,fixed,order-ops,raw,178,4,35,False,False,False,0.1568627450980392,0.0512820512820513,0.10558069381598792
ouro,fixed,order-ops,raw,179,4,36,False,False,False,0.13725490196078433,0.05580693815987935,0.08144796380090494
ouro,fixed,order-ops,raw,180,4,37,False,False,False,0.29411764705882354,0.08597285067873302,0.20814479638009056
ouro,fixed,order-ops,raw,181,4,38,False,False,False,0.2549019607843137,0.10105580693815988,0.15384615384615388
ouro,fixed,order-ops,raw,182,4,39,False,False,False,0.2549019607843137,0.07692307692307694,0.17797888386123684
ouro,fixed,order-ops,raw,183,4,40,False,False,False,0.3333333333333333,0.08144796380090498,0.25188536953242846
ouro,fixed,order-ops,raw,184,4,41,False,False,False,0.39215686274509803,0.09351432880844644,0.2986425339366518
ouro,fixed,order-ops,raw,185,4,42,False,False,False,0.47058823529411764,0.14932126696832584,0.32126696832579205
ouro,fixed,order-ops,raw,186,4,43,False,False,False,0.47058823529411764,0.1417797888386124,0.3288084464555054
ouro,fixed,order-ops,raw,187,4,44,False,False,False,0.49019607843137253,0.14177978883861236,0.3484162895927603
ouro,fixed,order-ops,raw,188,4,45,False,False,False,0.5098039215686274,0.17345399698340877,0.3363499245852188
ouro,fixed,order-ops,raw,189,4,46,False,False,False,0.49019607843137253,0.24132730015082962,0.24886877828054293
ouro,fixed,order-ops,raw,190,4,47,False,False,False,0.5686274509803921,0.42986425339366496,0.138763197586727
ouro,fixed,order-ops,raw,191,4,48,True,True,False,0.5490196078431373,0.4374057315233784,0.11161387631975862
ouro,fixed,order-ops,jlens,0,1,1,False,False,False,0.0,0.0,0.0
ouro,fixed,order-ops,jlens,1,1,2,False,False,False,0.0,0.0,0.0
ouro,fixed,order-ops,jlens,2,1,3,False,False,False,0.0,0.0,0.0
ouro,fixed,order-ops,jlens,3,1,4,False,False,False,0.0,0.0,0.0
ouro,fixed,order-ops,jlens,4,1,5,False,False,False,0.0,0.0,0.0
ouro,fixed,order-ops,jlens,5,1,6,False,False,False,0.0,0.0,0.0
ouro,fixed,order-ops,jlens,6,1,7,False,False,False,0.0,0.0,0.0
ouro,fixed,order-ops,jlens,7,1,8,False,False,False,0.0,0.0,0.0
ouro,fixed,order-ops,jlens,8,1,9,False,False,False,0.0,0.0,0.0
ouro,fixed,order-ops,jlens,9,1,10,False,False,False,0.0,0.0,0.0
ouro,fixed,order-ops,jlens,10,1,11,False,False,False,0.0,0.0,0.0
ouro,fixed,order-ops,jlens,11,1,12,False,False,False,0.0,0.0,0.0
ouro,fixed,order-ops,jlens,12,1,13,False,False,False,0.0,0.0,0.0
ouro,fixed,order-ops,jlens,13,1,14,False,False,False,0.0,0.0,0.0
ouro,fixed,order-ops,jlens,14,1,15,False,False,False,0.0,0.0,0.0
ouro,fixed,order-ops,jlens,15,1,16,False,False,False,0.0,0.0,0.0
ouro,fixed,order-ops,jlens,16,1,17,False,False,False,0.0,0.0,0.0
ouro,fixed,order-ops,jlens,17,1,18,False,False,False,0.0,0.0,0.0
ouro,fixed,order-ops,jlens,18,1,19,False,False,False,0.0,0.0,0.0
ouro,fixed,order-ops,jlens,19,1,20,False,False,False,0.0,0.0,0.0
ouro,fixed,order-ops,jlens,20,1,21,False,False,False,0.0,0.0,0.0
ouro,fixed,order-ops,jlens,21,1,22,False,False,False,0.0,0.0,0.0
ouro,fixed,order-ops,jlens,22,1,23,False,False,False,0.0,0.0,0.0
ouro,fixed,order-ops,jlens,23,1,24,False,False,False,0.0,0.0,0.0
ouro,fixed,order-ops,jlens,24,1,25,False,False,False,0.0,0.0,0.0
ouro,fixed,order-ops,jlens,25,1,26,False,False,False,0.0,0.0,0.0
ouro,fixed,order-ops,jlens,26,1,27,False,False,False,0.0,0.0,0.0
ouro,fixed,order-ops,jlens,27,1,28,False,False,False,0.0,0.0,0.0
ouro,fixed,order-ops,jlens,28,1,29,False,False,False,0.0,0.0,0.0
ouro,fixed,order-ops,jlens,29,1,30,False,False,False,0.0,0.0,0.0
ouro,fixed,order-ops,jlens,30,1,31,False,False,False,0.0,0.0,0.0
ouro,fixed,order-ops,jlens,31,1,32,False,False,False,0.0,0.0,0.0
ouro,fixed,order-ops,jlens,32,1,33,False,False,False,0.0,0.0,0.0
ouro,fixed,order-ops,jlens,33,1,34,False,False,False,0.0,0.0,0.0
ouro,fixed,order-ops,jlens,34,1,35,False,False,False,0.0,0.0,0.0
ouro,fixed,order-ops,jlens,35,1,36,False,False,False,0.0,0.0,0.0
ouro,fixed,order-ops,jlens,36,1,37,False,False,False,0.0,0.0,0.0
ouro,fixed,order-ops,jlens,37,1,38,False,False,False,0.0,0.0,0.0
ouro,fixed,order-ops,jlens,38,1,39,False,False,False,0.0,0.0,0.0
ouro,fixed,order-ops,jlens,39,1,40,False,False,False,0.0,0.0,0.0
ouro,fixed,order-ops,jlens,40,1,41,False,False,False,0.0,0.0,0.0
ouro,fixed,order-ops,jlens,41,1,42,False,False,False,0.0,0.0,0.0
ouro,fixed,order-ops,jlens,42,1,43,False,False,False,0.0,0.0,0.0
ouro,fixed,order-ops,jlens,43,1,44,False,False,False,0.0,0.0015082956259426848,-0.0015082956259426848
ouro,fixed,order-ops,jlens,44,1,45,False,False,False,0.0,0.0,0.0
ouro,fixed,order-ops,jlens,45,1,46,False,False,False,0.0392156862745098,0.0,0.0392156862745098
ouro,fixed,order-ops,jlens,46,1,47,False,False,False,0.0196078431372549,0.0,0.0196078431372549
ouro,fixed,order-ops,jlens,47,1,48,True,False,False,0.0,0.0,0.0
ouro,fixed,order-ops,jlens,48,2,1,False,False,False,0.0,0.0,0.0
ouro,fixed,order-ops,jlens,49,2,2,False,False,False,0.058823529411764705,0.015082956259426848,0.04374057315233786
ouro,fixed,order-ops,jlens,50,2,3,False,False,False,0.0,0.0,0.0
ouro,fixed,order-ops,jlens,51,2,4,False,False,False,0.0,0.0,0.0
ouro,fixed,order-ops,jlens,52,2,5,False,False,False,0.0,0.0,0.0
ouro,fixed,order-ops,jlens,53,2,6,False,False,False,0.0196078431372549,0.0030165912518853697,0.016591251885369536
ouro,fixed,order-ops,jlens,54,2,7,False,False,False,0.0,0.004524886877828055,-0.004524886877828055
ouro,fixed,order-ops,jlens,55,2,8,False,False,False,0.058823529411764705,0.010558069381598796,0.04826546003016591
ouro,fixed,order-ops,jlens,56,2,9,False,False,False,0.0,0.0030165912518853697,-0.0030165912518853697
ouro,fixed,order-ops,jlens,57,2,10,False,False,False,0.13725490196078433,0.02262443438914027,0.11463046757164405
ouro,fixed,order-ops,jlens,58,2,11,False,False,False,0.0392156862745098,0.02111613876319758,0.018099547511312222
ouro,fixed,order-ops,jlens,59,2,12,False,False,False,0.0784313725490196,0.02865761689291101,0.0497737556561086
ouro,fixed,order-ops,jlens,60,2,13,False,False,False,0.0784313725490196,0.015082956259426851,0.06334841628959276
ouro,fixed,order-ops,jlens,61,2,14,False,False,False,0.0,0.0030165912518853697,-0.0030165912518853697
ouro,fixed,order-ops,jlens,62,2,15,False,False,False,0.0,0.0,0.0
ouro,fixed,order-ops,jlens,63,2,16,False,False,False,0.0392156862745098,0.0,0.0392156862745098
ouro,fixed,order-ops,jlens,64,2,17,False,False,False,0.0196078431372549,0.0,0.0196078431372549
ouro,fixed,order-ops,jlens,65,2,18,False,False,False,0.0392156862745098,0.0030165912518853697,0.03619909502262444
ouro,fixed,order-ops,jlens,66,2,19,False,False,False,0.0196078431372549,0.0,0.0196078431372549
ouro,fixed,order-ops,jlens,67,2,20,False,False,False,0.17647058823529413,0.01809954751131222,0.1583710407239819
ouro,fixed,order-ops,jlens,68,2,21,False,False,False,0.0392156862745098,0.0,0.0392156862745098
ouro,fixed,order-ops,jlens,69,2,22,False,False,False,0.17647058823529413,0.01809954751131222,0.1583710407239819
ouro,fixed,order-ops,jlens,70,2,23,False,False,False,0.09803921568627451,0.02714932126696832,0.07088989441930618
ouro,fixed,order-ops,jlens,71,2,24,False,False,False,0.11764705882352941,0.010558069381598796,0.10708898944193063
ouro,fixed,order-ops,jlens,72,2,25,False,False,False,0.3137254901960784,0.07239819004524886,0.24132730015082962
ouro,fixed,order-ops,jlens,73,2,26,False,False,False,0.3333333333333333,0.10105580693815987,0.23227752639517346
ouro,fixed,order-ops,jlens,74,2,27,False,False,False,0.39215686274509803,0.0889894419306184,0.30316742081447967
ouro,fixed,order-ops,jlens,75,2,28,False,False,False,0.29411764705882354,0.10558069381598792,0.18853695324283562
ouro,fixed,order-ops,jlens,76,2,29,False,False,False,0.2549019607843137,0.0784313725490196,0.17647058823529407
ouro,fixed,order-ops,jlens,77,2,30,False,False,False,0.3333333333333333,0.10407239819004527,0.2292609351432881
ouro,fixed,order-ops,jlens,78,2,31,False,False,False,0.3137254901960784,0.12217194570135749,0.19155354449472098
ouro,fixed,order-ops,jlens,79,2,32,False,False,False,0.35294117647058826,0.12217194570135749,0.23076923076923078
ouro,fixed,order-ops,jlens,80,2,33,False,False,False,0.3137254901960784,0.08446455505279032,0.22926093514328807
ouro,fixed,order-ops,jlens,81,2,34,False,False,False,0.3137254901960784,0.09200603318250379,0.2217194570135747
ouro,fixed,order-ops,jlens,82,2,35,False,False,False,0.3333333333333333,0.0995475113122172,0.23378582202111617
ouro,fixed,order-ops,jlens,83,2,36,False,False,False,0.29411764705882354,0.09653092006033182,0.19758672699849172
ouro,fixed,order-ops,jlens,84,2,37,False,False,False,0.27450980392156865,0.058823529411764705,0.21568627450980396
ouro,fixed,order-ops,jlens,85,2,38,False,False,False,0.27450980392156865,0.05128205128205128,0.22322775263951736
ouro,fixed,order-ops,jlens,86,2,39,False,False,False,0.27450980392156865,0.05128205128205128,0.22322775263951736
ouro,fixed,order-ops,jlens,87,2,40,False,False,False,0.2549019607843137,0.052790346907993974,0.20211161387631982
ouro,fixed,order-ops,jlens,88,2,41,False,False,False,0.2549019607843137,0.061840120663650085,0.19306184012066366
ouro,fixed,order-ops,jlens,89,2,42,False,False,False,0.23529411764705882,0.04223227752639518,0.19306184012066366
ouro,fixed,order-ops,jlens,90,2,43,False,False,False,0.21568627450980393,0.04374057315233786,0.1719457013574661
ouro,fixed,order-ops,jlens,91,2,44,False,False,False,0.27450980392156865,0.05279034690799398,0.22171945701357468
ouro,fixed,order-ops,jlens,92,2,45,False,False,False,0.23529411764705882,0.04374057315233786,0.19155354449472098
ouro,fixed,order-ops,jlens,93,2,46,False,False,False,0.2549019607843137,0.057315233785822026,0.19758672699849178
ouro,fixed,order-ops,jlens,94,2,47,False,False,False,0.1568627450980392,0.03167420814479638,0.12518853695324283
ouro,fixed,order-ops,jlens,95,2,48,True,False,False,0.09803921568627451,0.028657616892911006,0.0693815987933635
ouro,fixed,order-ops,jlens,96,3,1,False,False,False,0.23529411764705882,0.048265460030165915,0.18702865761689294
ouro,fixed,order-ops,jlens,97,3,2,False,False,False,0.2549019607843137,0.0799396681749623,0.17496229260935148
ouro,fixed,order-ops,jlens,98,3,3,False,False,False,0.23529411764705882,0.060331825037707384,0.17496229260935145
ouro,fixed,order-ops,jlens,99,3,4,False,False,False,0.2549019607843137,0.07239819004524888,0.1825037707390649
ouro,fixed,order-ops,jlens,100,3,5,False,False,False,0.23529411764705882,0.06636500754147813,0.16892911010558076
ouro,fixed,order-ops,jlens,101,3,6,False,False,False,0.23529411764705882,0.0693815987933635,0.16591251885369532
ouro,fixed,order-ops,jlens,102,3,7,False,False,False,0.21568627450980393,0.07541478129713425,0.14027149321266966
ouro,fixed,order-ops,jlens,103,3,8,False,False,False,0.27450980392156865,0.07390648567119155,0.20060331825037708
ouro,fixed,order-ops,jlens,104,3,9,False,False,False,0.23529411764705882,0.07541478129713423,0.1598793363499246
ouro,fixed,order-ops,jlens,105,3,10,False,False,False,0.23529411764705882,0.06334841628959276,0.17194570135746615
ouro,fixed,order-ops,jlens,106,3,11,False,False,False,0.2549019607843137,0.06636500754147813,0.18853695324283565
ouro,fixed,order-ops,jlens,107,3,12,False,False,False,0.2549019607843137,0.0693815987933635,0.18552036199095026
ouro,fixed,order-ops,jlens,108,3,13,False,False,False,0.23529411764705882,0.060331825037707384,0.17496229260935148
ouro,fixed,order-ops,jlens,109,3,14,False,False,False,0.2549019607843137,0.0588235294117647,0.1960784313725491
ouro,fixed,order-ops,jlens,110,3,15,False,False,False,0.21568627450980393,0.057315233785822026,0.15837104072398192
ouro,fixed,order-ops,jlens,111,3,16,False,False,False,0.23529411764705882,0.06334841628959276,0.17194570135746612
ouro,fixed,order-ops,jlens,112,3,17,False,False,False,0.19607843137254902,0.05128205128205128,0.14479638009049772
ouro,fixed,order-ops,jlens,113,3,18,False,False,False,0.21568627450980393,0.07993966817496229,0.1357466063348416
ouro,fixed,order-ops,jlens,114,3,19,False,False,False,0.17647058823529413,0.05279034690799396,0.12368024132730011
ouro,fixed,order-ops,jlens,115,3,20,False,False,False,0.17647058823529413,0.039215686274509796,0.13725490196078433
ouro,fixed,order-ops,jlens,116,3,21,False,False,False,0.19607843137254902,0.03770739064856712,0.1583710407239819
ouro,fixed,order-ops,jlens,117,3,22,False,False,False,0.17647058823529413,0.04223227752639518,0.13423831070889894
ouro,fixed,order-ops,jlens,118,3,23,False,False,False,0.2549019607843137,0.06485671191553544,0.1900452488687783
ouro,fixed,order-ops,jlens,119,3,24,False,False,False,0.19607843137254902,0.034690799396681744,0.16138763197586728
ouro,fixed,order-ops,jlens,120,3,25,False,False,False,0.27450980392156865,0.05580693815987934,0.2187028657616893
ouro,fixed,order-ops,jlens,121,3,26,False,False,False,0.2549019607843137,0.048265460030165915,0.20663650075414786
ouro,fixed,order-ops,jlens,122,3,27,False,False,False,0.23529411764705882,0.051282051282051294,0.18401206636500755
ouro,fixed,order-ops,jlens,123,3,28,False,False,False,0.21568627450980393,0.05128205128205128,0.16440422322775264
ouro,fixed,order-ops,jlens,124,3,29,False,False,False,0.21568627450980393,0.04223227752639518,0.1734539969834088
ouro,fixed,order-ops,jlens,125,3,30,False,False,False,0.19607843137254902,0.03770739064856712,0.15837104072398192
ouro,fixed,order-ops,jlens,126,3,31,False,False,False,0.13725490196078433,0.022624434389140264,0.11463046757164407
ouro,fixed,order-ops,jlens,127,3,32,False,False,False,0.0784313725490196,0.022624434389140264,0.055806938159879346
ouro,fixed,order-ops,jlens,128,3,33,False,False,False,0.0196078431372549,0.00904977375565611,0.010558069381598796
ouro,fixed,order-ops,jlens,129,3,34,False,False,False,0.0196078431372549,0.00904977375565611,0.010558069381598796
ouro,fixed,order-ops,jlens,130,3,35,False,False,False,0.0392156862745098,0.010558069381598796,0.028657616892911013
ouro,fixed,order-ops,jlens,131,3,36,False,False,False,0.0,0.007541478129713424,-0.007541478129713424
ouro,fixed,order-ops,jlens,132,3,37,False,False,False,0.0196078431372549,0.00904977375565611,0.010558069381598796
ouro,fixed,order-ops,jlens,133,3,38,False,False,False,0.0,0.007541478129713424,-0.007541478129713424
ouro,fixed,order-ops,jlens,134,3,39,False,False,False,0.0,0.007541478129713424,-0.007541478129713424
ouro,fixed,order-ops,jlens,135,3,40,False,False,False,0.0,0.007541478129713424,-0.007541478129713424
ouro,fixed,order-ops,jlens,136,3,41,False,False,False,0.0,0.007541478129713424,-0.007541478129713424
ouro,fixed,order-ops,jlens,137,3,42,False,False,False,0.0,0.007541478129713424,-0.007541478129713424
ouro,fixed,order-ops,jlens,138,3,43,False,False,False,0.0,0.00904977375565611,-0.00904977375565611
ouro,fixed,order-ops,jlens,139,3,44,False,False,False,0.13725490196078433,0.022624434389140264,0.11463046757164405
ouro,fixed,order-ops,jlens,140,3,45,False,False,False,0.13725490196078433,0.030165912518853692,0.10708898944193063
ouro,fixed,order-ops,jlens,141,3,46,False,False,False,0.19607843137254902,0.05279034690799398,0.14328808446455504
ouro,fixed,order-ops,jlens,142,3,47,False,False,False,0.1568627450980392,0.06184012066365009,0.09502262443438915
ouro,fixed,order-ops,jlens,143,3,48,True,False,False,0.0392156862745098,0.03318250377073906,0.006033182503770739
ouro,fixed,order-ops,jlens,144,4,1,False,False,False,0.21568627450980393,0.06334841628959277,0.15233785822021115
ouro,fixed,order-ops,jlens,145,4,2,False,False,False,0.21568627450980393,0.09351432880844646,0.12217194570135746
ouro,fixed,order-ops,jlens,146,4,3,False,False,False,0.21568627450980393,0.09653092006033183,0.11915535444947209
ouro,fixed,order-ops,jlens,147,4,4,False,False,False,0.19607843137254902,0.0920060331825038,0.10407239819004524
ouro,fixed,order-ops,jlens,148,4,5,False,False,False,0.11764705882352941,0.0693815987933635,0.04826546003016591
ouro,fixed,order-ops,jlens,149,4,6,False,False,False,0.19607843137254902,0.07390648567119157,0.12217194570135746
ouro,fixed,order-ops,jlens,150,4,7,False,False,False,0.1568627450980392,0.07541478129713423,0.08144796380090498
ouro,fixed,order-ops,jlens,151,4,8,False,False,False,0.21568627450980393,0.08748114630467572,0.12820512820512817
ouro,fixed,order-ops,jlens,152,4,9,False,False,False,0.1568627450980392,0.06033182503770739,0.09653092006033183
ouro,fixed,order-ops,jlens,153,4,10,False,False,False,0.13725490196078433,0.05882352941176471,0.07843137254901959
ouro,fixed,order-ops,jlens,154,4,11,False,False,False,0.13725490196078433,0.057315233785822026,0.07993966817496229
ouro,fixed,order-ops,jlens,155,4,12,False,False,False,0.09803921568627451,0.055806938159879346,0.04223227752639518
ouro,fixed,order-ops,jlens,156,4,13,False,False,False,0.0784313725490196,0.05279034690799398,0.02564102564102564
ouro,fixed,order-ops,jlens,157,4,14,False,False,False,0.058823529411764705,0.0392156862745098,0.019607843137254898
ouro,fixed,order-ops,jlens,158,4,15,False,False,False,0.058823529411764705,0.03619909502262443,0.02262443438914027
ouro,fixed,order-ops,jlens,159,4,16,False,False,False,0.0784313725490196,0.04675716440422323,0.03167420814479638
ouro,fixed,order-ops,jlens,160,4,17,False,False,False,0.09803921568627451,0.052790346907993974,0.04524886877828054
ouro,fixed,order-ops,jlens,161,4,18,False,False,False,0.17647058823529413,0.08748114630467572,0.0889894419306184
ouro,fixed,order-ops,jlens,162,4,19,False,False,False,0.19607843137254902,0.08295625942684766,0.11312217194570136
ouro,fixed,order-ops,jlens,163,4,20,False,False,False,0.17647058823529413,0.07692307692307694,0.09954751131221719
ouro,fixed,order-ops,jlens,164,4,21,False,False,False,0.1568627450980392,0.06636500754147813,0.09049773755656108
ouro,fixed,order-ops,jlens,165,4,22,False,False,False,0.19607843137254902,0.09200603318250376,0.10407239819004521
ouro,fixed,order-ops,jlens,166,4,23,False,False,False,0.27450980392156865,0.09351432880844647,0.18099547511312222
ouro,fixed,order-ops,jlens,167,4,24,False,False,False,0.19607843137254902,0.0693815987933635,0.12669683257918551
ouro,fixed,order-ops,jlens,168,4,25,False,False,False,0.39215686274509803,0.15686274509803919,0.23529411764705882
ouro,fixed,order-ops,jlens,169,4,26,False,False,False,0.4117647058823529,0.1734539969834087,0.2383107088989442
ouro,fixed,order-ops,jlens,170,4,27,False,False,False,0.43137254901960786,0.1598793363499246,0.2714932126696833
ouro,fixed,order-ops,jlens,171,4,28,False,False,False,0.43137254901960786,0.16742081447963797,0.26395173453996984
ouro,fixed,order-ops,jlens,172,4,29,False,False,False,0.39215686274509803,0.16289592760180993,0.22926093514328819
ouro,fixed,order-ops,jlens,173,4,30,False,False,False,0.43137254901960786,0.15987933634992457,0.27149321266968335
ouro,fixed,order-ops,jlens,174,4,31,False,False,False,0.4117647058823529,0.11764705882352941,0.2941176470588236
ouro,fixed,order-ops,jlens,175,4,32,False,False,False,0.39215686274509803,0.12518853695324283,0.26696832579185525
ouro,fixed,order-ops,jlens,176,4,33,False,False,False,0.23529411764705882,0.08144796380090501,0.15384615384615383
ouro,fixed,order-ops,jlens,177,4,34,False,False,False,0.2549019607843137,0.09351432880844647,0.16138763197586725
ouro,fixed,order-ops,jlens,178,4,35,False,False,False,0.27450980392156865,0.09351432880844647,0.18099547511312217
ouro,fixed,order-ops,jlens,179,4,36,False,False,False,0.1568627450980392,0.06485671191553546,0.09200603318250378
ouro,fixed,order-ops,jlens,180,4,37,False,False,False,0.1568627450980392,0.05429864253393666,0.10256410256410259
ouro,fixed,order-ops,jlens,181,4,38,False,False,False,0.17647058823529413,0.05580693815987934,0.12066365007541477
ouro,fixed,order-ops,jlens,182,4,39,False,False,False,0.17647058823529413,0.04072398190045248,0.13574660633484165
ouro,fixed,order-ops,jlens,183,4,40,False,False,False,0.13725490196078433,0.02714932126696832,0.110105580693816
ouro,fixed,order-ops,jlens,184,4,41,False,False,False,0.2549019607843137,0.06033182503770739,0.19457013574660645
ouro,fixed,order-ops,jlens,185,4,42,False,False,False,0.17647058823529413,0.05279034690799396,0.12368024132730013
ouro,fixed,order-ops,jlens,186,4,43,False,False,False,0.21568627450980393,0.05580693815987933,0.15987933634992466
ouro,fixed,order-ops,jlens,187,4,44,False,False,False,0.39215686274509803,0.15535444947209653,0.23680241327300158
ouro,fixed,order-ops,jlens,188,4,45,False,False,False,0.47058823529411764,0.25037707390648567,0.220211161387632
ouro,fixed,order-ops,jlens,189,4,46,False,False,False,0.5686274509803921,0.45098039215686253,0.11764705882352941
ouro,fixed,order-ops,jlens,190,4,47,False,False,False,0.5882352941176471,0.47360482654600294,0.11463046757164402
ouro,fixed,order-ops,jlens,191,4,48,True,True,False,0.5490196078431373,0.4374057315233784,0.11161387631975862
ouro,fixed,order-ops,jlens_minus_raw,0,1,1,False,False,False,-0.058823529411764705,-0.06485671191553546,0.0060331825037707254
ouro,fixed,order-ops,jlens_minus_raw,1,1,2,False,False,False,-0.0392156862745098,-0.03469079939668174,-0.0045248868778280625
ouro,fixed,order-ops,jlens_minus_raw,2,1,3,False,False,False,0.0,0.0,0.0
ouro,fixed,order-ops,jlens_minus_raw,3,1,4,False,False,False,0.0,0.0,0.0
ouro,fixed,order-ops,jlens_minus_raw,4,1,5,False,False,False,-0.0392156862745098,-0.028657616892911,-0.0105580693815988
ouro,fixed,order-ops,jlens_minus_raw,5,1,6,False,False,False,0.0,-0.0015082956259426848,0.0015082956259426848
ouro,fixed,order-ops,jlens_minus_raw,6,1,7,False,False,False,0.0,0.0,0.0
ouro,fixed,order-ops,jlens_minus_raw,7,1,8,False,False,False,0.0,0.0,0.0
ouro,fixed,order-ops,jlens_minus_raw,8,1,9,False,False,False,0.0,0.0,0.0
ouro,fixed,order-ops,jlens_minus_raw,9,1,10,False,False,False,0.0,0.0,0.0
ouro,fixed,order-ops,jlens_minus_raw,10,1,11,False,False,False,0.0,0.0,0.0
ouro,fixed,order-ops,jlens_minus_raw,11,1,12,False,False,False,0.0,0.0,0.0
ouro,fixed,order-ops,jlens_minus_raw,12,1,13,False,False,False,0.0,0.0,0.0
ouro,fixed,order-ops,jlens_minus_raw,13,1,14,False,False,False,0.0,-0.004524886877828055,0.004524886877828055
ouro,fixed,order-ops,jlens_minus_raw,14,1,15,False,False,False,0.0,-0.00904977375565611,0.00904977375565611
ouro,fixed,order-ops,jlens_minus_raw,15,1,16,False,False,False,0.0,-0.007541478129713424,0.007541478129713424
ouro,fixed,order-ops,jlens_minus_raw,16,1,17,False,False,False,0.0,-0.004524886877828055,0.004524886877828055
ouro,fixed,order-ops,jlens_minus_raw,17,1,18,False,False,False,0.0,-0.024132730015082954,0.024132730015082954
ouro,fixed,order-ops,jlens_minus_raw,18,1,19,False,False,False,-0.29411764705882354,-0.025641025641025637,-0.26847662141779793
ouro,fixed,order-ops,jlens_minus_raw,19,1,20,False,False,False,-0.5294117647058824,-0.0392156862745098,-0.4901960784313727
ouro,fixed,order-ops,jlens_minus_raw,20,1,21,False,False,False,-0.3333333333333333,-0.02262443438914027,-0.3107088989441931
ouro,fixed,order-ops,jlens_minus_raw,21,1,22,False,False,False,-0.39215686274509803,-0.024132730015082954,-0.36802413273001516
ouro,fixed,order-ops,jlens_minus_raw,22,1,23,False,False,False,-0.4117647058823529,-0.021116138763197585,-0.3906485671191554
ouro,fixed,order-ops,jlens_minus_raw,23,1,24,False,False,False,-0.37254901960784315,-0.021116138763197585,-0.35143288084464563
ouro,fixed,order-ops,jlens_minus_raw,24,1,25,False,False,False,-0.5490196078431373,-0.09653092006033182,-0.45248868778280554
ouro,fixed,order-ops,jlens_minus_raw,25,1,26,False,False,False,-0.5882352941176471,-0.09200603318250378,-0.49622926093514347
ouro,fixed,order-ops,jlens_minus_raw,26,1,27,False,False,False,-0.5882352941176471,-0.07843137254901962,-0.5098039215686276
ouro,fixed,order-ops,jlens_minus_raw,27,1,28,False,False,False,-0.5098039215686274,-0.07239819004524888,-0.43740573152337875
ouro,fixed,order-ops,jlens_minus_raw,28,1,29,False,False,False,-0.5490196078431373,-0.06485671191553546,-0.484162895927602
ouro,fixed,order-ops,jlens_minus_raw,29,1,30,False,False,False,-0.5098039215686274,-0.06334841628959278,-0.4464555052790348
ouro,fixed,order-ops,jlens_minus_raw,30,1,31,False,False,False,-0.5098039215686274,-0.04524886877828054,-0.464555052790347
ouro,fixed,order-ops,jlens_minus_raw,31,1,32,False,False,False,-0.39215686274509803,-0.028657616892911,-0.3634992458521871
ouro,fixed,order-ops,jlens_minus_raw,32,1,33,False,False,False,-0.49019607843137253,-0.04524886877828054,-0.4449472096530921
ouro,fixed,order-ops,jlens_minus_raw,33,1,34,False,False,False,-0.45098039215686275,-0.04826546003016591,-0.40271493212669696
ouro,fixed,order-ops,jlens_minus_raw,34,1,35,False,False,False,-0.3333333333333333,-0.02865761689291101,-0.30467571644042235
ouro,fixed,order-ops,jlens_minus_raw,35,1,36,False,False,False,-0.21568627450980393,-0.01659125188536953,-0.1990950226244344
ouro,fixed,order-ops,jlens_minus_raw,36,1,37,False,False,False,-0.39215686274509803,-0.039215686274509796,-0.35294117647058826
ouro,fixed,order-ops,jlens_minus_raw,37,1,38,False,False,False,-0.49019607843137253,-0.08748114630467572,-0.40271493212669685
ouro,fixed,order-ops,jlens_minus_raw,38,1,39,False,False,False,-0.43137254901960786,-0.06033182503770739,-0.3710407239819005
ouro,fixed,order-ops,jlens_minus_raw,39,1,40,False,False,False,-0.45098039215686275,-0.06938159879336352,-0.38159879336349933
ouro,fixed,order-ops,jlens_minus_raw,40,1,41,False,False,False,-0.47058823529411764,-0.07993966817496233,-0.3906485671191554
ouro,fixed,order-ops,jlens_minus_raw,41,1,42,False,False,False,-0.5294117647058824,-0.12820512820512825,-0.4012066365007543
ouro,fixed,order-ops,jlens_minus_raw,42,1,43,False,False,False,-0.5294117647058824,-0.1191553544494721,-0.41025641025641046
ouro,fixed,order-ops,jlens_minus_raw,43,1,44,False,False,False,-0.6078431372549019,-0.1885369532428355,-0.4193061840120665
ouro,fixed,order-ops,jlens_minus_raw,44,1,45,False,False,False,-0.6862745098039216,-0.2639517345399698,-0.4223227752639519
ouro,fixed,order-ops,jlens_minus_raw,45,1,46,False,False,False,-0.49019607843137253,-0.2503770739064858,-0.2398190045248868
ouro,fixed,order-ops,jlens_minus_raw,46,1,47,False,False,False,-0.5098039215686274,-0.36048265460030166,-0.1493212669683258
ouro,fixed,order-ops,jlens_minus_raw,47,1,48,True,False,False,-0.5294117647058824,-0.3800904977375563,-0.14932126696832576
ouro,fixed,order-ops,jlens_minus_raw,48,2,1,False,False,False,-0.47058823529411764,-0.20211161387631982,-0.26847662141779777
ouro,fixed,order-ops,jlens_minus_raw,49,2,2,False,False,False,-0.39215686274509803,-0.10558069381598796,-0.28657616892911025
ouro,fixed,order-ops,jlens_minus_raw,50,2,3,False,False,False,-0.27450980392156865,-0.019607843137254898,-0.2549019607843138
ouro,fixed,order-ops,jlens_minus_raw,51,2,4,False,False,False,-0.2549019607843137,-0.0196078431372549,-0.23529411764705882
ouro,fixed,order-ops,jlens_minus_raw,52,2,5,False,False,False,-0.23529411764705882,-0.015082956259426848,-0.22021116138763197
ouro,fixed,order-ops,jlens_minus_raw,53,2,6,False,False,False,-0.17647058823529413,0.0015082956259426848,-0.1779788838612368
ouro,fixed,order-ops,jlens_minus_raw,54,2,7,False,False,False,-0.13725490196078433,0.0030165912518853697,-0.14027149321266968
ouro,fixed,order-ops,jlens_minus_raw,55,2,8,False,False,False,0.0,0.00904977375565611,-0.00904977375565611
ouro,fixed,order-ops,jlens_minus_raw,56,2,9,False,False,False,-0.0196078431372549,0.0015082956259426848,-0.021116138763197585
ouro,fixed,order-ops,jlens_minus_raw,57,2,10,False,False,False,0.11764705882352941,0.0196078431372549,0.0980392156862745
ouro,fixed,order-ops,jlens_minus_raw,58,2,11,False,False,False,0.0,0.01659125188536953,-0.016591251885369536
ouro,fixed,order-ops,jlens_minus_raw,59,2,12,False,False,False,0.0196078431372549,0.027149321266968326,-0.007541478129713423
ouro,fixed,order-ops,jlens_minus_raw,60,2,13,False,False,False,-0.0392156862745098,0.012066365007541479,-0.051282051282051294
ouro,fixed,order-ops,jlens_minus_raw,61,2,14,False,False,False,-0.0392156862745098,0.0015082956259426848,-0.04072398190045248
ouro,fixed,order-ops,jlens_minus_raw,62,2,15,False,False,False,0.0,-0.0015082956259426848,0.0015082956259426848
ouro,fixed,order-ops,jlens_minus_raw,63,2,16,False,False,False,0.0392156862745098,-0.0015082956259426848,0.04072398190045248
ouro,fixed,order-ops,jlens_minus_raw,64,2,17,False,False,False,0.0196078431372549,0.0,0.0196078431372549
ouro,fixed,order-ops,jlens_minus_raw,65,2,18,False,False,False,0.0196078431372549,-0.007541478129713424,0.027149321266968316
ouro,fixed,order-ops,jlens_minus_raw,66,2,19,False,False,False,-0.11764705882352941,-0.025641025641025647,-0.09200603318250376
ouro,fixed,order-ops,jlens_minus_raw,67,2,20,False,False,False,-0.11764705882352941,-0.00904977375565611,-0.10859728506787332
ouro,fixed,order-ops,jlens_minus_raw,68,2,21,False,False,False,-0.13725490196078433,-0.02262443438914027,-0.11463046757164405
ouro,fixed,order-ops,jlens_minus_raw,69,2,22,False,False,False,0.0196078431372549,-0.010558069381598796,0.03016591251885369
ouro,fixed,order-ops,jlens_minus_raw,70,2,23,False,False,False,-0.0784313725490196,-0.013574660633484163,-0.06485671191553544
ouro,fixed,order-ops,jlens_minus_raw,71,2,24,False,False,False,0.0,-0.03318250377073906,0.03318250377073906
ouro,fixed,order-ops,jlens_minus_raw,72,2,25,False,False,False,0.11764705882352941,-0.03619909502262444,0.1538461538461538
ouro,fixed,order-ops,jlens_minus_raw,73,2,26,False,False,False,0.11764705882352941,0.015082956259426851,0.10256410256410256
ouro,fixed,order-ops,jlens_minus_raw,74,2,27,False,False,False,0.19607843137254902,0.004524886877828055,0.19155354449472095
ouro,fixed,order-ops,jlens_minus_raw,75,2,28,False,False,False,0.058823529411764705,0.033182503770739065,0.025641025641025623
ouro,fixed,order-ops,jlens_minus_raw,76,2,29,False,False,False,0.058823529411764705,0.01659125188536953,0.04223227752639519
ouro,fixed,order-ops,jlens_minus_raw,77,2,30,False,False,False,0.1568627450980392,0.048265460030165915,0.10859728506787328
ouro,fixed,order-ops,jlens_minus_raw,78,2,31,False,False,False,0.23529411764705882,0.07390648567119154,0.16138763197586728
ouro,fixed,order-ops,jlens_minus_raw,79,2,32,False,False,False,0.27450980392156865,0.07843137254901962,0.19607843137254902
ouro,fixed,order-ops,jlens_minus_raw,80,2,33,False,False,False,0.19607843137254902,0.0196078431372549,0.17647058823529413
ouro,fixed,order-ops,jlens_minus_raw,81,2,34,False,False,False,0.1568627450980392,0.019607843137254905,0.1372549019607843
ouro,fixed,order-ops,jlens_minus_raw,82,2,35,False,False,False,0.21568627450980393,0.04524886877828054,0.17043740573152333
ouro,fixed,order-ops,jlens_minus_raw,83,2,36,False,False,False,0.17647058823529413,0.052790346907993974,0.12368024132730014
ouro,fixed,order-ops,jlens_minus_raw,84,2,37,False,False,False,0.09803921568627451,-0.0060331825037707384,0.10407239819004524
ouro,fixed,order-ops,jlens_minus_raw,85,2,38,False,False,False,0.058823529411764705,-0.052790346907993974,0.11161387631975869
ouro,fixed,order-ops,jlens_minus_raw,86,2,39,False,False,False,0.09803921568627451,-0.02714932126696832,0.1251885369532428
ouro,fixed,order-ops,jlens_minus_raw,87,2,40,False,False,False,0.058823529411764705,-0.03469079939668175,0.09351432880844646
ouro,fixed,order-ops,jlens_minus_raw,88,2,41,False,False,False,0.0392156862745098,-0.03619909502262444,0.07541478129713422
ouro,fixed,order-ops,jlens_minus_raw,89,2,42,False,False,False,-0.058823529411764705,-0.10407239819004527,0.04524886877828054
ouro,fixed,order-ops,jlens_minus_raw,90,2,43,False,False,False,-0.0784313725490196,-0.09351432880844647,0.015082956259426855
ouro,fixed,order-ops,jlens_minus_raw,91,2,44,False,False,False,-0.0784313725490196,-0.10708898944193063,0.028657616892910995
ouro,fixed,order-ops,jlens_minus_raw,92,2,45,False,False,False,-0.13725490196078433,-0.1704374057315234,0.03318250377073907
ouro,fixed,order-ops,jlens_minus_raw,93,2,46,False,False,False,-0.21568627450980393,-0.1779788838612368,-0.03770739064856712
ouro,fixed,order-ops,jlens_minus_raw,94,2,47,False,False,False,-0.43137254901960786,-0.3529411764705883,-0.07843137254901959
ouro,fixed,order-ops,jlens_minus_raw,95,2,48,True,False,False,-0.43137254901960786,-0.3921568627450979,-0.03921568627450979
ouro,fixed,order-ops,jlens_minus_raw,96,3,1,False,False,False,-0.1568627450980392,-0.11010558069381596,-0.04675716440422322
ouro,fixed,order-ops,jlens_minus_raw,97,3,2,False,False,False,-0.058823529411764705,-0.0060331825037707384,-0.05279034690799398
ouro,fixed,order-ops,jlens_minus_raw,98,3,3,False,False,False,0.058823529411764705,0.03167420814479638,0.027149321266968313
ouro,fixed,order-ops,jlens_minus_raw,99,3,4,False,False,False,0.0392156862745098,0.027149321266968326,0.012066365007541463
ouro,fixed,order-ops,jlens_minus_raw,100,3,5,False,False,False,0.0,0.027149321266968333,-0.027149321266968333
ouro,fixed,order-ops,jlens_minus_raw,101,3,6,False,False,False,0.09803921568627451,0.04826546003016592,0.04977375565610858
ouro,fixed,order-ops,jlens_minus_raw,102,3,7,False,False,False,0.1568627450980392,0.060331825037707405,0.09653092006033183
ouro,fixed,order-ops,jlens_minus_raw,103,3,8,False,False,False,0.21568627450980393,0.061840120663650085,0.15384615384615383
ouro,fixed,order-ops,jlens_minus_raw,104,3,9,False,False,False,0.19607843137254902,0.06485671191553544,0.13122171945701358
ouro,fixed,order-ops,jlens_minus_raw,105,3,10,False,False,False,0.21568627450980393,0.05279034690799398,0.16289592760181001
ouro,fixed,order-ops,jlens_minus_raw,106,3,11,False,False,False,0.23529411764705882,0.05279034690799396,0.1825037707390649
ouro,fixed,order-ops,jlens_minus_raw,107,3,12,False,False,False,0.23529411764705882,0.06334841628959277,0.1719457013574661
ouro,fixed,order-ops,jlens_minus_raw,108,3,13,False,False,False,0.19607843137254902,0.05128205128205128,0.14479638009049772
ouro,fixed,order-ops,jlens_minus_raw,109,3,14,False,False,False,0.23529411764705882,0.049773755656108594,0.18552036199095026
ouro,fixed,order-ops,jlens_minus_raw,110,3,15,False,False,False,0.21568627450980393,0.05429864253393666,0.16138763197586728
ouro,fixed,order-ops,jlens_minus_raw,111,3,16,False,False,False,0.23529411764705882,0.058823529411764705,0.17647058823529416
ouro,fixed,order-ops,jlens_minus_raw,112,3,17,False,False,False,0.17647058823529413,0.04826546003016591,0.1282051282051282
ouro,fixed,order-ops,jlens_minus_raw,113,3,18,False,False,False,0.21568627450980393,0.06938159879336349,0.1463046757164404
ouro,fixed,order-ops,jlens_minus_raw,114,3,19,False,False,False,0.0196078431372549,0.025641025641025647,-0.006033182503770747
ouro,fixed,order-ops,jlens_minus_raw,115,3,20,False,False,False,-0.058823529411764705,0.016591251885369536,-0.07541478129713426
ouro,fixed,order-ops,jlens_minus_raw,116,3,21,False,False,False,0.0392156862745098,0.012066365007541479,0.027149321266968316
ouro,fixed,order-ops,jlens_minus_raw,117,3,22,False,False,False,0.0392156862745098,0.018099547511312226,0.021116138763197585
ouro,fixed,order-ops,jlens_minus_raw,118,3,23,False,False,False,0.13725490196078433,0.03921568627450981,0.0980392156862745
ouro,fixed,order-ops,jlens_minus_raw,119,3,24,False,False,False,0.11764705882352941,0.003016591251885371,0.11463046757164404
ouro,fixed,order-ops,jlens_minus_raw,120,3,25,False,False,False,0.0784313725490196,-0.05279034690799395,0.13122171945701355
ouro,fixed,order-ops,jlens_minus_raw,121,3,26,False,False,False,0.0784313725490196,-0.04524886877828055,0.12368024132730017
ouro,fixed,order-ops,jlens_minus_raw,122,3,27,False,False,False,0.0784313725490196,-0.03167420814479638,0.11010558069381596
ouro,fixed,order-ops,jlens_minus_raw,123,3,28,False,False,False,0.09803921568627451,-0.006033182503770739,0.10407239819004523
ouro,fixed,order-ops,jlens_minus_raw,124,3,29,False,False,False,0.13725490196078433,-0.00904977375565611,0.14630467571644037
ouro,fixed,order-ops,jlens_minus_raw,125,3,30,False,False,False,0.09803921568627451,-0.019607843137254905,0.1176470588235294
ouro,fixed,order-ops,jlens_minus_raw,126,3,31,False,False,False,0.058823529411764705,-0.021116138763197585,0.07993966817496227
ouro,fixed,order-ops,jlens_minus_raw,127,3,32,False,False,False,0.0196078431372549,-0.012066365007541479,0.03167420814479637
ouro,fixed,order-ops,jlens_minus_raw,128,3,33,False,False,False,-0.09803921568627451,-0.06636500754147814,-0.03167420814479639
ouro,fixed,order-ops,jlens_minus_raw,129,3,34,False,False,False,-0.0784313725490196,-0.05731523378582201,-0.02111613876319759
ouro,fixed,order-ops,jlens_minus_raw,130,3,35,False,False,False,-0.0392156862745098,-0.049773755656108594,0.010558069381598797
ouro,fixed,order-ops,jlens_minus_raw,131,3,36,False,False,False,-0.058823529411764705,-0.04374057315233785,-0.015082956259426848
ouro,fixed,order-ops,jlens_minus_raw,132,3,37,False,False,False,-0.13725490196078433,-0.06334841628959276,-0.07390648567119157
ouro,fixed,order-ops,jlens_minus_raw,133,3,38,False,False,False,-0.13725490196078433,-0.08295625942684769,-0.05429864253393665
ouro,fixed,order-ops,jlens_minus_raw,134,3,39,False,False,False,-0.17647058823529413,-0.07390648567119157,-0.10256410256410256
ouro,fixed,order-ops,jlens_minus_raw,135,3,40,False,False,False,-0.1568627450980392,-0.07390648567119155,-0.08295625942684763
ouro,fixed,order-ops,jlens_minus_raw,136,3,41,False,False,False,-0.3137254901960784,-0.08144796380090498,-0.23227752639517354
ouro,fixed,order-ops,jlens_minus_raw,137,3,42,False,False,False,-0.37254901960784315,-0.14479638009049778,-0.2277526395173454
ouro,fixed,order-ops,jlens_minus_raw,138,3,43,False,False,False,-0.3333333333333333,-0.14328808446455513,-0.19004524886877827
ouro,fixed,order-ops,jlens_minus_raw,139,3,44,False,False,False,-0.27450980392156865,-0.14027149321266974,-0.13423831070889894
ouro,fixed,order-ops,jlens_minus_raw,140,3,45,False,False,False,-0.3333333333333333,-0.1659125188536953,-0.167420814479638
ouro,fixed,order-ops,jlens_minus_raw,141,3,46,False,False,False,-0.29411764705882354,-0.21116138763197584,-0.08295625942684766
ouro,fixed,order-ops,jlens_minus_raw,142,3,47,False,False,False,-0.43137254901960786,-0.35897435897435886,-0.07239819004524886
ouro,fixed,order-ops,jlens_minus_raw,143,3,48,True,False,False,-0.5098039215686274,-0.4072398190045246,-0.10256410256410253
ouro,fixed,order-ops,jlens_minus_raw,144,4,1,False,False,False,-0.11764705882352941,-0.06636500754147816,-0.05128205128205128
ouro,fixed,order-ops,jlens_minus_raw,145,4,2,False,False,False,-0.0196078431372549,0.034690799396681744,-0.05429864253393665
ouro,fixed,order-ops,jlens_minus_raw,146,4,3,False,False,False,0.0392156862745098,0.06636500754147812,-0.02714932126696833
ouro,fixed,order-ops,jlens_minus_raw,147,4,4,False,False,False,-0.0784313725490196,0.022624434389140264,-0.10105580693815991
ouro,fixed,order-ops,jlens_minus_raw,148,4,5,False,False,False,-0.17647058823529413,-0.0196078431372549,-0.15686274509803924
ouro,fixed,order-ops,jlens_minus_raw,149,4,6,False,False,False,0.058823529411764705,0.031674208144796386,0.027149321266968313
ouro,fixed,order-ops,jlens_minus_raw,150,4,7,False,False,False,0.11764705882352941,0.05580693815987934,0.06184012066365007
ouro,fixed,order-ops,jlens_minus_raw,151,4,8,False,False,False,0.19607843137254902,0.07239819004524888,0.12368024132730014
ouro,fixed,order-ops,jlens_minus_raw,152,4,9,False,False,False,0.13725490196078433,0.04524886877828055,0.09200603318250376
ouro,fixed,order-ops,jlens_minus_raw,153,4,10,False,False,False,0.11764705882352941,0.04374057315233786,0.07390648567119155
ouro,fixed,order-ops,jlens_minus_raw,154,4,11,False,False,False,0.13725490196078433,0.04524886877828054,0.09200603318250376
ouro,fixed,order-ops,jlens_minus_raw,155,4,12,False,False,False,0.0784313725490196,0.04524886877828053,0.033182503770739065
ouro,fixed,order-ops,jlens_minus_raw,156,4,13,False,False,False,0.0392156862745098,0.04524886877828054,-0.0060331825037707384
ouro,fixed,order-ops,jlens_minus_raw,157,4,14,False,False,False,0.0392156862745098,0.028657616892911013,0.010558069381598792
ouro,fixed,order-ops,jlens_minus_raw,158,4,15,False,False,False,0.058823529411764705,0.02714932126696833,0.03167420814479638
ouro,fixed,order-ops,jlens_minus_raw,159,4,16,False,False,False,0.0784313725490196,0.04072398190045248,0.03770739064856712
ouro,fixed,order-ops,jlens_minus_raw,160,4,17,False,False,False,0.0784313725490196,0.04374057315233786,0.03469079939668175
ouro,fixed,order-ops,jlens_minus_raw,161,4,18,False,False,False,0.17647058823529413,0.07239819004524888,0.10407239819004524
ouro,fixed,order-ops,jlens_minus_raw,162,4,19,False,False,False,0.0392156862745098,0.06334841628959278,-0.024132730015082957
ouro,fixed,order-ops,jlens_minus_raw,163,4,20,False,False,False,-0.058823529411764705,0.05882352941176471,-0.11764705882352941
ouro,fixed,order-ops,jlens_minus_raw,164,4,21,False,False,False,-0.0196078431372549,0.039215686274509796,-0.058823529411764705
ouro,fixed,order-ops,jlens_minus_raw,165,4,22,False,False,False,-0.0196078431372549,0.061840120663650085,-0.08144796380090497
ouro,fixed,order-ops,jlens_minus_raw,166,4,23,False,False,False,0.09803921568627451,0.0693815987933635,0.028657616892910995
ouro,fixed,order-ops,jlens_minus_raw,167,4,24,False,False,False,0.09803921568627451,0.04977375565610859,0.048265460030165915
ouro,fixed,order-ops,jlens_minus_raw,168,4,25,False,False,False,0.13725490196078433,0.06938159879336352,0.06787330316742081
ouro,fixed,order-ops,jlens_minus_raw,169,4,26,False,False,False,0.11764705882352941,0.08144796380090501,0.036199095022624424
ouro,fixed,order-ops,jlens_minus_raw,170,4,27,False,False,False,0.1568627450980392,0.06938159879336352,0.08748114630467572
ouro,fixed,order-ops,jlens_minus_raw,171,4,28,False,False,False,0.1568627450980392,0.09502262443438915,0.06184012066365005
ouro,fixed,order-ops,jlens_minus_raw,172,4,29,False,False,False,0.19607843137254902,0.09803921568627455,0.09803921568627448
ouro,fixed,order-ops,jlens_minus_raw,173,4,30,False,False,False,0.2549019607843137,0.0995475113122172,0.1553544494720965
ouro,fixed,order-ops,jlens_minus_raw,174,4,31,False,False,False,0.27450980392156865,0.06787330316742084,0.20663650075414786
ouro,fixed,order-ops,jlens_minus_raw,175,4,32,False,False,False,0.3137254901960784,0.08295625942684769,0.23076923076923078
ouro,fixed,order-ops,jlens_minus_raw,176,4,33,False,False,False,0.058823529411764705,0.016591251885369536,0.04223227752639516
ouro,fixed,order-ops,jlens_minus_raw,177,4,34,False,False,False,0.11764705882352941,0.03167420814479638,0.08597285067873305
ouro,fixed,order-ops,jlens_minus_raw,178,4,35,False,False,False,0.11764705882352941,0.04223227752639518,0.07541478129713425
ouro,fixed,order-ops,jlens_minus_raw,179,4,36,False,False,False,0.0196078431372549,0.00904977375565611,0.010558069381598782
ouro,fixed,order-ops,jlens_minus_raw,180,4,37,False,False,False,-0.13725490196078433,-0.03167420814479638,-0.1055806938159879
ouro,fixed,order-ops,jlens_minus_raw,181,4,38,False,False,False,-0.0784313725490196,-0.045248868778280556,-0.03318250377073906
ouro,fixed,order-ops,jlens_minus_raw,182,4,39,False,False,False,-0.0784313725490196,-0.03619909502262443,-0.042232277526395155
ouro,fixed,order-ops,jlens_minus_raw,183,4,40,False,False,False,-0.19607843137254902,-0.05429864253393666,-0.1417797888386124
ouro,fixed,order-ops,jlens_minus_raw,184,4,41,False,False,False,-0.13725490196078433,-0.03318250377073907,-0.10407239819004524
ouro,fixed,order-ops,jlens_minus_raw,185,4,42,False,False,False,-0.29411764705882354,-0.09653092006033184,-0.19758672699849178
ouro,fixed,order-ops,jlens_minus_raw,186,4,43,False,False,False,-0.2549019607843137,-0.08597285067873305,-0.16892911010558073
ouro,fixed,order-ops,jlens_minus_raw,187,4,44,False,False,False,-0.09803921568627451,0.013574660633484163,-0.1116138763197587
ouro,fixed,order-ops,jlens_minus_raw,188,4,45,False,False,False,-0.0392156862745098,0.07692307692307691,-0.11613876319758672
ouro,fixed,order-ops,jlens_minus_raw,189,4,46,False,False,False,0.0784313725490196,0.20965309200603313,-0.1312217194570136
ouro,fixed,order-ops,jlens_minus_raw,190,4,47,False,False,False,0.0196078431372549,0.04374057315233784,-0.02413273001508295
ouro,fixed,order-ops,jlens_minus_raw,191,4,48,True,True,False,0.0,0.0,0.0
huginn,2026090803,multihop,raw,0,1,1,False,False,False,0.0,0.007462686567164181,-0.007462686567164181
huginn,2026090803,multihop,raw,1,1,2,False,False,False,0.022727272727272728,0.015945582007318777,0.006781690719953951
huginn,2026090803,multihop,raw,2,1,3,False,False,False,0.022727272727272728,0.00950053451749517,0.01322673820977756
huginn,2026090803,multihop,raw,3,1,4,True,False,False,0.0,0.0010176390773405698,-0.0010176390773405698
huginn,2026090803,multihop,raw,4,2,1,False,False,False,0.022727272727272728,0.004240162822252373,0.01848710990502035
huginn,2026090803,multihop,raw,5,2,2,False,False,False,0.022727272727272728,0.010011923851815305,0.012715348875457423
huginn,2026090803,multihop,raw,6,2,3,False,False,False,0.011363636363636364,0.013416982158501829,-0.002053345794865469
huginn,2026090803,multihop,raw,7,2,4,True,False,False,0.022727272727272728,0.0030709058015706584,0.019656366925702065
huginn,2026090803,multihop,raw,8,3,1,False,False,False,0.056818181818181816,0.004748982360922657,0.05206919945725916
huginn,2026090803,multihop,raw,9,3,2,False,False,False,0.07954545454545454,0.014097898935076682,0.06544755561037786
huginn,2026090803,multihop,raw,10,3,3,False,False,False,0.10227272727272728,0.019042264836023323,0.08323046243670396
huginn,2026090803,multihop,raw,11,3,4,True,False,False,0.07954545454545454,0.004767050001106987,0.07477840454434755
huginn,2026090803,multihop,raw,12,4,1,False,False,False,0.07954545454545454,0.008493174622754,0.07105227992270052
huginn,2026090803,multihop,raw,13,4,2,False,False,False,0.07954545454545454,0.016994137703092934,0.0625513168423616
huginn,2026090803,multihop,raw,14,4,3,False,False,False,0.125,0.02173798047271589,0.10326201952728407
huginn,2026090803,multihop,raw,15,4,4,True,False,False,0.09090909090909091,0.00918966831449871,0.08171942259459222
huginn,2026090803,multihop,raw,16,5,1,False,False,False,0.056818181818181816,0.008999424365774436,0.04781875745240738
huginn,2026090803,multihop,raw,17,5,2,False,False,False,0.11363636363636363,0.016976070062908605,0.09666029357345503
huginn,2026090803,multihop,raw,18,5,3,False,False,False,0.125,0.023927367295752643,0.10107263270424735
huginn,2026090803,multihop,raw,19,5,4,True,False,False,0.11363636363636363,0.009547028051098612,0.10408933558526502
huginn,2026090803,multihop,raw,20,6,1,False,False,False,0.09090909090909091,0.006447617285473461,0.08446147362361743
huginn,2026090803,multihop,raw,21,6,2,False,False,False,0.17045454545454544,0.01425465646971753,0.1561998889848279
huginn,2026090803,multihop,raw,22,6,3,False,False,False,0.14772727272727273,0.01970270231803475,0.128024570409238
huginn,2026090803,multihop,raw,23,6,4,True,False,False,0.09090909090909091,0.008868522928902854,0.08204056798018801
huginn,2026090803,multihop,raw,24,7,1,False,False,False,0.09090909090909091,0.005101044364952098,0.08580804654413882
huginn,2026090803,multihop,raw,25,7,2,False,False,False,0.11363636363636363,0.013943869337356448,0.09969249429900717
huginn,2026090803,multihop,raw,26,7,3,False,False,False,0.11363636363636363,0.02465999626786601,0.08897636736849762
huginn,2026090803,multihop,raw,27,7,4,True,False,False,0.07954545454545454,0.011754482514319693,0.06779097203113488
huginn,2026090803,multihop,raw,28,8,1,False,False,False,0.056818181818181816,0.006147109335711779,0.05067107248247004
huginn,2026090803,multihop,raw,29,8,2,False,False,False,0.13636363636363635,0.014992504103765979,0.12137113225987034
huginn,2026090803,multihop,raw,30,8,3,False,False,False,0.11363636363636363,0.021609727902129536,0.09202663573423413
huginn,2026090803,multihop,raw,31,8,4,True,False,False,0.06818181818181818,0.011076056462759314,0.057105761719058894
huginn,2026090803,multihop,jlens,0,1,1,False,False,False,0.0,0.0,0.0
huginn,2026090803,multihop,jlens,1,1,2,False,False,False,0.0,0.0,0.0
huginn,2026090803,multihop,jlens,2,1,3,False,False,False,0.0,0.0,0.0
huginn,2026090803,multihop,jlens,3,1,4,True,False,False,0.0,0.00033921302578018993,-0.00033921302578018993
huginn,2026090803,multihop,jlens,4,2,1,False,False,False,0.0,0.0,0.0
huginn,2026090803,multihop,jlens,5,2,2,False,False,False,0.0,0.00033921302578018993,-0.00033921302578018993
huginn,2026090803,multihop,jlens,6,2,3,False,False,False,0.0,0.0015368168692456345,-0.0015368168692456345
huginn,2026090803,multihop,jlens,7,2,4,True,False,False,0.0,0.0005166079962552147,-0.0005166079962552147
huginn,2026090803,multihop,jlens,8,3,1,False,False,False,0.0,0.0,0.0
huginn,2026090803,multihop,jlens,9,3,2,False,False,False,0.0,0.00016960651289009497,-0.00016960651289009497
huginn,2026090803,multihop,jlens,10,3,3,False,False,False,0.0,0.0,0.0
huginn,2026090803,multihop,jlens,11,3,4,True,False,False,0.0,0.0006784260515603799,-0.0006784260515603799
huginn,2026090803,multihop,jlens,12,4,1,False,False,False,0.0,0.0,0.0
huginn,2026090803,multihop,jlens,13,4,2,False,False,False,0.0,0.0,0.0
huginn,2026090803,multihop,jlens,14,4,3,False,False,False,0.0,0.0005088195386702849,-0.0005088195386702849
huginn,2026090803,multihop,jlens,15,4,4,True,False,False,0.0,0.00033921302578018993,-0.00033921302578018993
huginn,2026090803,multihop,jlens,16,5,1,False,False,False,0.0,0.00016960651289009497,-0.00016960651289009497
huginn,2026090803,multihop,jlens,17,5,2,False,False,False,0.0,0.0,0.0
huginn,2026090803,multihop,jlens,18,5,3,False,False,False,0.0,0.0006784260515603799,-0.0006784260515603799
huginn,2026090803,multihop,jlens,19,5,4,True,False,False,0.0,0.0017063443115003492,-0.0017063443115003492
huginn,2026090803,multihop,jlens,20,6,1,False,False,False,0.0,0.0,0.0
huginn,2026090803,multihop,jlens,21,6,2,False,False,False,0.011363636363636364,0.0005088195386702849,0.010854816824966078
huginn,2026090803,multihop,jlens,22,6,3,False,False,False,0.0,0.0016960651289009497,-0.0016960651289009497
huginn,2026090803,multihop,jlens,23,6,4,True,False,False,0.0,0.0006784260515603799,-0.0006784260515603799
huginn,2026090803,multihop,jlens,24,7,1,False,False,False,0.0,0.0005088195386702849,-0.0005088195386702849
huginn,2026090803,multihop,jlens,25,7,2,False,False,False,0.011363636363636364,0.0008480325644504748,0.01051560379918589
huginn,2026090803,multihop,jlens,26,7,3,False,False,False,0.011363636363636364,0.0018915277395603039,0.00947210862407606
huginn,2026090803,multihop,jlens,27,7,4,True,False,False,0.011363636363636364,0.00034443168771526985,0.011019204675921095
huginn,2026090803,multihop,jlens,28,8,1,False,False,False,0.056818181818181816,0.0032508705676955337,0.053567311250486284
huginn,2026090803,multihop,jlens,29,8,2,False,False,False,0.10227272727272728,0.008367491847817494,0.09390523542490978
huginn,2026090803,multihop,jlens,30,8,3,False,False,False,0.11363636363636363,0.016010064110471157,0.09762629952589248
huginn,2026090803,multihop,jlens,31,8,4,True,False,False,0.10227272727272728,0.02263001584575533,0.07964271142697193
huginn,2026090803,multihop,coda,0,1,1,False,False,True,0.011363636363636364,0.0037339130792319384,0.007629723284404425
huginn,2026090803,multihop,coda,1,1,2,False,False,True,0.011363636363636364,0.010009354056165454,0.0013542823074709095
huginn,2026090803,multihop,coda,2,1,3,False,False,True,0.022727272727272728,0.008143682414374409,0.01458359031289832
huginn,2026090803,multihop,coda,3,1,4,True,False,False,0.045454545454545456,0.02530485683470759,0.02014968861983787
huginn,2026090803,multihop,coda,4,2,1,False,False,True,0.056818181818181816,0.0076374326713539754,0.04918074914682786
huginn,2026090803,multihop,coda,5,2,2,False,False,True,0.07954545454545454,0.020208872990419804,0.05933658155503474
huginn,2026090803,multihop,coda,6,2,3,False,False,True,0.06818181818181818,0.02259364335348053,0.04558817482833766
huginn,2026090803,multihop,coda,7,2,4,True,False,False,0.14772727272727273,0.04436238230335921,0.10336489042391349
huginn,2026090803,multihop,coda,8,3,1,False,False,True,0.11363636363636363,0.01308804831532104,0.1005483153210426
huginn,2026090803,multihop,coda,9,3,2,False,False,True,0.11363636363636363,0.02616316858175746,0.08747319505460618
huginn,2026090803,multihop,coda,10,3,3,False,False,True,0.11363636363636363,0.03109211570880497,0.08254424792755863
huginn,2026090803,multihop,coda,11,3,4,True,False,False,0.2159090909090909,0.046421025830795146,0.16948806507829575
huginn,2026090803,multihop,coda,12,4,1,False,False,True,0.18181818181818182,0.0173437089821079,0.16447447283607391
huginn,2026090803,multihop,coda,13,4,2,False,False,True,0.1590909090909091,0.0283758417069136,0.1307150673839955
huginn,2026090803,multihop,coda,14,4,3,False,False,True,0.125,0.03347688607186571,0.09152311392813428
huginn,2026090803,multihop,coda,15,4,4,True,False,False,0.2840909090909091,0.04981323515923244,0.2342776739316766
huginn,2026090803,multihop,coda,16,5,1,False,False,True,0.14772727272727273,0.022945863498780736,0.12478140922849201
huginn,2026090803,multihop,coda,17,5,2,False,False,True,0.19318181818181818,0.03295778735059603,0.1602240308312221
huginn,2026090803,multihop,coda,18,5,3,False,False,True,0.18181818181818182,0.039097187299358245,0.14272099451882359
huginn,2026090803,multihop,coda,19,5,4,True,False,False,0.2727272727272727,0.04759550151341197,0.22513177121386072
huginn,2026090803,multihop,coda,20,6,1,False,False,True,0.14772727272727273,0.02262471811318487,0.12510255461408787
huginn,2026090803,multihop,coda,21,6,2,False,False,True,0.13636363636363635,0.033662069499925645,0.10270156686371067
huginn,2026090803,multihop,coda,22,6,3,False,False,True,0.14772727272727273,0.03944667950773783,0.10828059321953488
huginn,2026090803,multihop,coda,23,6,4,True,False,False,0.25,0.04930441562056214,0.2006955843794378
huginn,2026090803,multihop,coda,24,7,1,False,False,True,0.18181818181818182,0.02195408051920942,0.15986410129897238
huginn,2026090803,multihop,coda,25,7,2,False,False,True,0.13636363636363635,0.03739598257915759,0.09896765378447875
huginn,2026090803,multihop,coda,26,7,3,False,False,True,0.14772727272727273,0.03995035945510842,0.1077769132721643
huginn,2026090803,multihop,coda,27,7,4,True,False,False,0.2727272727272727,0.05320022582573463,0.21952704690153801
huginn,2026090803,multihop,coda,28,8,1,False,False,True,0.18181818181818182,0.024158965186780644,0.15765921663140114
huginn,2026090803,multihop,coda,29,8,2,False,False,True,0.125,0.03654538021905726,0.0884546197809427
huginn,2026090803,multihop,coda,30,8,3,False,False,True,0.11363636363636363,0.039606006838028535,0.07403035679833508
huginn,2026090803,multihop,coda,31,8,4,True,False,False,0.2840909090909091,0.051663488027124366,0.23242742106378467
huginn,2026090803,multihop,jlens_minus_raw,0,1,1,False,False,False,0.0,-0.007462686567164181,0.007462686567164181
huginn,2026090803,multihop,jlens_minus_raw,1,1,2,False,False,False,-0.022727272727272728,-0.015945582007318777,-0.006781690719953951
huginn,2026090803,multihop,jlens_minus_raw,2,1,3,False,False,False,-0.022727272727272728,-0.00950053451749517,-0.01322673820977756
huginn,2026090803,multihop,jlens_minus_raw,3,1,4,True,False,False,0.0,-0.0006784260515603799,0.0006784260515603799
huginn,2026090803,multihop,jlens_minus_raw,4,2,1,False,False,False,-0.022727272727272728,-0.004240162822252373,-0.01848710990502035
huginn,2026090803,multihop,jlens_minus_raw,5,2,2,False,False,False,-0.022727272727272728,-0.009672710826035115,-0.013054561901237615
huginn,2026090803,multihop,jlens_minus_raw,6,2,3,False,False,False,-0.011363636363636364,-0.011880165289256199,0.0005165289256198355
huginn,2026090803,multihop,jlens_minus_raw,7,2,4,True,False,False,-0.022727272727272728,-0.0025542978053154437,-0.020172974921957285
huginn,2026090803,multihop,jlens_minus_raw,8,3,1,False,False,False,-0.056818181818181816,-0.004748982360922657,-0.05206919945725916
huginn,2026090803,multihop,jlens_minus_raw,9,3,2,False,False,False,-0.07954545454545454,-0.01392829242218659,-0.06561716212326796
huginn,2026090803,multihop,jlens_minus_raw,10,3,3,False,False,False,-0.10227272727272728,-0.019042264836023323,-0.08323046243670396
huginn,2026090803,multihop,jlens_minus_raw,11,3,4,True,False,False,-0.07954545454545454,-0.004088623949546607,-0.07545683059590792
huginn,2026090803,multihop,jlens_minus_raw,12,4,1,False,False,False,-0.07954545454545454,-0.008493174622754,-0.07105227992270052
huginn,2026090803,multihop,jlens_minus_raw,13,4,2,False,False,False,-0.07954545454545454,-0.016994137703092934,-0.0625513168423616
huginn,2026090803,multihop,jlens_minus_raw,14,4,3,False,False,False,-0.125,-0.02122916093404561,-0.10377083906595437
huginn,2026090803,multihop,jlens_minus_raw,15,4,4,True,False,False,-0.09090909090909091,-0.00885045528871852,-0.08205863562037242
huginn,2026090803,multihop,jlens_minus_raw,16,5,1,False,False,False,-0.056818181818181816,-0.00882981785288434,-0.04798836396529748
huginn,2026090803,multihop,jlens_minus_raw,17,5,2,False,False,False,-0.11363636363636363,-0.016976070062908605,-0.09666029357345503
huginn,2026090803,multihop,jlens_minus_raw,18,5,3,False,False,False,-0.125,-0.02324894124419227,-0.10175105875580776
huginn,2026090803,multihop,jlens_minus_raw,19,5,4,True,False,False,-0.11363636363636363,-0.007840683739598259,-0.10579567989676537
huginn,2026090803,multihop,jlens_minus_raw,20,6,1,False,False,False,-0.09090909090909091,-0.006447617285473461,-0.08446147362361743
huginn,2026090803,multihop,jlens_minus_raw,21,6,2,False,False,False,-0.1590909090909091,-0.013745836931047244,-0.1453450721598618
huginn,2026090803,multihop,jlens_minus_raw,22,6,3,False,False,False,-0.14772727272727273,-0.018006637189133798,-0.12972063553813895
huginn,2026090803,multihop,jlens_minus_raw,23,6,4,True,False,False,-0.09090909090909091,-0.008190096877342472,-0.0827189940317484
huginn,2026090803,multihop,jlens_minus_raw,24,7,1,False,False,False,-0.09090909090909091,-0.004592224826281814,-0.0863168660828091
huginn,2026090803,multihop,jlens_minus_raw,25,7,2,False,False,False,-0.10227272727272728,-0.013095836772905973,-0.0891768904998213
huginn,2026090803,multihop,jlens_minus_raw,26,7,3,False,False,False,-0.10227272727272728,-0.022768468528305708,-0.07950425874442156
huginn,2026090803,multihop,jlens_minus_raw,27,7,4,True,False,False,-0.06818181818181818,-0.011410050826604424,-0.05677176735521378
huginn,2026090803,multihop,jlens_minus_raw,28,8,1,False,False,False,0.0,-0.0028962387680162445,0.0028962387680162437
huginn,2026090803,multihop,jlens_minus_raw,29,8,2,False,False,False,-0.03409090909090909,-0.006625012255948487,-0.02746589683496062
huginn,2026090803,multihop,jlens_minus_raw,30,8,3,False,False,False,0.0,-0.005599663791658363,0.005599663791658377
huginn,2026090803,multihop,jlens_minus_raw,31,8,4,True,False,False,0.03409090909090909,0.01155395938299602,0.02253694970791307
huginn,2026090803,multihop,coda_minus_raw,0,1,1,False,False,True,0.011363636363636364,-0.0037287734879322383,0.015092409851568607
huginn,2026090803,multihop,coda_minus_raw,1,1,2,False,False,True,-0.011363636363636364,-0.005936227951153322,-0.0054274084124830415
huginn,2026090803,multihop,coda_minus_raw,2,1,3,False,False,True,0.0,-0.0013568521031207597,0.001356852103120759
huginn,2026090803,multihop,coda_minus_raw,3,1,4,True,False,False,0.045454545454545456,0.024287217757367016,0.021167327697178443
huginn,2026090803,multihop,coda_minus_raw,4,2,1,False,False,True,0.03409090909090909,0.0033972698491015986,0.0306936392418075
huginn,2026090803,multihop,coda_minus_raw,5,2,2,False,False,True,0.056818181818181816,0.010196949138604498,0.04662123267957732
huginn,2026090803,multihop,coda_minus_raw,6,2,3,False,False,True,0.056818181818181816,0.009176661194978697,0.04764152062320313
huginn,2026090803,multihop,coda_minus_raw,7,2,4,True,False,False,0.125,0.04129147650178854,0.08370852349821141
huginn,2026090803,multihop,coda_minus_raw,8,3,1,False,False,True,0.056818181818181816,0.008339065954398383,0.04847911586378344
huginn,2026090803,multihop,coda_minus_raw,9,3,2,False,False,True,0.03409090909090909,0.012065269646680771,0.02202563944422832
huginn,2026090803,multihop,coda_minus_raw,10,3,3,False,False,True,0.011363636363636364,0.012049850872781674,-0.0006862145091453074
huginn,2026090803,multihop,coda_minus_raw,11,3,4,True,False,False,0.13636363636363635,0.041653975829688154,0.09470966053394819
huginn,2026090803,multihop,coda_minus_raw,12,4,1,False,False,True,0.10227272727272728,0.0088505343593539,0.09342219291337338
huginn,2026090803,multihop,coda_minus_raw,13,4,2,False,False,True,0.07954545454545454,0.011381704003820691,0.06816375054163383
huginn,2026090803,multihop,coda_minus_raw,14,4,3,False,False,True,0.0,0.011738905599149835,-0.011738905599149828
huginn,2026090803,multihop,coda_minus_raw,15,4,4,True,False,False,0.19318181818181818,0.040623566844733706,0.15255825133708445
huginn,2026090803,multihop,coda_minus_raw,16,5,1,False,False,True,0.09090909090909091,0.013946439133006304,0.07696265177608462
huginn,2026090803,multihop,coda_minus_raw,17,5,2,False,False,True,0.07954545454545454,0.015981717287687436,0.06356373725776712
huginn,2026090803,multihop,coda_minus_raw,18,5,3,False,False,True,0.056818181818181816,0.015169820003605623,0.0416483618145762
huginn,2026090803,multihop,coda_minus_raw,19,5,4,True,False,False,0.1590909090909091,0.03804847346231335,0.12104243562859572
huginn,2026090803,multihop,coda_minus_raw,20,6,1,False,False,True,0.056818181818181816,0.016177100827711413,0.04064108099047042
huginn,2026090803,multihop,coda_minus_raw,21,6,2,False,False,True,-0.03409090909090909,0.01940741303020815,-0.05349832212111724
huginn,2026090803,multihop,coda_minus_raw,22,6,3,False,False,True,0.0,0.019743977189703103,-0.019743977189703096
huginn,2026090803,multihop,coda_minus_raw,23,6,4,True,False,False,0.1590909090909091,0.04043589269165929,0.11865501639924977
huginn,2026090803,multihop,coda_minus_raw,24,7,1,False,False,True,0.09090909090909091,0.016853036154257324,0.0740560547548336
huginn,2026090803,multihop,coda_minus_raw,25,7,2,False,False,True,0.022727272727272728,0.023452113241801173,-0.0007248405145284394
huginn,2026090803,multihop,coda_minus_raw,26,7,3,False,False,True,0.03409090909090909,0.015290363187242433,0.018800545903666657
huginn,2026090803,multihop,coda_minus_raw,27,7,4,True,False,False,0.19318181818181818,0.04144574331141493,0.15173607487040322
huginn,2026090803,multihop,coda_minus_raw,28,8,1,False,False,True,0.125,0.01801185585106888,0.10698814414893111
huginn,2026090803,multihop,coda_minus_raw,29,8,2,False,False,True,-0.011363636363636364,0.021552876115291317,-0.032916512478927684
huginn,2026090803,multihop,coda_minus_raw,30,8,3,False,False,True,0.0,0.017996278935899022,-0.017996278935899016
huginn,2026090803,multihop,coda_minus_raw,31,8,4,True,False,False,0.2159090909090909,0.04058743156436507,0.17532165934472585
huginn,2026090803,multihop,jlens_minus_coda,0,1,1,False,False,True,-0.011363636363636364,-0.0037339130792319384,-0.007629723284404425
huginn,2026090803,multihop,jlens_minus_coda,1,1,2,False,False,True,-0.011363636363636364,-0.010009354056165454,-0.0013542823074709095
huginn,2026090803,multihop,jlens_minus_coda,2,1,3,False,False,True,-0.022727272727272728,-0.008143682414374409,-0.01458359031289832
huginn,2026090803,multihop,jlens_minus_coda,3,1,4,True,False,False,-0.045454545454545456,-0.024965643808927403,-0.020488901645618063
huginn,2026090803,multihop,jlens_minus_coda,4,2,1,False,False,True,-0.056818181818181816,-0.0076374326713539754,-0.04918074914682786
huginn,2026090803,multihop,jlens_minus_coda,5,2,2,False,False,True,-0.07954545454545454,-0.019869659964639613,-0.059675794580814935
huginn,2026090803,multihop,jlens_minus_coda,6,2,3,False,False,True,-0.06818181818181818,-0.021056826484234896,-0.04712499169758329
huginn,2026090803,multihop,jlens_minus_coda,7,2,4,True,False,False,-0.14772727272727273,-0.043845774307104,-0.10388149842016871
huginn,2026090803,multihop,jlens_minus_coda,8,3,1,False,False,True,-0.11363636363636363,-0.01308804831532104,-0.1005483153210426
huginn,2026090803,multihop,jlens_minus_coda,9,3,2,False,False,True,-0.11363636363636363,-0.02599356206886736,-0.08764280156749628
huginn,2026090803,multihop,jlens_minus_coda,10,3,3,False,False,True,-0.11363636363636363,-0.03109211570880497,-0.08254424792755863
huginn,2026090803,multihop,jlens_minus_coda,11,3,4,True,False,False,-0.2159090909090909,-0.04574259977923476,-0.17016649112985613
huginn,2026090803,multihop,jlens_minus_coda,12,4,1,False,False,True,-0.18181818181818182,-0.0173437089821079,-0.16447447283607391
huginn,2026090803,multihop,jlens_minus_coda,13,4,2,False,False,True,-0.1590909090909091,-0.0283758417069136,-0.1307150673839955
huginn,2026090803,multihop,jlens_minus_coda,14,4,3,False,False,True,-0.125,-0.03296806653319542,-0.09203193346680455
huginn,2026090803,multihop,jlens_minus_coda,15,4,4,True,False,False,-0.2840909090909091,-0.04947402213345226,-0.23461688695745678
huginn,2026090803,multihop,jlens_minus_coda,16,5,1,False,False,True,-0.14772727272727273,-0.02277625698589064,-0.12495101574138211
huginn,2026090803,multihop,jlens_minus_coda,17,5,2,False,False,True,-0.19318181818181818,-0.03295778735059603,-0.1602240308312221
huginn,2026090803,multihop,jlens_minus_coda,18,5,3,False,False,True,-0.18181818181818182,-0.03841876124779787,-0.14339942057038393
huginn,2026090803,multihop,jlens_minus_coda,19,5,4,True,False,False,-0.2727272727272727,-0.04588915720191162,-0.22683811552536107
huginn,2026090803,multihop,jlens_minus_coda,20,6,1,False,False,True,-0.14772727272727273,-0.02262471811318487,-0.12510255461408787
huginn,2026090803,multihop,jlens_minus_coda,21,6,2,False,False,True,-0.125,-0.03315324996125537,-0.0918467500387446
huginn,2026090803,multihop,jlens_minus_coda,22,6,3,False,False,True,-0.14772727272727273,-0.037750614378836894,-0.10997665834843584
huginn,2026090803,multihop,jlens_minus_coda,23,6,4,True,False,False,-0.25,-0.04862598956900177,-0.2013740104309982
huginn,2026090803,multihop,jlens_minus_coda,24,7,1,False,False,True,-0.18181818181818182,-0.021445260980539137,-0.16037292083764268
huginn,2026090803,multihop,jlens_minus_coda,25,7,2,False,False,True,-0.125,-0.03654795001470712,-0.08845204998529285
huginn,2026090803,multihop,jlens_minus_coda,26,7,3,False,False,True,-0.13636363636363635,-0.038058831715548115,-0.09830480464808823
huginn,2026090803,multihop,jlens_minus_coda,27,7,4,True,False,False,-0.26136363636363635,-0.05285579413801936,-0.2085078422256169
huginn,2026090803,multihop,jlens_minus_coda,28,8,1,False,False,True,-0.125,-0.020908094619085126,-0.10409190538091485
huginn,2026090803,multihop,jlens_minus_coda,29,8,2,False,False,True,-0.022727272727272728,-0.02817788837123978,0.0054506156439670765
huginn,2026090803,multihop,jlens_minus_coda,30,8,3,False,False,True,0.0,-0.023595942727557388,0.023595942727557374
huginn,2026090803,multihop,jlens_minus_coda,31,8,4,True,False,False,-0.18181818181818182,-0.02903347218136907,-0.1527847096368128
huginn,2026090803,order-ops,raw,0,1,1,False,False,False,0.27450980392156865,0.30618401206636503,-0.03167420814479639
huginn,2026090803,order-ops,raw,1,1,2,False,False,False,0.5098039215686274,0.4238310708898942,0.08597285067873302
huginn,2026090803,order-ops,raw,2,1,3,False,False,False,0.47058823529411764,0.3740573152337858,0.09653092006033183
huginn,2026090803,order-ops,raw,3,1,4,True,False,False,0.0,0.007541478129713424,-0.007541478129713424
huginn,2026090803,order-ops,raw,4,2,1,False,False,False,0.47058823529411764,0.37707390648567124,0.09351432880844644
huginn,2026090803,order-ops,raw,5,2,2,False,False,False,0.5686274509803921,0.42533936651583687,0.14328808446455507
huginn,2026090803,order-ops,raw,6,2,3,False,False,False,0.5686274509803921,0.44494720965309176,0.12368024132730013
huginn,2026090803,order-ops,raw,7,2,4,True,False,False,0.058823529411764705,0.06787330316742084,-0.009049773755656104
huginn,2026090803,order-ops,raw,8,3,1,False,False,False,0.5294117647058824,0.4509803921568624,0.0784313725490196
huginn,2026090803,order-ops,raw,9,3,2,False,False,False,0.5882352941176471,0.47812971342383076,0.11010558069381599
huginn,2026090803,order-ops,raw,10,3,3,False,False,False,0.5882352941176471,0.4736048265460028,0.11463046757164402
huginn,2026090803,order-ops,raw,11,3,4,True,False,False,0.23529411764705882,0.1312217194570136,0.10407239819004524
huginn,2026090803,order-ops,raw,12,4,1,False,False,False,0.5098039215686274,0.45399698340874794,0.05580693815987934
huginn,2026090803,order-ops,raw,13,4,2,False,False,False,0.5882352941176471,0.4796380090497736,0.1085972850678733
huginn,2026090803,order-ops,raw,14,4,3,False,False,False,0.5686274509803921,0.47058823529411753,0.09803921568627451
huginn,2026090803,order-ops,raw,15,4,4,True,False,False,0.11764705882352941,0.07239819004524886,0.04524886877828052
huginn,2026090803,order-ops,raw,16,5,1,False,False,False,0.5294117647058824,0.4253393665158369,0.10407239819004523
huginn,2026090803,order-ops,raw,17,5,2,False,False,False,0.5882352941176471,0.46455505279034665,0.12368024132730013
huginn,2026090803,order-ops,raw,18,5,3,False,False,False,0.5686274509803921,0.46153846153846134,0.10708898944193058
huginn,2026090803,order-ops,raw,19,5,4,True,False,False,0.09803921568627451,0.04223227752639518,0.05580693815987933
huginn,2026090803,order-ops,raw,20,6,1,False,False,False,0.5098039215686274,0.38914027149321256,0.12066365007541477
huginn,2026090803,order-ops,raw,21,6,2,False,False,False,0.5686274509803921,0.4434389140271491,0.12518853695324283
huginn,2026090803,order-ops,raw,22,6,3,False,False,False,0.5686274509803921,0.44343891402714913,0.1251885369532428
huginn,2026090803,order-ops,raw,23,6,4,True,False,False,0.09803921568627451,0.02564102564102564,0.07239819004524886
huginn,2026090803,order-ops,raw,24,7,1,False,False,False,0.49019607843137253,0.3785822021116139,0.11161387631975866
huginn,2026090803,order-ops,raw,25,7,2,False,False,False,0.5882352941176471,0.4509803921568624,0.13725490196078433
huginn,2026090803,order-ops,raw,26,7,3,False,False,False,0.5490196078431373,0.4358974358974357,0.11312217194570136
huginn,2026090803,order-ops,raw,27,7,4,True,False,False,0.0784313725490196,0.0392156862745098,0.0392156862745098
huginn,2026090803,order-ops,raw,28,8,1,False,False,False,0.43137254901960786,0.3484162895927601,0.08295625942684764
huginn,2026090803,order-ops,raw,29,8,2,False,False,False,0.5686274509803921,0.43288084464555027,0.13574660633484162
huginn,2026090803,order-ops,raw,30,8,3,False,False,False,0.5098039215686274,0.41628959276018085,0.09351432880844646
huginn,2026090803,order-ops,raw,31,8,4,True,False,False,0.0784313725490196,0.03469079939668175,0.04374057315233785
huginn,2026090803,order-ops,jlens,0,1,1,False,False,False,0.0,0.0,0.0
huginn,2026090803,order-ops,jlens,1,1,2,False,False,False,0.0,0.0,0.0
huginn,2026090803,order-ops,jlens,2,1,3,False,False,False,0.0,0.0,0.0
huginn,2026090803,order-ops,jlens,3,1,4,True,False,False,0.0,0.0,0.0
huginn,2026090803,order-ops,jlens,4,2,1,False,False,False,0.0,0.0,0.0
huginn,2026090803,order-ops,jlens,5,2,2,False,False,False,0.0,0.0,0.0
huginn,2026090803,order-ops,jlens,6,2,3,False,False,False,0.0,0.0,0.0
huginn,2026090803,order-ops,jlens,7,2,4,True,False,False,0.0,0.0,0.0
huginn,2026090803,order-ops,jlens,8,3,1,False,False,False,0.0,0.0,0.0
huginn,2026090803,order-ops,jlens,9,3,2,False,False,False,0.0,0.0,0.0
huginn,2026090803,order-ops,jlens,10,3,3,False,False,False,0.0,0.0,0.0
huginn,2026090803,order-ops,jlens,11,3,4,True,False,False,0.0,0.0,0.0
huginn,2026090803,order-ops,jlens,12,4,1,False,False,False,0.0,0.0,0.0
huginn,2026090803,order-ops,jlens,13,4,2,False,False,False,0.0,0.0,0.0
huginn,2026090803,order-ops,jlens,14,4,3,False,False,False,0.0,0.0,0.0
huginn,2026090803,order-ops,jlens,15,4,4,True,False,False,0.0,0.0,0.0
huginn,2026090803,order-ops,jlens,16,5,1,False,False,False,0.0,0.0,0.0
huginn,2026090803,order-ops,jlens,17,5,2,False,False,False,0.0,0.0,0.0
huginn,2026090803,order-ops,jlens,18,5,3,False,False,False,0.0,0.0,0.0
huginn,2026090803,order-ops,jlens,19,5,4,True,False,False,0.0,0.0,0.0
huginn,2026090803,order-ops,jlens,20,6,1,False,False,False,0.0,0.0,0.0
huginn,2026090803,order-ops,jlens,21,6,2,False,False,False,0.0,0.0,0.0
huginn,2026090803,order-ops,jlens,22,6,3,False,False,False,0.0,0.0,0.0
huginn,2026090803,order-ops,jlens,23,6,4,True,False,False,0.0,0.0,0.0
huginn,2026090803,order-ops,jlens,24,7,1,False,False,False,0.0,0.006033182503770739,-0.006033182503770739
huginn,2026090803,order-ops,jlens,25,7,2,False,False,False,0.0,0.0,0.0
huginn,2026090803,order-ops,jlens,26,7,3,False,False,False,0.0,0.0,0.0
huginn,2026090803,order-ops,jlens,27,7,4,True,False,False,0.0,0.0,0.0
huginn,2026090803,order-ops,jlens,28,8,1,False,False,False,0.0,0.0,0.0
huginn,2026090803,order-ops,jlens,29,8,2,False,False,False,0.0,0.0,0.0
huginn,2026090803,order-ops,jlens,30,8,3,False,False,False,0.0784313725490196,0.021116138763197585,0.05731523378582202
huginn,2026090803,order-ops,jlens,31,8,4,True,False,False,0.35294117647058826,0.22322775263951727,0.12971342383107085
huginn,2026090803,order-ops,coda,0,1,1,False,False,True,0.4117647058823529,0.3906485671191553,0.02111613876319758
huginn,2026090803,order-ops,coda,1,1,2,False,False,True,0.45098039215686275,0.42232277526395157,0.028657616892911006
huginn,2026090803,order-ops,coda,2,1,3,False,False,True,0.43137254901960786,0.39819004524886864,0.033182503770739044
huginn,2026090803,order-ops,coda,3,1,4,True,False,False,0.45098039215686275,0.358974358974359,0.09200603318250378
huginn,2026090803,order-ops,coda,4,2,1,False,False,True,0.5098039215686274,0.392156862745098,0.11764705882352938
huginn,2026090803,order-ops,coda,5,2,2,False,False,True,0.5098039215686274,0.3559577677224737,0.15384615384615383
huginn,2026090803,order-ops,coda,6,2,3,False,False,True,0.47058823529411764,0.3574660633484163,0.11312217194570134
huginn,2026090803,order-ops,coda,7,2,4,True,False,False,0.43137254901960786,0.36953242835595773,0.061840120663650064
huginn,2026090803,order-ops,coda,8,3,1,False,False,True,0.5098039215686274,0.46757164404223206,0.04223227752639515
huginn,2026090803,order-ops,coda,9,3,2,False,False,True,0.5490196078431373,0.43891402714932104,0.11010558069381599
huginn,2026090803,order-ops,coda,10,3,3,False,False,True,0.5490196078431373,0.4374057315233784,0.11161387631975866
huginn,2026090803,order-ops,coda,11,3,4,True,False,False,0.5294117647058824,0.4509803921568625,0.0784313725490196
huginn,2026090803,order-ops,coda,12,4,1,False,False,True,0.5294117647058824,0.4675716440422323,0.061840120663650085
huginn,2026090803,order-ops,coda,13,4,2,False,False,True,0.5490196078431373,0.429864253393665,0.11915535444947209
huginn,2026090803,order-ops,coda,14,4,3,False,False,True,0.5294117647058824,0.4132730015082956,0.11613876319758673
huginn,2026090803,order-ops,coda,15,4,4,True,False,False,0.5882352941176471,0.4645550527903467,0.12368024132730014
huginn,2026090803,order-ops,coda,16,5,1,False,False,True,0.5490196078431373,0.42081447963800894,0.12820512820512822
huginn,2026090803,order-ops,coda,17,5,2,False,False,True,0.5098039215686274,0.4012066365007541,0.10859728506787332
huginn,2026090803,order-ops,coda,18,5,3,False,False,True,0.5490196078431373,0.392156862745098,0.15686274509803919
huginn,2026090803,order-ops,coda,19,5,4,True,False,False,0.5098039215686274,0.43137254901960786,0.0784313725490196
huginn,2026090803,order-ops,coda,20,6,1,False,False,True,0.5490196078431373,0.38612368024132726,0.16289592760180993
huginn,2026090803,order-ops,coda,21,6,2,False,False,True,0.49019607843137253,0.38009049773755654,0.11010558069381599
huginn,2026090803,order-ops,coda,22,6,3,False,False,True,0.5098039215686274,0.36802413273001516,0.1417797888386124
huginn,2026090803,order-ops,coda,23,6,4,True,False,False,0.47058823529411764,0.40271493212669696,0.06787330316742082
huginn,2026090803,order-ops,coda,24,7,1,False,False,True,0.5294117647058824,0.3846153846153845,0.14479638009049767
huginn,2026090803,order-ops,coda,25,7,2,False,False,True,0.5098039215686274,0.37858220211161386,0.13122171945701355
huginn,2026090803,order-ops,coda,26,7,3,False,False,True,0.49019607843137253,0.3650075414781298,0.12518853695324283
huginn,2026090803,order-ops,coda,27,7,4,True,False,False,0.47058823529411764,0.36651583710407226,0.10407239819004524
huginn,2026090803,order-ops,coda,28,8,1,False,False,True,0.49019607843137253,0.3815987933634992,0.1085972850678733
huginn,2026090803,order-ops,coda,29,8,2,False,False,True,0.5098039215686274,0.3665158371040724,0.143288084464555
huginn,2026090803,order-ops,coda,30,8,3,False,False,True,0.5098039215686274,0.3499245852187029,0.15987933634992454
huginn,2026090803,order-ops,coda,31,8,4,True,False,False,0.45098039215686275,0.3484162895927602,0.10256410256410256
huginn,2026090803,order-ops,jlens_minus_raw,0,1,1,False,False,False,-0.27450980392156865,-0.30618401206636503,0.03167420814479639
huginn,2026090803,order-ops,jlens_minus_raw,1,1,2,False,False,False,-0.5098039215686274,-0.4238310708898942,-0.08597285067873302
huginn,2026090803,order-ops,jlens_minus_raw,2,1,3,False,False,False,-0.47058823529411764,-0.3740573152337858,-0.09653092006033183
huginn,2026090803,order-ops,jlens_minus_raw,3,1,4,True,False,False,0.0,-0.007541478129713424,0.007541478129713424
huginn,2026090803,order-ops,jlens_minus_raw,4,2,1,False,False,False,-0.47058823529411764,-0.37707390648567124,-0.09351432880844644
huginn,2026090803,order-ops,jlens_minus_raw,5,2,2,False,False,False,-0.5686274509803921,-0.42533936651583687,-0.14328808446455507
huginn,2026090803,order-ops,jlens_minus_raw,6,2,3,False,False,False,-0.5686274509803921,-0.44494720965309176,-0.12368024132730013
huginn,2026090803,order-ops,jlens_minus_raw,7,2,4,True,False,False,-0.058823529411764705,-0.06787330316742084,0.009049773755656104
huginn,2026090803,order-ops,jlens_minus_raw,8,3,1,False,False,False,-0.5294117647058824,-0.4509803921568624,-0.0784313725490196
huginn,2026090803,order-ops,jlens_minus_raw,9,3,2,False,False,False,-0.5882352941176471,-0.47812971342383076,-0.11010558069381599
huginn,2026090803,order-ops,jlens_minus_raw,10,3,3,False,False,False,-0.5882352941176471,-0.4736048265460028,-0.11463046757164402
huginn,2026090803,order-ops,jlens_minus_raw,11,3,4,True,False,False,-0.23529411764705882,-0.1312217194570136,-0.10407239819004524
huginn,2026090803,order-ops,jlens_minus_raw,12,4,1,False,False,False,-0.5098039215686274,-0.45399698340874794,-0.05580693815987934
huginn,2026090803,order-ops,jlens_minus_raw,13,4,2,False,False,False,-0.5882352941176471,-0.4796380090497736,-0.1085972850678733
huginn,2026090803,order-ops,jlens_minus_raw,14,4,3,False,False,False,-0.5686274509803921,-0.47058823529411753,-0.09803921568627451
huginn,2026090803,order-ops,jlens_minus_raw,15,4,4,True,False,False,-0.11764705882352941,-0.07239819004524886,-0.04524886877828052
huginn,2026090803,order-ops,jlens_minus_raw,16,5,1,False,False,False,-0.5294117647058824,-0.4253393665158369,-0.10407239819004523
huginn,2026090803,order-ops,jlens_minus_raw,17,5,2,False,False,False,-0.5882352941176471,-0.46455505279034665,-0.12368024132730013
huginn,2026090803,order-ops,jlens_minus_raw,18,5,3,False,False,False,-0.5686274509803921,-0.46153846153846134,-0.10708898944193058
huginn,2026090803,order-ops,jlens_minus_raw,19,5,4,True,False,False,-0.09803921568627451,-0.04223227752639518,-0.05580693815987933
huginn,2026090803,order-ops,jlens_minus_raw,20,6,1,False,False,False,-0.5098039215686274,-0.38914027149321256,-0.12066365007541477
huginn,2026090803,order-ops,jlens_minus_raw,21,6,2,False,False,False,-0.5686274509803921,-0.4434389140271491,-0.12518853695324283
huginn,2026090803,order-ops,jlens_minus_raw,22,6,3,False,False,False,-0.5686274509803921,-0.44343891402714913,-0.1251885369532428
huginn,2026090803,order-ops,jlens_minus_raw,23,6,4,True,False,False,-0.09803921568627451,-0.02564102564102564,-0.07239819004524886
huginn,2026090803,order-ops,jlens_minus_raw,24,7,1,False,False,False,-0.49019607843137253,-0.37254901960784315,-0.11764705882352938
huginn,2026090803,order-ops,jlens_minus_raw,25,7,2,False,False,False,-0.5882352941176471,-0.4509803921568624,-0.13725490196078433
huginn,2026090803,order-ops,jlens_minus_raw,26,7,3,False,False,False,-0.5490196078431373,-0.4358974358974357,-0.11312217194570136
huginn,2026090803,order-ops,jlens_minus_raw,27,7,4,True,False,False,-0.0784313725490196,-0.0392156862745098,-0.0392156862745098
huginn,2026090803,order-ops,jlens_minus_raw,28,8,1,False,False,False,-0.43137254901960786,-0.3484162895927601,-0.08295625942684764
huginn,2026090803,order-ops,jlens_minus_raw,29,8,2,False,False,False,-0.5686274509803921,-0.43288084464555027,-0.13574660633484162
huginn,2026090803,order-ops,jlens_minus_raw,30,8,3,False,False,False,-0.43137254901960786,-0.3951734539969833,-0.03619909502262441
huginn,2026090803,order-ops,jlens_minus_raw,31,8,4,True,False,False,0.27450980392156865,0.18853695324283562,0.085972850678733
huginn,2026090803,order-ops,coda_minus_raw,0,1,1,False,False,True,0.13725490196078433,0.08446455505279037,0.052790346907993994
huginn,2026090803,order-ops,coda_minus_raw,1,1,2,False,False,True,-0.058823529411764705,-0.001508295625942686,-0.05731523378582201
huginn,2026090803,order-ops,coda_minus_raw,2,1,3,False,False,True,-0.0392156862745098,0.024132730015082957,-0.06334841628959276
huginn,2026090803,order-ops,coda_minus_raw,3,1,4,True,False,False,0.45098039215686275,0.3514328808446456,0.09954751131221719
huginn,2026090803,order-ops,coda_minus_raw,4,2,1,False,False,True,0.0392156862745098,0.015082956259426851,0.024132730015082957
huginn,2026090803,order-ops,coda_minus_raw,5,2,2,False,False,True,-0.058823529411764705,-0.06938159879336347,0.010558069381598775
huginn,2026090803,order-ops,coda_minus_raw,6,2,3,False,False,True,-0.09803921568627451,-0.08748114630467568,-0.010558069381598806
huginn,2026090803,order-ops,coda_minus_raw,7,2,4,True,False,False,0.37254901960784315,0.30165912518853694,0.07088989441930618
huginn,2026090803,order-ops,coda_minus_raw,8,3,1,False,False,True,-0.0196078431372549,0.01659125188536954,-0.03619909502262443
huginn,2026090803,order-ops,coda_minus_raw,9,3,2,False,False,True,-0.0392156862745098,-0.03921568627450979,-3.2653618371328133e-18
huginn,2026090803,order-ops,coda_minus_raw,10,3,3,False,False,True,-0.0392156862745098,-0.03619909502262442,-0.0030165912518853697
huginn,2026090803,order-ops,coda_minus_raw,11,3,4,True,False,False,0.29411764705882354,0.31975867269984914,-0.02564102564102564
huginn,2026090803,order-ops,coda_minus_raw,12,4,1,False,False,True,0.0196078431372549,0.013574660633484167,0.006033182503770736
huginn,2026090803,order-ops,coda_minus_raw,13,4,2,False,False,True,-0.0392156862745098,-0.04977375565610858,0.010558069381598796
huginn,2026090803,order-ops,coda_minus_raw,14,4,3,False,False,True,-0.0392156862745098,-0.05731523378582201,0.018099547511312212
huginn,2026090803,order-ops,coda_minus_raw,15,4,4,True,False,False,0.47058823529411764,0.3921568627450979,0.07843137254901965
huginn,2026090803,order-ops,coda_minus_raw,16,5,1,False,False,True,0.0196078431372549,-0.004524886877828055,0.024132730015082957
huginn,2026090803,order-ops,coda_minus_raw,17,5,2,False,False,True,-0.0784313725490196,-0.06334841628959274,-0.015082956259426846
huginn,2026090803,order-ops,coda_minus_raw,18,5,3,False,False,True,-0.0196078431372549,-0.06938159879336345,0.04977375565610858
huginn,2026090803,order-ops,coda_minus_raw,19,5,4,True,False,False,0.4117647058823529,0.3891402714932127,0.022624434389140278
huginn,2026090803,order-ops,coda_minus_raw,20,6,1,False,False,True,0.0392156862745098,-0.0030165912518853675,0.04223227752639518
huginn,2026090803,order-ops,coda_minus_raw,21,6,2,False,False,True,-0.0784313725490196,-0.06334841628959276,-0.015082956259426857
huginn,2026090803,order-ops,coda_minus_raw,22,6,3,False,False,True,-0.058823529411764705,-0.07541478129713426,0.01659125188536952
huginn,2026090803,order-ops,coda_minus_raw,23,6,4,True,False,False,0.37254901960784315,0.3770739064856712,-0.004524886877828067
huginn,2026090803,order-ops,coda_minus_raw,24,7,1,False,False,True,0.0392156862745098,0.00603318250377074,0.03318250377073907
huginn,2026090803,order-ops,coda_minus_raw,25,7,2,False,False,True,-0.0784313725490196,-0.07239819004524888,-0.006033182503770748
huginn,2026090803,order-ops,coda_minus_raw,26,7,3,False,False,True,-0.058823529411764705,-0.07088989441930618,0.01206636500754146
huginn,2026090803,order-ops,coda_minus_raw,27,7,4,True,False,False,0.39215686274509803,0.3273001508295627,0.06485671191553544
huginn,2026090803,order-ops,coda_minus_raw,28,8,1,False,False,True,0.058823529411764705,0.033182503770739065,0.02564102564102565
huginn,2026090803,order-ops,coda_minus_raw,29,8,2,False,False,True,-0.058823529411764705,-0.06636500754147814,0.007541478129713405
huginn,2026090803,order-ops,coda_minus_raw,30,8,3,False,False,True,0.0,-0.06636500754147812,0.06636500754147809
huginn,2026090803,order-ops,coda_minus_raw,31,8,4,True,False,False,0.37254901960784315,0.3137254901960786,0.0588235294117647
huginn,2026090803,order-ops,jlens_minus_coda,0,1,1,False,False,True,-0.4117647058823529,-0.3906485671191553,-0.02111613876319758
huginn,2026090803,order-ops,jlens_minus_coda,1,1,2,False,False,True,-0.45098039215686275,-0.42232277526395157,-0.028657616892911006
huginn,2026090803,order-ops,jlens_minus_coda,2,1,3,False,False,True,-0.43137254901960786,-0.39819004524886864,-0.033182503770739044
huginn,2026090803,order-ops,jlens_minus_coda,3,1,4,True,False,False,-0.45098039215686275,-0.358974358974359,-0.09200603318250378
huginn,2026090803,order-ops,jlens_minus_coda,4,2,1,False,False,True,-0.5098039215686274,-0.392156862745098,-0.11764705882352938
huginn,2026090803,order-ops,jlens_minus_coda,5,2,2,False,False,True,-0.5098039215686274,-0.3559577677224737,-0.15384615384615383
huginn,2026090803,order-ops,jlens_minus_coda,6,2,3,False,False,True,-0.47058823529411764,-0.3574660633484163,-0.11312217194570134
huginn,2026090803,order-ops,jlens_minus_coda,7,2,4,True,False,False,-0.43137254901960786,-0.36953242835595773,-0.061840120663650064
huginn,2026090803,order-ops,jlens_minus_coda,8,3,1,False,False,True,-0.5098039215686274,-0.46757164404223206,-0.04223227752639515
huginn,2026090803,order-ops,jlens_minus_coda,9,3,2,False,False,True,-0.5490196078431373,-0.43891402714932104,-0.11010558069381599
huginn,2026090803,order-ops,jlens_minus_coda,10,3,3,False,False,True,-0.5490196078431373,-0.4374057315233784,-0.11161387631975866
huginn,2026090803,order-ops,jlens_minus_coda,11,3,4,True,False,False,-0.5294117647058824,-0.4509803921568625,-0.0784313725490196
huginn,2026090803,order-ops,jlens_minus_coda,12,4,1,False,False,True,-0.5294117647058824,-0.4675716440422323,-0.061840120663650085
huginn,2026090803,order-ops,jlens_minus_coda,13,4,2,False,False,True,-0.5490196078431373,-0.429864253393665,-0.11915535444947209
huginn,2026090803,order-ops,jlens_minus_coda,14,4,3,False,False,True,-0.5294117647058824,-0.4132730015082956,-0.11613876319758673
huginn,2026090803,order-ops,jlens_minus_coda,15,4,4,True,False,False,-0.5882352941176471,-0.4645550527903467,-0.12368024132730014
huginn,2026090803,order-ops,jlens_minus_coda,16,5,1,False,False,True,-0.5490196078431373,-0.42081447963800894,-0.12820512820512822
huginn,2026090803,order-ops,jlens_minus_coda,17,5,2,False,False,True,-0.5098039215686274,-0.4012066365007541,-0.10859728506787332
huginn,2026090803,order-ops,jlens_minus_coda,18,5,3,False,False,True,-0.5490196078431373,-0.392156862745098,-0.15686274509803919
huginn,2026090803,order-ops,jlens_minus_coda,19,5,4,True,False,False,-0.5098039215686274,-0.43137254901960786,-0.0784313725490196
huginn,2026090803,order-ops,jlens_minus_coda,20,6,1,False,False,True,-0.5490196078431373,-0.38612368024132726,-0.16289592760180993
huginn,2026090803,order-ops,jlens_minus_coda,21,6,2,False,False,True,-0.49019607843137253,-0.38009049773755654,-0.11010558069381599
huginn,2026090803,order-ops,jlens_minus_coda,22,6,3,False,False,True,-0.5098039215686274,-0.36802413273001516,-0.1417797888386124
huginn,2026090803,order-ops,jlens_minus_coda,23,6,4,True,False,False,-0.47058823529411764,-0.40271493212669696,-0.06787330316742082
huginn,2026090803,order-ops,jlens_minus_coda,24,7,1,False,False,True,-0.5294117647058824,-0.3785822021116138,-0.15082956259426838
huginn,2026090803,order-ops,jlens_minus_coda,25,7,2,False,False,True,-0.5098039215686274,-0.37858220211161386,-0.13122171945701355
huginn,2026090803,order-ops,jlens_minus_coda,26,7,3,False,False,True,-0.49019607843137253,-0.3650075414781298,-0.12518853695324283
huginn,2026090803,order-ops,jlens_minus_coda,27,7,4,True,False,False,-0.47058823529411764,-0.36651583710407226,-0.10407239819004524
huginn,2026090803,order-ops,jlens_minus_coda,28,8,1,False,False,True,-0.49019607843137253,-0.3815987933634992,-0.1085972850678733
huginn,2026090803,order-ops,jlens_minus_coda,29,8,2,False,False,True,-0.5098039215686274,-0.3665158371040724,-0.143288084464555
huginn,2026090803,order-ops,jlens_minus_coda,30,8,3,False,False,True,-0.43137254901960786,-0.3288084464555053,-0.10256410256410256
huginn,2026090803,order-ops,jlens_minus_coda,31,8,4,True,False,False,-0.09803921568627451,-0.12518853695324283,0.0271493212669683
huginn,2026090804,multihop,raw,0,1,1,False,False,False,0.0,0.006105834464043419,-0.006105834464043419
huginn,2026090804,multihop,raw,1,1,2,False,False,False,0.011363636363636364,0.013568521031207599,-0.0022048846675712347
huginn,2026090804,multihop,raw,2,1,3,False,False,False,0.022727272727272728,0.008310719131614654,0.014416553595658077
huginn,2026090804,multihop,raw,3,1,4,True,False,False,0.011363636363636364,0.0011872455902306649,0.010176390773405698
huginn,2026090804,multihop,raw,4,2,1,False,False,False,0.022727272727272728,0.0030529172320217096,0.019674355495251015
huginn,2026090804,multihop,raw,5,2,2,False,False,False,0.045454545454545456,0.010685210312075985,0.03476933514246947
huginn,2026090804,multihop,raw,6,2,3,False,False,False,0.022727272727272728,0.014272882251172615,0.008454390476100108
huginn,2026090804,multihop,raw,7,2,4,True,False,False,0.022727272727272728,0.0025595955378859042,0.02016767718938682
huginn,2026090804,multihop,raw,8,3,1,False,False,False,0.03409090909090909,0.004918588873812752,0.02917232021709634
huginn,2026090804,multihop,raw,9,3,2,False,False,False,0.11363636363636363,0.013422279891072296,0.10021408374529135
huginn,2026090804,multihop,raw,10,3,3,False,False,False,0.125,0.01921483649774017,0.10578516350225985
huginn,2026090804,multihop,raw,11,3,4,True,False,False,0.10227272727272728,0.004589655030631961,0.09768307224209533
huginn,2026090804,multihop,raw,12,4,1,False,False,False,0.056818181818181816,0.007470395954113732,0.04934778586406809
huginn,2026090804,multihop,raw,13,4,2,False,False,False,0.09090909090909091,0.015616648164137992,0.0752924427449529
huginn,2026090804,multihop,raw,14,4,3,False,False,False,0.11363636363636363,0.023084474322601866,0.09055188931376178
huginn,2026090804,multihop,raw,15,4,4,True,False,False,0.10227272727272728,0.008683497642113654,0.09358922963061361
huginn,2026090804,multihop,raw,16,5,1,False,False,False,0.10227272727272728,0.006786830311253649,0.0954858969614736
huginn,2026090804,multihop,raw,17,5,2,False,False,False,0.13636363636363635,0.015107828625467702,0.12125580773816867
huginn,2026090804,multihop,raw,18,5,3,False,False,False,0.14772727272727273,0.020537885904235973,0.12718938682303677
huginn,2026090804,multihop,raw,19,5,4,True,False,False,0.11363636363636363,0.00954437918481338,0.10409198445155027
huginn,2026090804,multihop,raw,20,6,1,False,False,False,0.09090909090909091,0.005769191233913077,0.08513989967517782
huginn,2026090804,multihop,raw,21,6,2,False,False,False,0.14772727272727273,0.01561921795978784,0.1321080547674849
huginn,2026090804,multihop,raw,22,6,3,False,False,False,0.125,0.021737980472715884,0.1032620195272841
huginn,2026090804,multihop,raw,23,6,4,True,False,False,0.125,0.009379912263222987,0.11562008773677702
huginn,2026090804,multihop,raw,24,7,1,False,False,False,0.06818181818181818,0.0064631151300079395,0.06171870305181024
huginn,2026090804,multihop,raw,25,7,2,False,False,False,0.11363636363636363,0.014794471697456775,0.09884189193890686
huginn,2026090804,multihop,raw,26,7,3,False,False,False,0.10227272727272728,0.024135678884661248,0.07813704838806602
huginn,2026090804,multihop,raw,27,7,4,True,False,False,0.07954545454545454,0.010736843436979124,0.06880861110847544
huginn,2026090804,multihop,raw,28,8,1,False,False,False,0.056818181818181816,0.008015350773152675,0.048802831045029145
huginn,2026090804,multihop,raw,29,8,2,False,False,False,0.125,0.015668360359676513,0.1093316396403235
huginn,2026090804,multihop,raw,30,8,3,False,False,False,0.11363636363636363,0.022619578521885172,0.09101678511447849
huginn,2026090804,multihop,raw,31,8,4,True,False,False,0.09090909090909091,0.01091423840745415,0.07999485250163674
huginn,2026090804,multihop,jlens,0,1,1,False,False,False,0.0,0.0,0.0
huginn,2026090804,multihop,jlens,1,1,2,False,False,False,0.0,0.0,0.0
huginn,2026090804,multihop,jlens,2,1,3,False,False,False,0.0,0.0,0.0
huginn,2026090804,multihop,jlens,3,1,4,True,False,False,0.0,0.0,0.0
huginn,2026090804,multihop,jlens,4,2,1,False,False,False,0.0,0.0,0.0
huginn,2026090804,multihop,jlens,5,2,2,False,False,False,0.0,0.0006784260515603799,-0.0006784260515603799
huginn,2026090804,multihop,jlens,6,2,3,False,False,False,0.0,0.0006835656428600799,-0.0006835656428600799
huginn,2026090804,multihop,jlens,7,2,4,True,False,False,0.0,0.0006887843047951596,-0.0006887843047951596
huginn,2026090804,multihop,jlens,8,3,1,False,False,False,0.0,0.0,0.0
huginn,2026090804,multihop,jlens,9,3,2,False,False,False,0.0,0.00016960651289009497,-0.00016960651289009497
huginn,2026090804,multihop,jlens,10,3,3,False,False,False,0.0,0.00016960651289009497,-0.00016960651289009497
huginn,2026090804,multihop,jlens,11,3,4,True,False,False,0.0,0.0010176390773405698,-0.0010176390773405698
huginn,2026090804,multihop,jlens,12,4,1,False,False,False,0.0,0.0,0.0
huginn,2026090804,multihop,jlens,13,4,2,False,False,False,0.0,0.0,0.0
huginn,2026090804,multihop,jlens,14,4,3,False,False,False,0.0,0.0006784260515603799,-0.0006784260515603799
huginn,2026090804,multihop,jlens,15,4,4,True,False,False,0.0,0.0005088195386702849,-0.0005088195386702849
huginn,2026090804,multihop,jlens,16,5,1,False,False,False,0.0,0.00033921302578018993,-0.00033921302578018993
huginn,2026090804,multihop,jlens,17,5,2,False,False,False,0.0,0.00016960651289009497,-0.00016960651289009497
huginn,2026090804,multihop,jlens,18,5,3,False,False,False,0.0,0.0005088195386702849,-0.0005088195386702849
huginn,2026090804,multihop,jlens,19,5,4,True,False,False,0.0,0.0017063443115003492,-0.0017063443115003492
huginn,2026090804,multihop,jlens,20,6,1,False,False,False,0.0,0.0,0.0
huginn,2026090804,multihop,jlens,21,6,2,False,False,False,0.011363636363636364,0.0008480325644504748,0.010515603799185886
huginn,2026090804,multihop,jlens,22,6,3,False,False,False,0.0,0.0022048846675712342,-0.0022048846675712342
huginn,2026090804,multihop,jlens,23,6,4,True,False,False,0.0,0.0016960651289009497,-0.0016960651289009497
huginn,2026090804,multihop,jlens,24,7,1,False,False,False,0.0,0.00033921302578018993,-0.00033921302578018993
huginn,2026090804,multihop,jlens,25,7,2,False,False,False,0.011363636363636364,0.0005088195386702849,0.010854816824966078
huginn,2026090804,multihop,jlens,26,7,3,False,False,False,0.022727272727272728,0.0024029170738804387,0.020324355653392287
huginn,2026090804,multihop,jlens,27,7,4,True,False,False,0.011363636363636364,0.00034178282143003993,0.011021853542206323
huginn,2026090804,multihop,jlens,28,8,1,False,False,False,0.056818181818181816,0.003592653389125573,0.05322552842905625
huginn,2026090804,multihop,jlens,29,8,2,False,False,False,0.09090909090909091,0.008367491847817493,0.08254159906127344
huginn,2026090804,multihop,jlens,30,8,3,False,False,False,0.06818181818181818,0.016521453444791296,0.051660364737026884
huginn,2026090804,multihop,jlens,31,8,4,True,False,False,0.11363636363636363,0.022802192154295273,0.09083417148206836
huginn,2026090804,multihop,coda,0,1,1,False,False,True,0.03409090909090909,0.005769191233913079,0.028321717856996012
huginn,2026090804,multihop,coda,1,1,2,False,False,True,0.022727272727272728,0.011363636363636366,0.01136363636363636
huginn,2026090804,multihop,coda,2,1,3,False,False,True,0.011363636363636364,0.012720488466757128,-0.0013568521031207621
huginn,2026090804,multihop,coda,3,1,4,True,False,False,0.045454545454545456,0.0229277958585964,0.02252674959594905
huginn,2026090804,multihop,coda,4,2,1,False,False,True,0.06818181818181818,0.00611354385099297,0.0620682743308252
huginn,2026090804,multihop,coda,5,2,2,False,False,True,0.07954545454545454,0.021920356893219847,0.0576250976522347
huginn,2026090804,multihop,coda,6,2,3,False,False,True,0.07954545454545454,0.02497327412524156,0.05457218042021299
huginn,2026090804,multihop,coda,7,2,4,True,False,False,0.1590909090909091,0.04214207886188887,0.11694883022902015
huginn,2026090804,multihop,coda,8,3,1,False,False,True,0.11363636363636363,0.011561589699310187,0.10207477393705347
huginn,2026090804,multihop,coda,9,3,2,False,False,True,0.10227272727272728,0.025798178528843387,0.07647454874388387
huginn,2026090804,multihop,coda,10,3,3,False,False,True,0.11363636363636363,0.030413689657244593,0.083222673979119
huginn,2026090804,multihop,coda,11,3,4,True,False,False,0.2159090909090909,0.04947900358348118,0.16643008732560968
huginn,2026090804,multihop,coda,12,4,1,False,False,True,0.13636363636363635,0.01818660195525867,0.11817703440837768
huginn,2026090804,multihop,coda,13,4,2,False,False,True,0.14772727272727273,0.027008710421193446,0.12071856230607926
huginn,2026090804,multihop,coda,14,4,3,False,False,True,0.13636363636363635,0.03364135299345611,0.10272228337018023
huginn,2026090804,multihop,coda,15,4,4,True,False,False,0.26136363636363635,0.05030398705771839,0.21105964930591795
huginn,2026090804,multihop,coda,16,5,1,False,False,True,0.1590909090909091,0.020908015548449742,0.13818289354245936
huginn,2026090804,multihop,coda,17,5,2,False,False,True,0.19318181818181818,0.03244896781192572,0.1607328503698924
huginn,2026090804,multihop,coda,18,5,3,False,False,True,0.19318181818181818,0.03653759176147234,0.15664422642034578
huginn,2026090804,multihop,coda,19,5,4,True,False,False,0.2840909090909091,0.046577783365436005,0.2375131257254731
huginn,2026090804,multihop,coda,20,6,1,False,False,True,0.19318181818181818,0.020756476675743974,0.17242534150607416
huginn,2026090804,multihop,coda,21,6,2,False,False,True,0.14772727272727273,0.03654281042340743,0.11118446230386528
huginn,2026090804,multihop,coda,22,6,3,False,False,True,0.17045454545454544,0.04097056832809884,0.1294839771264466
huginn,2026090804,multihop,coda,23,6,4,True,False,False,0.26136363636363635,0.04759285264712673,0.21377078371650962
huginn,2026090804,multihop,coda,24,7,1,False,False,True,0.19318181818181818,0.022632506570769793,0.1705493116110484
huginn,2026090804,multihop,coda,25,7,2,False,False,True,0.17045454545454544,0.03909975709500809,0.13135478835953732
huginn,2026090804,multihop,coda,26,7,3,False,False,True,0.18181818181818182,0.04063135530231864,0.14118682651586315
huginn,2026090804,multihop,coda,27,7,4,True,False,False,0.26136363636363635,0.04980295597663304,0.21156068038700326
huginn,2026090804,multihop,coda,28,8,1,False,False,True,0.18181818181818182,0.02348310893087012,0.1583350728873117
huginn,2026090804,multihop,coda,29,8,2,False,False,True,0.18181818181818182,0.035358134628826594,0.14646004718935518
huginn,2026090804,multihop,coda,30,8,3,False,False,True,0.17045454545454544,0.040626215711018945,0.1298283297435265
huginn,2026090804,multihop,coda,31,8,4,True,False,False,0.2840909090909091,0.05166605782277423,0.2324248512681348
huginn,2026090804,multihop,jlens_minus_raw,0,1,1,False,False,False,0.0,-0.006105834464043419,0.006105834464043419
huginn,2026090804,multihop,jlens_minus_raw,1,1,2,False,False,False,-0.011363636363636364,-0.013568521031207599,0.0022048846675712347
huginn,2026090804,multihop,jlens_minus_raw,2,1,3,False,False,False,-0.022727272727272728,-0.008310719131614654,-0.014416553595658077
huginn,2026090804,multihop,jlens_minus_raw,3,1,4,True,False,False,-0.011363636363636364,-0.0011872455902306649,-0.010176390773405698
huginn,2026090804,multihop,jlens_minus_raw,4,2,1,False,False,False,-0.022727272727272728,-0.0030529172320217096,-0.019674355495251015
huginn,2026090804,multihop,jlens_minus_raw,5,2,2,False,False,False,-0.045454545454545456,-0.010006784260515603,-0.035447761194029856
huginn,2026090804,multihop,jlens_minus_raw,6,2,3,False,False,False,-0.022727272727272728,-0.013589316608312536,-0.009137956118960188
huginn,2026090804,multihop,jlens_minus_raw,7,2,4,True,False,False,-0.022727272727272728,-0.0018708112330907444,-0.020856461494181983
huginn,2026090804,multihop,jlens_minus_raw,8,3,1,False,False,False,-0.03409090909090909,-0.004918588873812752,-0.02917232021709634
huginn,2026090804,multihop,jlens_minus_raw,9,3,2,False,False,False,-0.11363636363636363,-0.013252673378182199,-0.10038369025818145
huginn,2026090804,multihop,jlens_minus_raw,10,3,3,False,False,False,-0.125,-0.019045229984850077,-0.10595477001514993
huginn,2026090804,multihop,jlens_minus_raw,11,3,4,True,False,False,-0.10227272727272728,-0.0035720159532913924,-0.09870071131943589
huginn,2026090804,multihop,jlens_minus_raw,12,4,1,False,False,False,-0.056818181818181816,-0.007470395954113732,-0.04934778586406809
huginn,2026090804,multihop,jlens_minus_raw,13,4,2,False,False,False,-0.09090909090909091,-0.015616648164137992,-0.0752924427449529
huginn,2026090804,multihop,jlens_minus_raw,14,4,3,False,False,False,-0.11363636363636363,-0.022406048271041493,-0.09123031536532217
huginn,2026090804,multihop,jlens_minus_raw,15,4,4,True,False,False,-0.10227272727272728,-0.008174678103443368,-0.09409804916928391
huginn,2026090804,multihop,jlens_minus_raw,16,5,1,False,False,False,-0.10227272727272728,-0.006447617285473459,-0.0958251099872538
huginn,2026090804,multihop,jlens_minus_raw,17,5,2,False,False,False,-0.13636363636363635,-0.014938222112577608,-0.12142541425105877
huginn,2026090804,multihop,jlens_minus_raw,18,5,3,False,False,False,-0.14772727272727273,-0.02002906636556569,-0.12769820636170703
huginn,2026090804,multihop,jlens_minus_raw,19,5,4,True,False,False,-0.11363636363636363,-0.007838034873313028,-0.10579832876305062
huginn,2026090804,multihop,jlens_minus_raw,20,6,1,False,False,False,-0.09090909090909091,-0.005769191233913077,-0.08513989967517782
huginn,2026090804,multihop,jlens_minus_raw,21,6,2,False,False,False,-0.13636363636363635,-0.014771185395337364,-0.12159245096829899
huginn,2026090804,multihop,jlens_minus_raw,22,6,3,False,False,False,-0.125,-0.019533095805144646,-0.10546690419485535
huginn,2026090804,multihop,jlens_minus_raw,23,6,4,True,False,False,-0.125,-0.007683847134322033,-0.117316152865678
huginn,2026090804,multihop,jlens_minus_raw,24,7,1,False,False,False,-0.06818181818181818,-0.0061239021042277485,-0.06205791607759044
huginn,2026090804,multihop,jlens_minus_raw,25,7,2,False,False,False,-0.10227272727272728,-0.014285652158786487,-0.08798707511394079
huginn,2026090804,multihop,jlens_minus_raw,26,7,3,False,False,False,-0.07954545454545454,-0.02173276181078081,-0.05781269273467373
huginn,2026090804,multihop,jlens_minus_raw,27,7,4,True,False,False,-0.06818181818181818,-0.010395060615549085,-0.05778675756626912
huginn,2026090804,multihop,jlens_minus_raw,28,8,1,False,False,False,0.0,-0.004422697384027098,0.0044226973840271015
huginn,2026090804,multihop,jlens_minus_raw,29,8,2,False,False,False,-0.03409090909090909,-0.007300868511859015,-0.02679004057905008
huginn,2026090804,multihop,jlens_minus_raw,30,8,3,False,False,False,-0.045454545454545456,-0.00609812507709387,-0.03935642037745159
huginn,2026090804,multihop,jlens_minus_raw,31,8,4,True,False,False,0.022727272727272728,0.011887953746841125,0.0108393189804316
huginn,2026090804,multihop,coda_minus_raw,0,1,1,False,False,True,0.03409090909090909,-0.00033664323013034015,0.03442755232103943
huginn,2026090804,multihop,coda_minus_raw,1,1,2,False,False,True,0.011363636363636364,-0.0022048846675712342,0.013568521031207599
huginn,2026090804,multihop,coda_minus_raw,2,1,3,False,False,True,-0.011363636363636364,0.004409769335142469,-0.015773405698778834
huginn,2026090804,multihop,coda_minus_raw,3,1,4,True,False,False,0.03409090909090909,0.02174055026836574,0.01235035882254336
huginn,2026090804,multihop,coda_minus_raw,4,2,1,False,False,True,0.045454545454545456,0.0030606266189712582,0.042393918835574196
huginn,2026090804,multihop,coda_minus_raw,5,2,2,False,False,True,0.03409090909090909,0.011235146581143869,0.022855762509765218
huginn,2026090804,multihop,coda_minus_raw,6,2,3,False,False,True,0.056818181818181816,0.010700391874068944,0.04611778994411287
huginn,2026090804,multihop,coda_minus_raw,7,2,4,True,False,False,0.13636363636363635,0.039582483324002965,0.0967811530396334
huginn,2026090804,multihop,coda_minus_raw,8,3,1,False,False,True,0.07954545454545454,0.006643000825497433,0.07290245371995713
huginn,2026090804,multihop,coda_minus_raw,9,3,2,False,False,True,-0.011363636363636364,0.012375898637771094,-0.023739535001407453
huginn,2026090804,multihop,coda_minus_raw,10,3,3,False,False,True,-0.011363636363636364,0.011198853159504448,-0.022562489523140813
huginn,2026090804,multihop,coda_minus_raw,11,3,4,True,False,False,0.11363636363636363,0.04488934855284921,0.06874701508351443
huginn,2026090804,multihop,coda_minus_raw,12,4,1,False,False,True,0.07954545454545454,0.010716206001144942,0.0688292485443096
huginn,2026090804,multihop,coda_minus_raw,13,4,2,False,False,True,0.056818181818181816,0.01139206225705547,0.04542611956112635
huginn,2026090804,multihop,coda_minus_raw,14,4,3,False,False,True,0.022727272727272728,0.010556878670854251,0.012170394056418484
huginn,2026090804,multihop,coda_minus_raw,15,4,4,True,False,False,0.1590909090909091,0.04162048941560473,0.11747041967530433
huginn,2026090804,multihop,coda_minus_raw,16,5,1,False,False,True,0.056818181818181816,0.014121185237196097,0.042696996580985754
huginn,2026090804,multihop,coda_minus_raw,17,5,2,False,False,True,0.056818181818181816,0.017341139186458045,0.039477042631723774
huginn,2026090804,multihop,coda_minus_raw,18,5,3,False,False,True,0.045454545454545456,0.015999705857236382,0.02945483959730907
huginn,2026090804,multihop,coda_minus_raw,19,5,4,True,False,False,0.17045454545454544,0.03703340418062261,0.13342114127392282
huginn,2026090804,multihop,coda_minus_raw,20,6,1,False,False,True,0.10227272727272728,0.0149872854418309,0.08728544183089637
huginn,2026090804,multihop,coda_minus_raw,21,6,2,False,False,True,0.0,0.020923592463619602,-0.020923592463619592
huginn,2026090804,multihop,coda_minus_raw,22,6,3,False,False,True,0.045454545454545456,0.019232587855382975,0.02622195759916249
huginn,2026090804,multihop,coda_minus_raw,23,6,4,True,False,False,0.13636363636363635,0.03821294038390371,0.09815069597973261
huginn,2026090804,multihop,coda_minus_raw,24,7,1,False,False,True,0.125,0.016169391440761863,0.10883060855923815
huginn,2026090804,multihop,coda_minus_raw,25,7,2,False,False,True,0.056818181818181816,0.024305285397551335,0.032512896420630474
huginn,2026090804,multihop,coda_minus_raw,26,7,3,False,False,True,0.07954545454545454,0.016495676417657423,0.06304977812779712
huginn,2026090804,multihop,coda_minus_raw,27,7,4,True,False,False,0.18181818181818182,0.039066112539653905,0.1427520692785279
huginn,2026090804,multihop,coda_minus_raw,28,8,1,False,False,True,0.125,0.015467758157717455,0.10953224184228255
huginn,2026090804,multihop,coda_minus_raw,29,8,2,False,False,True,0.056818181818181816,0.019689774269150122,0.037128407549031704
huginn,2026090804,multihop,coda_minus_raw,30,8,3,False,False,True,0.056818181818181816,0.018006637189133798,0.03881154462904803
huginn,2026090804,multihop,coda_minus_raw,31,8,4,True,False,False,0.19318181818181818,0.04075181941532007,0.15242999876649807
huginn,2026090804,multihop,jlens_minus_coda,0,1,1,False,False,True,-0.03409090909090909,-0.005769191233913079,-0.028321717856996012
huginn,2026090804,multihop,jlens_minus_coda,1,1,2,False,False,True,-0.022727272727272728,-0.011363636363636366,-0.01136363636363636
huginn,2026090804,multihop,jlens_minus_coda,2,1,3,False,False,True,-0.011363636363636364,-0.012720488466757128,0.0013568521031207621
huginn,2026090804,multihop,jlens_minus_coda,3,1,4,True,False,False,-0.045454545454545456,-0.0229277958585964,-0.02252674959594905
huginn,2026090804,multihop,jlens_minus_coda,4,2,1,False,False,True,-0.06818181818181818,-0.00611354385099297,-0.0620682743308252
huginn,2026090804,multihop,jlens_minus_coda,5,2,2,False,False,True,-0.07954545454545454,-0.021241930841659467,-0.058303523703795074
huginn,2026090804,multihop,jlens_minus_coda,6,2,3,False,False,True,-0.07954545454545454,-0.02428970848238148,-0.05525574606307307
huginn,2026090804,multihop,jlens_minus_coda,7,2,4,True,False,False,-0.1590909090909091,-0.04145329455709371,-0.11763761453381533
huginn,2026090804,multihop,jlens_minus_coda,8,3,1,False,False,True,-0.11363636363636363,-0.011561589699310187,-0.10207477393705347
huginn,2026090804,multihop,jlens_minus_coda,9,3,2,False,False,True,-0.10227272727272728,-0.02562857201595329,-0.07664415525677398
huginn,2026090804,multihop,jlens_minus_coda,10,3,3,False,False,True,-0.11363636363636363,-0.030244083144354502,-0.0833922804920091
huginn,2026090804,multihop,jlens_minus_coda,11,3,4,True,False,False,-0.2159090909090909,-0.04846136450614062,-0.16744772640295028
huginn,2026090804,multihop,jlens_minus_coda,12,4,1,False,False,True,-0.13636363636363635,-0.01818660195525867,-0.11817703440837768
huginn,2026090804,multihop,jlens_minus_coda,13,4,2,False,False,True,-0.14772727272727273,-0.027008710421193446,-0.12071856230607926
huginn,2026090804,multihop,jlens_minus_coda,14,4,3,False,False,True,-0.13636363636363635,-0.032962926941895725,-0.10340070942174062
huginn,2026090804,multihop,jlens_minus_coda,15,4,4,True,False,False,-0.26136363636363635,-0.049795167519048104,-0.21156846884458821
huginn,2026090804,multihop,jlens_minus_coda,16,5,1,False,False,True,-0.1590909090909091,-0.020568802522669558,-0.13852210656823952
huginn,2026090804,multihop,jlens_minus_coda,17,5,2,False,False,True,-0.19318181818181818,-0.03227936129903563,-0.16090245688278249
huginn,2026090804,multihop,jlens_minus_coda,18,5,3,False,False,True,-0.19318181818181818,-0.036028772222802055,-0.15715304595901605
huginn,2026090804,multihop,jlens_minus_coda,19,5,4,True,False,False,-0.2840909090909091,-0.04487143905393564,-0.23921947003697344
huginn,2026090804,multihop,jlens_minus_coda,20,6,1,False,False,True,-0.19318181818181818,-0.020756476675743974,-0.17242534150607416
huginn,2026090804,multihop,jlens_minus_coda,21,6,2,False,False,True,-0.13636363636363635,-0.03569477785895696,-0.10066885850467938
huginn,2026090804,multihop,jlens_minus_coda,22,6,3,False,False,True,-0.17045454545454544,-0.038765683660527614,-0.13168886179401787
huginn,2026090804,multihop,jlens_minus_coda,23,6,4,True,False,False,-0.26136363636363635,-0.04589678751822577,-0.21546684884541056
huginn,2026090804,multihop,jlens_minus_coda,24,7,1,False,False,True,-0.19318181818181818,-0.022293293544989604,-0.17088852463682855
huginn,2026090804,multihop,jlens_minus_coda,25,7,2,False,False,True,-0.1590909090909091,-0.03859093755633781,-0.12049997153457125
huginn,2026090804,multihop,jlens_minus_coda,26,7,3,False,False,True,-0.1590909090909091,-0.038228438228438195,-0.12086247086247086
huginn,2026090804,multihop,jlens_minus_coda,27,7,4,True,False,False,-0.25,-0.049461173155203,-0.20053882684479693
huginn,2026090804,multihop,jlens_minus_coda,28,8,1,False,False,True,-0.125,-0.019890455541744553,-0.10510954445825545
huginn,2026090804,multihop,jlens_minus_coda,29,8,2,False,False,True,-0.09090909090909091,-0.026990642781009114,-0.06391844812808178
huginn,2026090804,multihop,jlens_minus_coda,30,8,3,False,False,True,-0.10227272727272728,-0.024104762266227667,-0.0781679650064996
huginn,2026090804,multihop,jlens_minus_coda,31,8,4,True,False,False,-0.17045454545454544,-0.02886386566847895,-0.14159067978606646
huginn,2026090804,order-ops,raw,0,1,1,False,False,False,0.29411764705882354,0.31674208144796384,-0.0226244343891403
huginn,2026090804,order-ops,raw,1,1,2,False,False,False,0.5490196078431373,0.4223227752639514,0.12669683257918551
huginn,2026090804,order-ops,raw,2,1,3,False,False,False,0.47058823529411764,0.39819004524886864,0.07239819004524886
huginn,2026090804,order-ops,raw,3,1,4,True,False,False,0.0196078431372549,0.007541478129713424,0.012066365007541479
huginn,2026090804,order-ops,raw,4,2,1,False,False,False,0.5098039215686274,0.38009049773755654,0.12971342383107087
huginn,2026090804,order-ops,raw,5,2,2,False,False,False,0.5490196078431373,0.4283559577677223,0.12066365007541476
huginn,2026090804,order-ops,raw,6,2,3,False,False,False,0.5490196078431373,0.4509803921568624,0.09803921568627452
huginn,2026090804,order-ops,raw,7,2,4,True,False,False,0.058823529411764705,0.05429864253393666,0.004524886877828056
huginn,2026090804,order-ops,raw,8,3,1,False,False,False,0.5098039215686274,0.4419306184012064,0.06787330316742082
huginn,2026090804,order-ops,raw,9,3,2,False,False,False,0.5686274509803921,0.47812971342383076,0.09049773755656108
huginn,2026090804,order-ops,raw,10,3,3,False,False,False,0.5882352941176471,0.4751131221719454,0.11312217194570134
huginn,2026090804,order-ops,raw,11,3,4,True,False,False,0.2549019607843137,0.12368024132730013,0.13122171945701358
huginn,2026090804,order-ops,raw,12,4,1,False,False,False,0.5098039215686274,0.45550527903469057,0.05429864253393665
huginn,2026090804,order-ops,raw,13,4,2,False,False,False,0.5882352941176471,0.47662141779788825,0.11161387631975866
huginn,2026090804,order-ops,raw,14,4,3,False,False,False,0.5686274509803921,0.47511312217194557,0.09351432880844644
huginn,2026090804,order-ops,raw,15,4,4,True,False,False,0.13725490196078433,0.0708898944193062,0.06636500754147814
huginn,2026090804,order-ops,raw,16,5,1,False,False,False,0.5294117647058824,0.4389140271493211,0.09049773755656108
huginn,2026090804,order-ops,raw,17,5,2,False,False,False,0.5882352941176471,0.4690799396681747,0.11915535444947206
huginn,2026090804,order-ops,raw,18,5,3,False,False,False,0.5882352941176471,0.4570135746606333,0.13122171945701355
huginn,2026090804,order-ops,raw,19,5,4,True,False,False,0.09803921568627451,0.03770739064856712,0.06033182503770739
huginn,2026090804,order-ops,raw,20,6,1,False,False,False,0.49019607843137253,0.39819004524886875,0.09200603318250376
huginn,2026090804,order-ops,raw,21,6,2,False,False,False,0.5490196078431373,0.44947209653091985,0.0995475113122172
huginn,2026090804,order-ops,raw,22,6,3,False,False,False,0.5686274509803921,0.44343891402714913,0.12518853695324278
huginn,2026090804,order-ops,raw,23,6,4,True,False,False,0.09803921568627451,0.027149321266968326,0.07088989441930617
huginn,2026090804,order-ops,raw,24,7,1,False,False,False,0.45098039215686275,0.3574660633484163,0.09351432880844644
huginn,2026090804,order-ops,raw,25,7,2,False,False,False,0.5294117647058824,0.44796380090497717,0.08144796380090497
huginn,2026090804,order-ops,raw,26,7,3,False,False,False,0.5294117647058824,0.4313725490196076,0.09803921568627451
huginn,2026090804,order-ops,raw,27,7,4,True,False,False,0.11764705882352941,0.04524886877828055,0.07239819004524886
huginn,2026090804,order-ops,raw,28,8,1,False,False,False,0.45098039215686275,0.3333333333333333,0.1176470588235294
huginn,2026090804,order-ops,raw,29,8,2,False,False,False,0.5490196078431373,0.42835595776772223,0.12066365007541474
huginn,2026090804,order-ops,raw,30,8,3,False,False,False,0.5490196078431373,0.41327300150829543,0.1357466063348416
huginn,2026090804,order-ops,raw,31,8,4,True,False,False,0.09803921568627451,0.04223227752639517,0.05580693815987934
huginn,2026090804,order-ops,jlens,0,1,1,False,False,False,0.0,0.0,0.0
huginn,2026090804,order-ops,jlens,1,1,2,False,False,False,0.0,0.0,0.0
huginn,2026090804,order-ops,jlens,2,1,3,False,False,False,0.0,0.0,0.0
huginn,2026090804,order-ops,jlens,3,1,4,True,False,False,0.0,0.0,0.0
huginn,2026090804,order-ops,jlens,4,2,1,False,False,False,0.0,0.0,0.0
huginn,2026090804,order-ops,jlens,5,2,2,False,False,False,0.0,0.0,0.0
huginn,2026090804,order-ops,jlens,6,2,3,False,False,False,0.0,0.0,0.0
huginn,2026090804,order-ops,jlens,7,2,4,True,False,False,0.0,0.0,0.0
huginn,2026090804,order-ops,jlens,8,3,1,False,False,False,0.0,0.0,0.0
huginn,2026090804,order-ops,jlens,9,3,2,False,False,False,0.0,0.0,0.0
huginn,2026090804,order-ops,jlens,10,3,3,False,False,False,0.0,0.0,0.0
huginn,2026090804,order-ops,jlens,11,3,4,True,False,False,0.0,0.0,0.0
huginn,2026090804,order-ops,jlens,12,4,1,False,False,False,0.0,0.0,0.0
huginn,2026090804,order-ops,jlens,13,4,2,False,False,False,0.0,0.0,0.0
huginn,2026090804,order-ops,jlens,14,4,3,False,False,False,0.0,0.0,0.0
huginn,2026090804,order-ops,jlens,15,4,4,True,False,False,0.0,0.0015082956259426848,-0.0015082956259426848
huginn,2026090804,order-ops,jlens,16,5,1,False,False,False,0.0,0.0,0.0
huginn,2026090804,order-ops,jlens,17,5,2,False,False,False,0.0,0.0,0.0
huginn,2026090804,order-ops,jlens,18,5,3,False,False,False,0.0,0.0,0.0
huginn,2026090804,order-ops,jlens,19,5,4,True,False,False,0.0,0.0,0.0
huginn,2026090804,order-ops,jlens,20,6,1,False,False,False,0.0,0.0,0.0
huginn,2026090804,order-ops,jlens,21,6,2,False,False,False,0.0,0.0,0.0
huginn,2026090804,order-ops,jlens,22,6,3,False,False,False,0.0,0.0,0.0
huginn,2026090804,order-ops,jlens,23,6,4,True,False,False,0.0,0.0,0.0
huginn,2026090804,order-ops,jlens,24,7,1,False,False,False,0.0,0.00904977375565611,-0.00904977375565611
huginn,2026090804,order-ops,jlens,25,7,2,False,False,False,0.0,0.0015082956259426848,-0.0015082956259426848
huginn,2026090804,order-ops,jlens,26,7,3,False,False,False,0.0,0.0,0.0
huginn,2026090804,order-ops,jlens,27,7,4,True,False,False,0.0,0.0,0.0
huginn,2026090804,order-ops,jlens,28,8,1,False,False,False,0.0,0.0,0.0
huginn,2026090804,order-ops,jlens,29,8,2,False,False,False,0.0,0.0,0.0
huginn,2026090804,order-ops,jlens,30,8,3,False,False,False,0.0196078431372549,0.024132730015082957,-0.004524886877828056
huginn,2026090804,order-ops,jlens,31,8,4,True,False,False,0.4117647058823529,0.22021116138763192,0.191553544494721
huginn,2026090804,order-ops,coda,0,1,1,False,False,True,0.43137254901960786,0.401206636500754,0.030165912518853692
huginn,2026090804,order-ops,coda,1,1,2,False,False,True,0.5490196078431373,0.41025641025641013,0.138763197586727
huginn,2026090804,order-ops,coda,2,1,3,False,False,True,0.49019607843137253,0.3996983408748114,0.09049773755656108
huginn,2026090804,order-ops,coda,3,1,4,True,False,False,0.43137254901960786,0.37104072398190047,0.06033182503770739
huginn,2026090804,order-ops,coda,4,2,1,False,False,True,0.5490196078431373,0.38914027149321256,0.15987933634992452
huginn,2026090804,order-ops,coda,5,2,2,False,False,True,0.49019607843137253,0.3650075414781297,0.12518853695324278
huginn,2026090804,order-ops,coda,6,2,3,False,False,True,0.47058823529411764,0.35444947209653094,0.11613876319758672
huginn,2026090804,order-ops,coda,7,2,4,True,False,False,0.47058823529411764,0.37858220211161386,0.09200603318250379
huginn,2026090804,order-ops,coda,8,3,1,False,False,True,0.5490196078431373,0.46455505279034665,0.08446455505279032
huginn,2026090804,order-ops,coda,9,3,2,False,False,True,0.5686274509803921,0.42986425339366496,0.138763197586727
huginn,2026090804,order-ops,coda,10,3,3,False,False,True,0.49019607843137253,0.4404223227752638,0.049773755656108594
huginn,2026090804,order-ops,coda,11,3,4,True,False,False,0.5294117647058824,0.4449472096530917,0.08446455505279032
huginn,2026090804,order-ops,coda,12,4,1,False,False,True,0.5686274509803921,0.463046757164404,0.1055806938159879
huginn,2026090804,order-ops,coda,13,4,2,False,False,True,0.5490196078431373,0.4343891402714931,0.11463046757164402
huginn,2026090804,order-ops,coda,14,4,3,False,False,True,0.5490196078431373,0.42232277526395184,0.12669683257918557
huginn,2026090804,order-ops,coda,15,4,4,True,False,False,0.5882352941176471,0.4675716440422322,0.12066365007541476
huginn,2026090804,order-ops,coda,16,5,1,False,False,True,0.5294117647058824,0.42684766214177966,0.10256410256410256
huginn,2026090804,order-ops,coda,17,5,2,False,False,True,0.5490196078431373,0.4012066365007541,0.1478129713423831
huginn,2026090804,order-ops,coda,18,5,3,False,False,True,0.5294117647058824,0.39517345399698356,0.13423831070889897
huginn,2026090804,order-ops,coda,19,5,4,True,False,False,0.5294117647058824,0.4358974358974359,0.09351432880844646
huginn,2026090804,order-ops,coda,20,6,1,False,False,True,0.5098039215686274,0.3906485671191553,0.11915535444947208
huginn,2026090804,order-ops,coda,21,6,2,False,False,True,0.5098039215686274,0.38763197586726994,0.12217194570135745
huginn,2026090804,order-ops,coda,22,6,3,False,False,True,0.47058823529411764,0.37405731523378577,0.0965309200603318
huginn,2026090804,order-ops,coda,23,6,4,True,False,False,0.47058823529411764,0.38310708898944196,0.0874811463046757
huginn,2026090804,order-ops,coda,24,7,1,False,False,True,0.5098039215686274,0.3831070889894419,0.12669683257918551
huginn,2026090804,order-ops,coda,25,7,2,False,False,True,0.49019607843137253,0.36651583710407243,0.12368024132730014
huginn,2026090804,order-ops,coda,26,7,3,False,False,True,0.5098039215686274,0.3604826546003017,0.14932126696832582
huginn,2026090804,order-ops,coda,27,7,4,True,False,False,0.4117647058823529,0.3695324283559578,0.042232277526395155
huginn,2026090804,order-ops,coda,28,8,1,False,False,True,0.5098039215686274,0.3800904977375565,0.12971342383107087
huginn,2026090804,order-ops,coda,29,8,2,False,False,True,0.49019607843137253,0.36349924585218707,0.12669683257918551
huginn,2026090804,order-ops,coda,30,8,3,False,False,True,0.49019607843137253,0.35143288084464563,0.138763197586727
huginn,2026090804,order-ops,coda,31,8,4,True,False,False,0.45098039215686275,0.33936651583710403,0.11161387631975868
huginn,2026090804,order-ops,jlens_minus_raw,0,1,1,False,False,False,-0.29411764705882354,-0.31674208144796384,0.0226244343891403
huginn,2026090804,order-ops,jlens_minus_raw,1,1,2,False,False,False,-0.5490196078431373,-0.4223227752639514,-0.12669683257918551
huginn,2026090804,order-ops,jlens_minus_raw,2,1,3,False,False,False,-0.47058823529411764,-0.39819004524886864,-0.07239819004524886
huginn,2026090804,order-ops,jlens_minus_raw,3,1,4,True,False,False,-0.0196078431372549,-0.007541478129713424,-0.012066365007541479
huginn,2026090804,order-ops,jlens_minus_raw,4,2,1,False,False,False,-0.5098039215686274,-0.38009049773755654,-0.12971342383107087
huginn,2026090804,order-ops,jlens_minus_raw,5,2,2,False,False,False,-0.5490196078431373,-0.4283559577677223,-0.12066365007541476
huginn,2026090804,order-ops,jlens_minus_raw,6,2,3,False,False,False,-0.5490196078431373,-0.4509803921568624,-0.09803921568627452
huginn,2026090804,order-ops,jlens_minus_raw,7,2,4,True,False,False,-0.058823529411764705,-0.05429864253393666,-0.004524886877828056
huginn,2026090804,order-ops,jlens_minus_raw,8,3,1,False,False,False,-0.5098039215686274,-0.4419306184012064,-0.06787330316742082
huginn,2026090804,order-ops,jlens_minus_raw,9,3,2,False,False,False,-0.5686274509803921,-0.47812971342383076,-0.09049773755656108
huginn,2026090804,order-ops,jlens_minus_raw,10,3,3,False,False,False,-0.5882352941176471,-0.4751131221719454,-0.11312217194570134
huginn,2026090804,order-ops,jlens_minus_raw,11,3,4,True,False,False,-0.2549019607843137,-0.12368024132730013,-0.13122171945701358
huginn,2026090804,order-ops,jlens_minus_raw,12,4,1,False,False,False,-0.5098039215686274,-0.45550527903469057,-0.05429864253393665
huginn,2026090804,order-ops,jlens_minus_raw,13,4,2,False,False,False,-0.5882352941176471,-0.47662141779788825,-0.11161387631975866
huginn,2026090804,order-ops,jlens_minus_raw,14,4,3,False,False,False,-0.5686274509803921,-0.47511312217194557,-0.09351432880844644
huginn,2026090804,order-ops,jlens_minus_raw,15,4,4,True,False,False,-0.13725490196078433,-0.0693815987933635,-0.06787330316742082
huginn,2026090804,order-ops,jlens_minus_raw,16,5,1,False,False,False,-0.5294117647058824,-0.4389140271493211,-0.09049773755656108
huginn,2026090804,order-ops,jlens_minus_raw,17,5,2,False,False,False,-0.5882352941176471,-0.4690799396681747,-0.11915535444947206
huginn,2026090804,order-ops,jlens_minus_raw,18,5,3,False,False,False,-0.5882352941176471,-0.4570135746606333,-0.13122171945701355
huginn,2026090804,order-ops,jlens_minus_raw,19,5,4,True,False,False,-0.09803921568627451,-0.03770739064856712,-0.06033182503770739
huginn,2026090804,order-ops,jlens_minus_raw,20,6,1,False,False,False,-0.49019607843137253,-0.39819004524886875,-0.09200603318250376
huginn,2026090804,order-ops,jlens_minus_raw,21,6,2,False,False,False,-0.5490196078431373,-0.44947209653091985,-0.0995475113122172
huginn,2026090804,order-ops,jlens_minus_raw,22,6,3,False,False,False,-0.5686274509803921,-0.44343891402714913,-0.12518853695324278
huginn,2026090804,order-ops,jlens_minus_raw,23,6,4,True,False,False,-0.09803921568627451,-0.027149321266968326,-0.07088989441930617
huginn,2026090804,order-ops,jlens_minus_raw,24,7,1,False,False,False,-0.45098039215686275,-0.3484162895927601,-0.10256410256410255
huginn,2026090804,order-ops,jlens_minus_raw,25,7,2,False,False,False,-0.5294117647058824,-0.4464555052790345,-0.08295625942684764
huginn,2026090804,order-ops,jlens_minus_raw,26,7,3,False,False,False,-0.5294117647058824,-0.4313725490196076,-0.09803921568627451
huginn,2026090804,order-ops,jlens_minus_raw,27,7,4,True,False,False,-0.11764705882352941,-0.04524886877828055,-0.07239819004524886
huginn,2026090804,order-ops,jlens_minus_raw,28,8,1,False,False,False,-0.45098039215686275,-0.3333333333333333,-0.1176470588235294
huginn,2026090804,order-ops,jlens_minus_raw,29,8,2,False,False,False,-0.5490196078431373,-0.42835595776772223,-0.12066365007541474
huginn,2026090804,order-ops,jlens_minus_raw,30,8,3,False,False,False,-0.5294117647058824,-0.38914027149321256,-0.14027149321266968
huginn,2026090804,order-ops,jlens_minus_raw,31,8,4,True,False,False,0.3137254901960784,0.17797888386123684,0.13574660633484162
huginn,2026090804,order-ops,coda_minus_raw,0,1,1,False,False,True,0.13725490196078433,0.08446455505279034,0.052790346907993994
huginn,2026090804,order-ops,coda_minus_raw,1,1,2,False,False,True,0.0,-0.012066365007541479,0.012066365007541484
huginn,2026090804,order-ops,coda_minus_raw,2,1,3,False,False,True,0.0196078431372549,0.001508295625942687,0.01809954751131223
huginn,2026090804,order-ops,coda_minus_raw,3,1,4,True,False,False,0.4117647058823529,0.363499245852187,0.04826546003016592
huginn,2026090804,order-ops,coda_minus_raw,4,2,1,False,False,True,0.0392156862745098,0.009049773755656113,0.030165912518853703
huginn,2026090804,order-ops,coda_minus_raw,5,2,2,False,False,True,-0.058823529411764705,-0.06334841628959276,0.004524886877828041
huginn,2026090804,order-ops,coda_minus_raw,6,2,3,False,False,True,-0.0784313725490196,-0.09653092006033182,0.018099547511312198
huginn,2026090804,order-ops,coda_minus_raw,7,2,4,True,False,False,0.4117647058823529,0.32428355957767724,0.08748114630467572
huginn,2026090804,order-ops,coda_minus_raw,8,3,1,False,False,True,0.0392156862745098,0.022624434389140278,0.01659125188536954
huginn,2026090804,order-ops,coda_minus_raw,9,3,2,False,False,True,0.0,-0.0482654600301659,0.048265460030165915
huginn,2026090804,order-ops,coda_minus_raw,10,3,3,False,False,True,-0.09803921568627451,-0.03469079939668173,-0.06334841628959278
huginn,2026090804,order-ops,coda_minus_raw,11,3,4,True,False,False,0.27450980392156865,0.3212669683257919,-0.04675716440422322
huginn,2026090804,order-ops,coda_minus_raw,12,4,1,False,False,True,0.058823529411764705,0.007541478129713426,0.05128205128205131
huginn,2026090804,order-ops,coda_minus_raw,13,4,2,False,False,True,-0.0392156862745098,-0.042232277526395155,0.0030165912518853623
huginn,2026090804,order-ops,coda_minus_raw,14,4,3,False,False,True,-0.0196078431372549,-0.05279034690799395,0.03318250377073908
huginn,2026090804,order-ops,coda_minus_raw,15,4,4,True,False,False,0.45098039215686275,0.39668174962292585,0.05429864253393666
huginn,2026090804,order-ops,coda_minus_raw,16,5,1,False,False,True,0.0,-0.012066365007541479,0.012066365007541484
huginn,2026090804,order-ops,coda_minus_raw,17,5,2,False,False,True,-0.0392156862745098,-0.0678733031674208,0.02865761689291101
huginn,2026090804,order-ops,coda_minus_raw,18,5,3,False,False,True,-0.058823529411764705,-0.061840120663650064,0.003016591251885371
huginn,2026090804,order-ops,coda_minus_raw,19,5,4,True,False,False,0.43137254901960786,0.39819004524886864,0.03318250377073907
huginn,2026090804,order-ops,coda_minus_raw,20,6,1,False,False,True,0.0196078431372549,-0.007541478129713419,0.027149321266968337
huginn,2026090804,order-ops,coda_minus_raw,21,6,2,False,False,True,-0.0392156862745098,-0.061840120663650064,0.022624434389140264
huginn,2026090804,order-ops,coda_minus_raw,22,6,3,False,False,True,-0.09803921568627451,-0.06938159879336347,-0.02865761689291103
huginn,2026090804,order-ops,coda_minus_raw,23,6,4,True,False,False,0.37254901960784315,0.35595776772247373,0.016591251885369532
huginn,2026090804,order-ops,coda_minus_raw,24,7,1,False,False,True,0.058823529411764705,0.025641025641025633,0.033182503770739065
huginn,2026090804,order-ops,coda_minus_raw,25,7,2,False,False,True,-0.0392156862745098,-0.08144796380090497,0.04223227752639518
huginn,2026090804,order-ops,coda_minus_raw,26,7,3,False,False,True,-0.0196078431372549,-0.07088989441930618,0.051282051282051294
huginn,2026090804,order-ops,coda_minus_raw,27,7,4,True,False,False,0.29411764705882354,0.32428355957767724,-0.030165912518853692
huginn,2026090804,order-ops,coda_minus_raw,28,8,1,False,False,True,0.058823529411764705,0.04675716440422323,0.012066365007541505
huginn,2026090804,order-ops,coda_minus_raw,29,8,2,False,False,True,-0.058823529411764705,-0.06485671191553548,0.0060331825037707315
huginn,2026090804,order-ops,coda_minus_raw,30,8,3,False,False,True,-0.058823529411764705,-0.06184012066365007,0.0030165912518853545
huginn,2026090804,order-ops,coda_minus_raw,31,8,4,True,False,False,0.35294117647058826,0.297134238310709,0.05580693815987933
huginn,2026090804,order-ops,jlens_minus_coda,0,1,1,False,False,True,-0.43137254901960786,-0.401206636500754,-0.030165912518853692
huginn,2026090804,order-ops,jlens_minus_coda,1,1,2,False,False,True,-0.5490196078431373,-0.41025641025641013,-0.138763197586727
huginn,2026090804,order-ops,jlens_minus_coda,2,1,3,False,False,True,-0.49019607843137253,-0.3996983408748114,-0.09049773755656108
huginn,2026090804,order-ops,jlens_minus_coda,3,1,4,True,False,False,-0.43137254901960786,-0.37104072398190047,-0.06033182503770739
huginn,2026090804,order-ops,jlens_minus_coda,4,2,1,False,False,True,-0.5490196078431373,-0.38914027149321256,-0.15987933634992452
huginn,2026090804,order-ops,jlens_minus_coda,5,2,2,False,False,True,-0.49019607843137253,-0.3650075414781297,-0.12518853695324278
huginn,2026090804,order-ops,jlens_minus_coda,6,2,3,False,False,True,-0.47058823529411764,-0.35444947209653094,-0.11613876319758672
huginn,2026090804,order-ops,jlens_minus_coda,7,2,4,True,False,False,-0.47058823529411764,-0.37858220211161386,-0.09200603318250379
huginn,2026090804,order-ops,jlens_minus_coda,8,3,1,False,False,True,-0.5490196078431373,-0.46455505279034665,-0.08446455505279032
huginn,2026090804,order-ops,jlens_minus_coda,9,3,2,False,False,True,-0.5686274509803921,-0.42986425339366496,-0.138763197586727
huginn,2026090804,order-ops,jlens_minus_coda,10,3,3,False,False,True,-0.49019607843137253,-0.4404223227752638,-0.049773755656108594
huginn,2026090804,order-ops,jlens_minus_coda,11,3,4,True,False,False,-0.5294117647058824,-0.4449472096530917,-0.08446455505279032
huginn,2026090804,order-ops,jlens_minus_coda,12,4,1,False,False,True,-0.5686274509803921,-0.463046757164404,-0.1055806938159879
huginn,2026090804,order-ops,jlens_minus_coda,13,4,2,False,False,True,-0.5490196078431373,-0.4343891402714931,-0.11463046757164402
huginn,2026090804,order-ops,jlens_minus_coda,14,4,3,False,False,True,-0.5490196078431373,-0.42232277526395184,-0.12669683257918557
huginn,2026090804,order-ops,jlens_minus_coda,15,4,4,True,False,False,-0.5882352941176471,-0.46606334841628955,-0.12217194570135743
huginn,2026090804,order-ops,jlens_minus_coda,16,5,1,False,False,True,-0.5294117647058824,-0.42684766214177966,-0.10256410256410256
huginn,2026090804,order-ops,jlens_minus_coda,17,5,2,False,False,True,-0.5490196078431373,-0.4012066365007541,-0.1478129713423831
huginn,2026090804,order-ops,jlens_minus_coda,18,5,3,False,False,True,-0.5294117647058824,-0.39517345399698356,-0.13423831070889897
huginn,2026090804,order-ops,jlens_minus_coda,19,5,4,True,False,False,-0.5294117647058824,-0.4358974358974359,-0.09351432880844646
huginn,2026090804,order-ops,jlens_minus_coda,20,6,1,False,False,True,-0.5098039215686274,-0.3906485671191553,-0.11915535444947208
huginn,2026090804,order-ops,jlens_minus_coda,21,6,2,False,False,True,-0.5098039215686274,-0.38763197586726994,-0.12217194570135745
huginn,2026090804,order-ops,jlens_minus_coda,22,6,3,False,False,True,-0.47058823529411764,-0.37405731523378577,-0.0965309200603318
huginn,2026090804,order-ops,jlens_minus_coda,23,6,4,True,False,False,-0.47058823529411764,-0.38310708898944196,-0.0874811463046757
huginn,2026090804,order-ops,jlens_minus_coda,24,7,1,False,False,True,-0.5098039215686274,-0.3740573152337858,-0.13574660633484165
huginn,2026090804,order-ops,jlens_minus_coda,25,7,2,False,False,True,-0.49019607843137253,-0.36500754147812975,-0.12518853695324283
huginn,2026090804,order-ops,jlens_minus_coda,26,7,3,False,False,True,-0.5098039215686274,-0.3604826546003017,-0.14932126696832582
huginn,2026090804,order-ops,jlens_minus_coda,27,7,4,True,False,False,-0.4117647058823529,-0.3695324283559578,-0.042232277526395155
huginn,2026090804,order-ops,jlens_minus_coda,28,8,1,False,False,True,-0.5098039215686274,-0.3800904977375565,-0.12971342383107087
huginn,2026090804,order-ops,jlens_minus_coda,29,8,2,False,False,True,-0.49019607843137253,-0.36349924585218707,-0.12669683257918551
huginn,2026090804,order-ops,jlens_minus_coda,30,8,3,False,False,True,-0.47058823529411764,-0.3273001508295627,-0.14328808446455504
huginn,2026090804,order-ops,jlens_minus_coda,31,8,4,True,False,False,-0.0392156862745098,-0.11915535444947209,0.0799396681749623
huginn,seed_average,multihop,raw,0,1,1,False,False,False,0.0,0.0067842605156037995,-0.0067842605156037995
huginn,seed_average,multihop,raw,1,1,2,False,False,False,0.017045454545454544,0.014757051519263186,0.00228840302619136
huginn,seed_average,multihop,raw,2,1,3,False,False,False,0.022727272727272728,0.008905626824554914,0.013821645902717816
huginn,seed_average,multihop,raw,3,1,4,True,False,False,0.005681818181818182,0.0011024423337856173,0.0045793758480325636
huginn,seed_average,multihop,raw,4,2,1,False,False,False,0.022727272727272728,0.003646540027137042,0.019080732700135685
huginn,seed_average,multihop,raw,5,2,2,False,False,False,0.03409090909090909,0.010348567081945646,0.023742342008963455
huginn,seed_average,multihop,raw,6,2,3,False,False,False,0.017045454545454544,0.01384493220483722,0.0032005223406173194
huginn,seed_average,multihop,raw,7,2,4,True,False,False,0.022727272727272728,0.002815250669728281,0.019912022057544453
huginn,seed_average,multihop,raw,8,3,1,False,False,False,0.045454545454545456,0.004833785617367706,0.04062075983717775
huginn,seed_average,multihop,raw,9,3,2,False,False,False,0.09659090909090909,0.01376008941307449,0.08283081967783458
huginn,seed_average,multihop,raw,10,3,3,False,False,False,0.11363636363636363,0.01912855066688173,0.0945078129694819
huginn,seed_average,multihop,raw,11,3,4,True,False,False,0.09090909090909091,0.004678352515869477,0.08623073839322143
huginn,seed_average,multihop,raw,12,4,1,False,False,False,0.06818181818181818,0.007981785288433867,0.06020003289338431
huginn,seed_average,multihop,raw,13,4,2,False,False,False,0.08522727272727272,0.01630539293361545,0.06892187979365727
huginn,seed_average,multihop,raw,14,4,3,False,False,False,0.11931818181818182,0.02241122739765887,0.09690695442052294
huginn,seed_average,multihop,raw,15,4,4,True,False,False,0.09659090909090909,0.008936582978306178,0.08765432611260292
huginn,seed_average,multihop,raw,16,5,1,False,False,False,0.07954545454545454,0.007893127338514045,0.0716523272069405
huginn,seed_average,multihop,raw,17,5,2,False,False,False,0.125,0.016041949344188147,0.10895805065581184
huginn,seed_average,multihop,raw,18,5,3,False,False,False,0.13636363636363635,0.02223262659999431,0.11413100976364209
huginn,seed_average,multihop,raw,19,5,4,True,False,False,0.11363636363636363,0.009545703617955993,0.10409066001840767
huginn,seed_average,multihop,raw,20,6,1,False,False,False,0.09090909090909091,0.00610840425969327,0.08480068664939763
huginn,seed_average,multihop,raw,21,6,2,False,False,False,0.1590909090909091,0.014936937214752677,0.1441539718761564
huginn,seed_average,multihop,raw,22,6,3,False,False,False,0.13636363636363635,0.020720341395375316,0.11564329496826103
huginn,seed_average,multihop,raw,23,6,4,True,False,False,0.10795454545454546,0.009124217596062918,0.09883032785848254
huginn,seed_average,multihop,raw,24,7,1,False,False,False,0.07954545454545454,0.005782079747480019,0.07376337479797454
huginn,seed_average,multihop,raw,25,7,2,False,False,False,0.11363636363636363,0.014369170517406604,0.09926719311895704
huginn,seed_average,multihop,raw,26,7,3,False,False,False,0.10795454545454546,0.02439783757626363,0.08355670787828182
huginn,seed_average,multihop,raw,27,7,4,True,False,False,0.07954545454545454,0.011245662975649409,0.06829979156980516
huginn,seed_average,multihop,raw,28,8,1,False,False,False,0.056818181818181816,0.007081230054432227,0.04973695176374959
huginn,seed_average,multihop,raw,29,8,2,False,False,False,0.13068181818181818,0.015330432231721246,0.11535138595009692
huginn,seed_average,multihop,raw,30,8,3,False,False,False,0.11363636363636363,0.022114653212007347,0.09152171042435629
huginn,seed_average,multihop,raw,31,8,4,True,False,False,0.07954545454545454,0.01099514743510673,0.06855030711034783
huginn,seed_average,multihop,jlens,0,1,1,False,False,False,0.0,0.0,0.0
huginn,seed_average,multihop,jlens,1,1,2,False,False,False,0.0,0.0,0.0
huginn,seed_average,multihop,jlens,2,1,3,False,False,False,0.0,0.0,0.0
huginn,seed_average,multihop,jlens,3,1,4,True,False,False,0.0,0.00016960651289009497,-0.00016960651289009497
huginn,seed_average,multihop,jlens,4,2,1,False,False,False,0.0,0.0,0.0
huginn,seed_average,multihop,jlens,5,2,2,False,False,False,0.0,0.0005088195386702849,-0.0005088195386702849
huginn,seed_average,multihop,jlens,6,2,3,False,False,False,0.0,0.0011101912560528568,-0.0011101912560528568
huginn,seed_average,multihop,jlens,7,2,4,True,False,False,0.0,0.0006026961505251872,-0.0006026961505251872
huginn,seed_average,multihop,jlens,8,3,1,False,False,False,0.0,0.0,0.0
huginn,seed_average,multihop,jlens,9,3,2,False,False,False,0.0,0.00016960651289009497,-0.00016960651289009497
huginn,seed_average,multihop,jlens,10,3,3,False,False,False,0.0,8.480325644504748e-05,-8.480325644504748e-05
huginn,seed_average,multihop,jlens,11,3,4,True,False,False,0.0,0.0008480325644504748,-0.0008480325644504748
huginn,seed_average,multihop,jlens,12,4,1,False,False,False,0.0,0.0,0.0
huginn,seed_average,multihop,jlens,13,4,2,False,False,False,0.0,0.0,0.0
huginn,seed_average,multihop,jlens,14,4,3,False,False,False,0.0,0.0005936227951153324,-0.0005936227951153324
huginn,seed_average,multihop,jlens,15,4,4,True,False,False,0.0,0.0004240162822252374,-0.0004240162822252374
huginn,seed_average,multihop,jlens,16,5,1,False,False,False,0.0,0.00025440976933514245,-0.00025440976933514245
huginn,seed_average,multihop,jlens,17,5,2,False,False,False,0.0,8.480325644504748e-05,-8.480325644504748e-05
huginn,seed_average,multihop,jlens,18,5,3,False,False,False,0.0,0.0005936227951153324,-0.0005936227951153324
huginn,seed_average,multihop,jlens,19,5,4,True,False,False,0.0,0.0017063443115003492,-0.0017063443115003492
huginn,seed_average,multihop,jlens,20,6,1,False,False,False,0.0,0.0,0.0
huginn,seed_average,multihop,jlens,21,6,2,False,False,False,0.011363636363636364,0.0006784260515603799,0.010685210312075982
huginn,seed_average,multihop,jlens,22,6,3,False,False,False,0.0,0.0019504748982360918,-0.0019504748982360918
huginn,seed_average,multihop,jlens,23,6,4,True,False,False,0.0,0.0011872455902306647,-0.0011872455902306647
huginn,seed_average,multihop,jlens,24,7,1,False,False,False,0.0,0.0004240162822252374,-0.0004240162822252374
huginn,seed_average,multihop,jlens,25,7,2,False,False,False,0.011363636363636364,0.0006784260515603799,0.010685210312075984
huginn,seed_average,multihop,jlens,26,7,3,False,False,False,0.017045454545454544,0.0021472224067203716,0.014898232138734174
huginn,seed_average,multihop,jlens,27,7,4,True,False,False,0.011363636363636364,0.0003431072545726549,0.011020529109063709
huginn,seed_average,multihop,jlens,28,8,1,False,False,False,0.056818181818181816,0.0034217619784105533,0.053396419839771274
huginn,seed_average,multihop,jlens,29,8,2,False,False,False,0.09659090909090909,0.008367491847817493,0.08822341724309159
huginn,seed_average,multihop,jlens,30,8,3,False,False,False,0.09090909090909091,0.01626575877763123,0.07464333213145967
huginn,seed_average,multihop,jlens,31,8,4,True,False,False,0.10795454545454546,0.022716104000025297,0.08523844145452014
huginn,seed_average,multihop,coda,0,1,1,False,False,True,0.022727272727272728,0.00475155215657251,0.017975720570700217
huginn,seed_average,multihop,coda,1,1,2,False,False,True,0.017045454545454544,0.01068649520990091,0.006358959335553637
huginn,seed_average,multihop,coda,2,1,3,False,False,True,0.017045454545454544,0.010432085440565767,0.006613369104888778
huginn,seed_average,multihop,coda,3,1,4,True,False,False,0.045454545454545456,0.024116326346651985,0.02133821910789346
huginn,seed_average,multihop,coda,4,2,1,False,False,True,0.0625,0.006875488261173473,0.05562451173882652
huginn,seed_average,multihop,coda,5,2,2,False,False,True,0.07954545454545454,0.021064614941819822,0.05848083960363471
huginn,seed_average,multihop,coda,6,2,3,False,False,True,0.07386363636363637,0.02378345873936104,0.05008017762427531
huginn,seed_average,multihop,coda,7,2,4,True,False,False,0.1534090909090909,0.04325223058262404,0.1101568603264668
huginn,seed_average,multihop,coda,8,3,1,False,False,True,0.11363636363636363,0.012324819007315612,0.10131154462904801
huginn,seed_average,multihop,coda,9,3,2,False,False,True,0.10795454545454546,0.025980673555300426,0.08197387189924503
huginn,seed_average,multihop,coda,10,3,3,False,False,True,0.11363636363636363,0.0307529026830248,0.08288346095333883
huginn,seed_average,multihop,coda,11,3,4,True,False,False,0.2159090909090909,0.04795001470713818,0.16795907620195272
huginn,seed_average,multihop,coda,12,4,1,False,False,True,0.1590909090909091,0.017765155468683288,0.1413257536222258
huginn,seed_average,multihop,coda,13,4,2,False,False,True,0.1534090909090909,0.02769227606405353,0.12571681484503736
huginn,seed_average,multihop,coda,14,4,3,False,False,True,0.13068181818181818,0.033559119532660914,0.09712269864915726
huginn,seed_average,multihop,coda,15,4,4,True,False,False,0.2727272727272727,0.05005861110847543,0.22266866161879734
huginn,seed_average,multihop,coda,16,5,1,False,False,True,0.1534090909090909,0.021926939523615234,0.13148215138547567
huginn,seed_average,multihop,coda,17,5,2,False,False,True,0.19318181818181818,0.03270337758126087,0.16047844060055724
huginn,seed_average,multihop,coda,18,5,3,False,False,True,0.1875,0.0378173895304153,0.14968261046958467
huginn,seed_average,multihop,coda,19,5,4,True,False,False,0.2784090909090909,0.04708664243942398,0.23132244846966693
huginn,seed_average,multihop,coda,20,6,1,False,False,True,0.17045454545454544,0.021690597394464415,0.14876394806008103
huginn,seed_average,multihop,coda,21,6,2,False,False,True,0.14204545454545456,0.03510243996166656,0.10694301458378797
huginn,seed_average,multihop,coda,22,6,3,False,False,True,0.1590909090909091,0.04020862391791834,0.11888228517299075
huginn,seed_average,multihop,coda,23,6,4,True,False,False,0.2556818181818182,0.04844863413384443,0.20723318404797372
huginn,seed_average,multihop,coda,24,7,1,False,False,True,0.1875,0.022293293544989608,0.16520670645501037
huginn,seed_average,multihop,coda,25,7,2,False,False,True,0.1534090909090909,0.038247869837082844,0.11516122107200805
huginn,seed_average,multihop,coda,26,7,3,False,False,True,0.16477272727272727,0.040290857378713546,0.12448186989401372
huginn,seed_average,multihop,coda,27,7,4,True,False,False,0.26704545454545453,0.05150159090118384,0.21554386364427067
huginn,seed_average,multihop,coda,28,8,1,False,False,True,0.18181818181818182,0.02382103705882538,0.15799714475935642
huginn,seed_average,multihop,coda,29,8,2,False,False,True,0.1534090909090909,0.035951757423941945,0.11745733348514893
huginn,seed_average,multihop,coda,30,8,3,False,False,True,0.14204545454545456,0.040116111274523754,0.10192934327093077
huginn,seed_average,multihop,coda,31,8,4,True,False,False,0.2840909090909091,0.05166477292494929,0.23242613616595975
huginn,seed_average,multihop,jlens_minus_raw,0,1,1,False,False,False,0.0,-0.0067842605156037995,0.0067842605156037995
huginn,seed_average,multihop,jlens_minus_raw,1,1,2,False,False,False,-0.017045454545454544,-0.014757051519263186,-0.00228840302619136
huginn,seed_average,multihop,jlens_minus_raw,2,1,3,False,False,False,-0.022727272727272728,-0.008905626824554914,-0.013821645902717816
huginn,seed_average,multihop,jlens_minus_raw,3,1,4,True,False,False,-0.005681818181818182,-0.0009328358208955224,-0.0047489823609226595
huginn,seed_average,multihop,jlens_minus_raw,4,2,1,False,False,False,-0.022727272727272728,-0.003646540027137042,-0.019080732700135685
huginn,seed_average,multihop,jlens_minus_raw,5,2,2,False,False,False,-0.03409090909090909,-0.009839747543275358,-0.024251161547633737
huginn,seed_average,multihop,jlens_minus_raw,6,2,3,False,False,False,-0.017045454545454544,-0.012734740948784367,-0.004310713596670177
huginn,seed_average,multihop,jlens_minus_raw,7,2,4,True,False,False,-0.022727272727272728,-0.002212554519203094,-0.020514718208069636
huginn,seed_average,multihop,jlens_minus_raw,8,3,1,False,False,False,-0.045454545454545456,-0.004833785617367706,-0.04062075983717775
huginn,seed_average,multihop,jlens_minus_raw,9,3,2,False,False,False,-0.09659090909090909,-0.013590482900184397,-0.08300042619072469
huginn,seed_average,multihop,jlens_minus_raw,10,3,3,False,False,False,-0.11363636363636363,-0.019043747410436684,-0.09459261622592695
huginn,seed_average,multihop,jlens_minus_raw,11,3,4,True,False,False,-0.09090909090909091,-0.0038303199514190004,-0.08707877095767191
huginn,seed_average,multihop,jlens_minus_raw,12,4,1,False,False,False,-0.06818181818181818,-0.007981785288433867,-0.06020003289338431
huginn,seed_average,multihop,jlens_minus_raw,13,4,2,False,False,False,-0.08522727272727272,-0.01630539293361545,-0.06892187979365727
huginn,seed_average,multihop,jlens_minus_raw,14,4,3,False,False,False,-0.11931818181818182,-0.021817604602543537,-0.09750057721563826
huginn,seed_average,multihop,jlens_minus_raw,15,4,4,True,False,False,-0.09659090909090909,-0.00851256669608094,-0.08807834239482816
huginn,seed_average,multihop,jlens_minus_raw,16,5,1,False,False,False,-0.07954545454545454,-0.0076387175691789025,-0.07190673697627564
huginn,seed_average,multihop,jlens_minus_raw,17,5,2,False,False,False,-0.125,-0.0159571460877431,-0.10904285391225689
huginn,seed_average,multihop,jlens_minus_raw,18,5,3,False,False,False,-0.13636363636363635,-0.021639003804878976,-0.11472463255875741
huginn,seed_average,multihop,jlens_minus_raw,19,5,4,True,False,False,-0.11363636363636363,-0.007839359306455641,-0.10579700432990799
huginn,seed_average,multihop,jlens_minus_raw,20,6,1,False,False,False,-0.09090909090909091,-0.00610840425969327,-0.08480068664939763
huginn,seed_average,multihop,jlens_minus_raw,21,6,2,False,False,False,-0.14772727272727273,-0.014258511163192296,-0.1334687615640804
huginn,seed_average,multihop,jlens_minus_raw,22,6,3,False,False,False,-0.13636363636363635,-0.01876986649713922,-0.11759376986649714
huginn,seed_average,multihop,jlens_minus_raw,23,6,4,True,False,False,-0.10795454545454546,-0.00793697200583225,-0.1000175734487132
huginn,seed_average,multihop,jlens_minus_raw,24,7,1,False,False,False,-0.07954545454545454,-0.0053580634652547815,-0.07418739108019977
huginn,seed_average,multihop,jlens_minus_raw,25,7,2,False,False,False,-0.10227272727272728,-0.013690744465846229,-0.08858198280688105
huginn,seed_average,multihop,jlens_minus_raw,26,7,3,False,False,False,-0.09090909090909091,-0.022250615169543256,-0.06865847573954764
huginn,seed_average,multihop,jlens_minus_raw,27,7,4,True,False,False,-0.06818181818181818,-0.010902555721076753,-0.057279262460741436
huginn,seed_average,multihop,jlens_minus_raw,28,8,1,False,False,False,0.0,-0.003659468076021671,0.0036594680760216702
huginn,seed_average,multihop,jlens_minus_raw,29,8,2,False,False,False,-0.03409090909090909,-0.006962940383903749,-0.027127968707005345
huginn,seed_average,multihop,jlens_minus_raw,30,8,3,False,False,False,-0.022727272727272728,-0.005848894434376117,-0.01687837829289661
huginn,seed_average,multihop,jlens_minus_raw,31,8,4,True,False,False,0.028409090909090908,0.011720956564918571,0.016688134344172337
huginn,seed_average,multihop,coda_minus_raw,0,1,1,False,False,True,0.022727272727272728,-0.0020327083590312898,0.02475998108630401
huginn,seed_average,multihop,coda_minus_raw,1,1,2,False,False,True,0.0,-0.004070556309362279,0.0040705563093622775
huginn,seed_average,multihop,coda_minus_raw,2,1,3,False,False,True,-0.005681818181818182,0.0015264586160108548,-0.007208276797829036
huginn,seed_average,multihop,coda_minus_raw,3,1,4,True,False,False,0.03977272727272727,0.023013884012866373,0.016758843259860903
huginn,seed_average,multihop,coda_minus_raw,4,2,1,False,False,True,0.03977272727272727,0.0032289482340364297,0.03654377903869084
huginn,seed_average,multihop,coda_minus_raw,5,2,2,False,False,True,0.045454545454545456,0.010716047859874182,0.03473849759467127
huginn,seed_average,multihop,coda_minus_raw,6,2,3,False,False,True,0.056818181818181816,0.009938526534523822,0.046879655283658
huginn,seed_average,multihop,coda_minus_raw,7,2,4,True,False,False,0.13068181818181818,0.04043697991289576,0.09024483826892239
huginn,seed_average,multihop,coda_minus_raw,8,3,1,False,False,True,0.06818181818181818,0.0074910333899479075,0.06069078479187029
huginn,seed_average,multihop,coda_minus_raw,9,3,2,False,False,True,0.011363636363636364,0.012220584142225932,-0.0008569477785895684
huginn,seed_average,multihop,coda_minus_raw,10,3,3,False,False,True,0.0,0.011624352016143058,-0.011624352016143062
huginn,seed_average,multihop,coda_minus_raw,11,3,4,True,False,False,0.125,0.043271662191268705,0.08172833780873129
huginn,seed_average,multihop,coda_minus_raw,12,4,1,False,False,True,0.09090909090909091,0.00978337018024942,0.08112572072884151
huginn,seed_average,multihop,coda_minus_raw,13,4,2,False,False,True,0.06818181818181818,0.011386883130438081,0.05679493505138009
huginn,seed_average,multihop,coda_minus_raw,14,4,3,False,False,True,0.011363636363636364,0.011147892135002042,0.00021574422863433371
huginn,seed_average,multihop,coda_minus_raw,15,4,4,True,False,False,0.17613636363636365,0.04112202813016922,0.13501433550619438
huginn,seed_average,multihop,coda_minus_raw,16,5,1,False,False,True,0.07386363636363637,0.014033812185101193,0.059829824178535176
huginn,seed_average,multihop,coda_minus_raw,17,5,2,False,False,True,0.06818181818181818,0.016661428237072742,0.051520389944745455
huginn,seed_average,multihop,coda_minus_raw,18,5,3,False,False,True,0.05113636363636364,0.015584762930420997,0.03555160070594263
huginn,seed_average,multihop,coda_minus_raw,19,5,4,True,False,False,0.16477272727272727,0.037540938821467966,0.1272317884512593
huginn,seed_average,multihop,coda_minus_raw,20,6,1,False,False,True,0.07954545454545454,0.015582193134771154,0.06396326141068341
huginn,seed_average,multihop,coda_minus_raw,21,6,2,False,False,True,-0.017045454545454544,0.020165502746913866,-0.03721095729236845
huginn,seed_average,multihop,coda_minus_raw,22,6,3,False,False,True,0.022727272727272728,0.01948828252254304,0.0032389902047296974
huginn,seed_average,multihop,coda_minus_raw,23,6,4,True,False,False,0.14772727272727273,0.039324416537781515,0.1084028561894912
huginn,seed_average,multihop,coda_minus_raw,24,7,1,False,False,True,0.10795454545454546,0.01651121379750959,0.09144333165703587
huginn,seed_average,multihop,coda_minus_raw,25,7,2,False,False,True,0.03977272727272727,0.023878699319676254,0.015894027953051025
huginn,seed_average,multihop,coda_minus_raw,26,7,3,False,False,True,0.056818181818181816,0.01589301980244993,0.040925162015731896
huginn,seed_average,multihop,coda_minus_raw,27,7,4,True,False,False,0.1875,0.04025592792553442,0.14724407207446555
huginn,seed_average,multihop,coda_minus_raw,28,8,1,False,False,True,0.125,0.01673980700439317,0.10826019299560684
huginn,seed_average,multihop,coda_minus_raw,29,8,2,False,False,True,0.022727272727272728,0.02062132519222071,0.0021059475350520035
huginn,seed_average,multihop,coda_minus_raw,30,8,3,False,False,True,0.028409090909090908,0.018001458062516407,0.0104076328465745
huginn,seed_average,multihop,coda_minus_raw,31,8,4,True,False,False,0.20454545454545456,0.04066962548984256,0.16387582905561193
huginn,seed_average,multihop,jlens_minus_coda,0,1,1,False,False,True,-0.022727272727272728,-0.00475155215657251,-0.017975720570700217
huginn,seed_average,multihop,jlens_minus_coda,1,1,2,False,False,True,-0.017045454545454544,-0.01068649520990091,-0.006358959335553637
huginn,seed_average,multihop,jlens_minus_coda,2,1,3,False,False,True,-0.017045454545454544,-0.010432085440565767,-0.006613369104888778
huginn,seed_average,multihop,jlens_minus_coda,3,1,4,True,False,False,-0.045454545454545456,-0.023946719833761888,-0.02150782562078355
huginn,seed_average,multihop,jlens_minus_coda,4,2,1,False,False,True,-0.0625,-0.006875488261173473,-0.05562451173882652
huginn,seed_average,multihop,jlens_minus_coda,5,2,2,False,False,True,-0.07954545454545454,-0.020555795403149533,-0.058989659142305
huginn,seed_average,multihop,jlens_minus_coda,6,2,3,False,False,True,-0.07386363636363637,-0.022673267483308182,-0.05119036888032817
huginn,seed_average,multihop,jlens_minus_coda,7,2,4,True,False,False,-0.1534090909090909,-0.04264953443209885,-0.11075955647699197
huginn,seed_average,multihop,jlens_minus_coda,8,3,1,False,False,True,-0.11363636363636363,-0.012324819007315612,-0.10131154462904801
huginn,seed_average,multihop,jlens_minus_coda,9,3,2,False,False,True,-0.10795454545454546,-0.02581106704241033,-0.08214347841213512
huginn,seed_average,multihop,jlens_minus_coda,10,3,3,False,False,True,-0.11363636363636363,-0.030668099426579762,-0.08296826420978388
huginn,seed_average,multihop,jlens_minus_coda,11,3,4,True,False,False,-0.2159090909090909,-0.0471019821426877,-0.16880710876640317
huginn,seed_average,multihop,jlens_minus_coda,12,4,1,False,False,True,-0.1590909090909091,-0.017765155468683288,-0.1413257536222258
huginn,seed_average,multihop,jlens_minus_coda,13,4,2,False,False,True,-0.1534090909090909,-0.02769227606405353,-0.12571681484503736
huginn,seed_average,multihop,jlens_minus_coda,14,4,3,False,False,True,-0.13068181818181818,-0.03296549673754558,-0.09771632144427259
huginn,seed_average,multihop,jlens_minus_coda,15,4,4,True,False,False,-0.2727272727272727,-0.049634594826250183,-0.22309267790102255
huginn,seed_average,multihop,jlens_minus_coda,16,5,1,False,False,True,-0.1534090909090909,-0.021672529754280093,-0.1317365611548108
huginn,seed_average,multihop,jlens_minus_coda,17,5,2,False,False,True,-0.19318181818181818,-0.032618574324815824,-0.16056324385700227
huginn,seed_average,multihop,jlens_minus_coda,18,5,3,False,False,True,-0.1875,-0.03722376673529997,-0.1502762332647
huginn,seed_average,multihop,jlens_minus_coda,19,5,4,True,False,False,-0.2784090909090909,-0.04538029812792362,-0.23302879278116723
huginn,seed_average,multihop,jlens_minus_coda,20,6,1,False,False,True,-0.17045454545454544,-0.021690597394464415,-0.14876394806008103
huginn,seed_average,multihop,jlens_minus_coda,21,6,2,False,False,True,-0.13068181818181818,-0.034424013910106174,-0.09625780427171199
huginn,seed_average,multihop,jlens_minus_coda,22,6,3,False,False,True,-0.1590909090909091,-0.038258149019682254,-0.12083276007122686
huginn,seed_average,multihop,jlens_minus_coda,23,6,4,True,False,False,-0.2556818181818182,-0.047261388543613767,-0.20842042963820437
huginn,seed_average,multihop,jlens_minus_coda,24,7,1,False,False,True,-0.1875,-0.021869277262764372,-0.16563072273723561
huginn,seed_average,multihop,jlens_minus_coda,25,7,2,False,False,True,-0.14204545454545456,-0.03756944378552246,-0.10447601075993207
huginn,seed_average,multihop,jlens_minus_coda,26,7,3,False,False,True,-0.14772727272727273,-0.03814363497199316,-0.10958363775527954
huginn,seed_average,multihop,jlens_minus_coda,27,7,4,True,False,False,-0.2556818181818182,-0.05115848364661118,-0.20452333453520694
huginn,seed_average,multihop,jlens_minus_coda,28,8,1,False,False,True,-0.125,-0.02039927508041484,-0.10460072491958518
huginn,seed_average,multihop,jlens_minus_coda,29,8,2,False,False,True,-0.056818181818181816,-0.027584265576124457,-0.02923391624205736
huginn,seed_average,multihop,jlens_minus_coda,30,8,3,False,False,True,-0.05113636363636364,-0.023850352496892525,-0.027286011139471114
huginn,seed_average,multihop,jlens_minus_coda,31,8,4,True,False,False,-0.17613636363636365,-0.028948668924924002,-0.14718769471143964
huginn,seed_average,order-ops,raw,0,1,1,False,False,False,0.28431372549019607,0.31146304675716446,-0.027149321266968347
huginn,seed_average,order-ops,raw,1,1,2,False,False,False,0.5294117647058824,0.423076923076923,0.10633484162895925
huginn,seed_average,order-ops,raw,2,1,3,False,False,False,0.47058823529411764,0.3861236802413275,0.08446455505279032
huginn,seed_average,order-ops,raw,3,1,4,True,False,False,0.00980392156862745,0.007541478129713424,0.002262443438914029
huginn,seed_average,order-ops,raw,4,2,1,False,False,False,0.49019607843137253,0.378582202111614,0.11161387631975868
huginn,seed_average,order-ops,raw,5,2,2,False,False,False,0.5588235294117647,0.42684766214177966,0.13197586726998486
huginn,seed_average,order-ops,raw,6,2,3,False,False,False,0.5588235294117647,0.44796380090497717,0.1108597285067873
huginn,seed_average,order-ops,raw,7,2,4,True,False,False,0.058823529411764705,0.061085972850678745,-0.0022624434389140326
huginn,seed_average,order-ops,raw,8,3,1,False,False,False,0.5196078431372549,0.44645550527903455,0.07315233785822021
huginn,seed_average,order-ops,raw,9,3,2,False,False,False,0.5784313725490197,0.4781297134238308,0.10030165912518853
huginn,seed_average,order-ops,raw,10,3,3,False,False,False,0.5882352941176471,0.4743589743589741,0.11387631975867268
huginn,seed_average,order-ops,raw,11,3,4,True,False,False,0.24509803921568626,0.1274509803921568,0.11764705882352942
huginn,seed_average,order-ops,raw,12,4,1,False,False,False,0.5098039215686274,0.45475113122171945,0.05505279034690799
huginn,seed_average,order-ops,raw,13,4,2,False,False,False,0.5882352941176471,0.4781297134238309,0.11010558069381599
huginn,seed_average,order-ops,raw,14,4,3,False,False,False,0.5686274509803921,0.47285067873303155,0.09577677224736048
huginn,seed_average,order-ops,raw,15,4,4,True,False,False,0.12745098039215685,0.07164404223227754,0.05580693815987934
huginn,seed_average,order-ops,raw,16,5,1,False,False,False,0.5294117647058824,0.43212669683257915,0.09728506787330315
huginn,seed_average,order-ops,raw,17,5,2,False,False,False,0.5882352941176471,0.4668174962292608,0.12141779788838611
huginn,seed_average,order-ops,raw,18,5,3,False,False,False,0.5784313725490197,0.4592760180995475,0.11915535444947208
huginn,seed_average,order-ops,raw,19,5,4,True,False,False,0.09803921568627451,0.03996983408748114,0.05806938159879336
huginn,seed_average,order-ops,raw,20,6,1,False,False,False,0.5,0.3936651583710407,0.10633484162895925
huginn,seed_average,order-ops,raw,21,6,2,False,False,False,0.5588235294117647,0.4464555052790347,0.11236802413273003
huginn,seed_average,order-ops,raw,22,6,3,False,False,False,0.5686274509803921,0.4434389140271493,0.1251885369532428
huginn,seed_average,order-ops,raw,23,6,4,True,False,False,0.09803921568627451,0.026395173453996987,0.07164404223227754
huginn,seed_average,order-ops,raw,24,7,1,False,False,False,0.47058823529411764,0.3680241327300152,0.10256410256410255
huginn,seed_average,order-ops,raw,25,7,2,False,False,False,0.5588235294117647,0.44947209653092,0.10935143288084465
huginn,seed_average,order-ops,raw,26,7,3,False,False,False,0.5392156862745098,0.4336349924585218,0.1055806938159879
huginn,seed_average,order-ops,raw,27,7,4,True,False,False,0.09803921568627451,0.04223227752639518,0.05580693815987934
huginn,seed_average,order-ops,raw,28,8,1,False,False,False,0.4411764705882353,0.3408748114630469,0.10030165912518853
huginn,seed_average,order-ops,raw,29,8,2,False,False,False,0.5588235294117647,0.4306184012066365,0.1282051282051282
huginn,seed_average,order-ops,raw,30,8,3,False,False,False,0.5294117647058824,0.4147812971342382,0.11463046757164404
huginn,seed_average,order-ops,raw,31,8,4,True,False,False,0.08823529411764706,0.038461538461538464,0.049773755656108594
huginn,seed_average,order-ops,jlens,0,1,1,False,False,False,0.0,0.0,0.0
huginn,seed_average,order-ops,jlens,1,1,2,False,False,False,0.0,0.0,0.0
huginn,seed_average,order-ops,jlens,2,1,3,False,False,False,0.0,0.0,0.0
huginn,seed_average,order-ops,jlens,3,1,4,True,False,False,0.0,0.0,0.0
huginn,seed_average,order-ops,jlens,4,2,1,False,False,False,0.0,0.0,0.0
huginn,seed_average,order-ops,jlens,5,2,2,False,False,False,0.0,0.0,0.0
huginn,seed_average,order-ops,jlens,6,2,3,False,False,False,0.0,0.0,0.0
huginn,seed_average,order-ops,jlens,7,2,4,True,False,False,0.0,0.0,0.0
huginn,seed_average,order-ops,jlens,8,3,1,False,False,False,0.0,0.0,0.0
huginn,seed_average,order-ops,jlens,9,3,2,False,False,False,0.0,0.0,0.0
huginn,seed_average,order-ops,jlens,10,3,3,False,False,False,0.0,0.0,0.0
huginn,seed_average,order-ops,jlens,11,3,4,True,False,False,0.0,0.0,0.0
huginn,seed_average,order-ops,jlens,12,4,1,False,False,False,0.0,0.0,0.0
huginn,seed_average,order-ops,jlens,13,4,2,False,False,False,0.0,0.0,0.0
huginn,seed_average,order-ops,jlens,14,4,3,False,False,False,0.0,0.0,0.0
huginn,seed_average,order-ops,jlens,15,4,4,True,False,False,0.0,0.0007541478129713424,-0.0007541478129713424
huginn,seed_average,order-ops,jlens,16,5,1,False,False,False,0.0,0.0,0.0
huginn,seed_average,order-ops,jlens,17,5,2,False,False,False,0.0,0.0,0.0
huginn,seed_average,order-ops,jlens,18,5,3,False,False,False,0.0,0.0,0.0
huginn,seed_average,order-ops,jlens,19,5,4,True,False,False,0.0,0.0,0.0
huginn,seed_average,order-ops,jlens,20,6,1,False,False,False,0.0,0.0,0.0
huginn,seed_average,order-ops,jlens,21,6,2,False,False,False,0.0,0.0,0.0
huginn,seed_average,order-ops,jlens,22,6,3,False,False,False,0.0,0.0,0.0
huginn,seed_average,order-ops,jlens,23,6,4,True,False,False,0.0,0.0,0.0
huginn,seed_average,order-ops,jlens,24,7,1,False,False,False,0.0,0.007541478129713424,-0.007541478129713424
huginn,seed_average,order-ops,jlens,25,7,2,False,False,False,0.0,0.0007541478129713424,-0.0007541478129713424
huginn,seed_average,order-ops,jlens,26,7,3,False,False,False,0.0,0.0,0.0
huginn,seed_average,order-ops,jlens,27,7,4,True,False,False,0.0,0.0,0.0
huginn,seed_average,order-ops,jlens,28,8,1,False,False,False,0.0,0.0,0.0
huginn,seed_average,order-ops,jlens,29,8,2,False,False,False,0.0,0.0,0.0
huginn,seed_average,order-ops,jlens,30,8,3,False,False,False,0.049019607843137254,0.02262443438914027,0.026395173453996987
huginn,seed_average,order-ops,jlens,31,8,4,True,False,False,0.38235294117647056,0.2217194570135746,0.160633484162896
huginn,seed_average,order-ops,coda,0,1,1,False,False,True,0.4215686274509804,0.3959276018099548,0.02564102564102563
huginn,seed_average,order-ops,coda,1,1,2,False,False,True,0.5,0.41628959276018096,0.08371040723981898
huginn,seed_average,order-ops,coda,2,1,3,False,False,True,0.46078431372549017,0.39894419306184015,0.061840120663650064
huginn,seed_average,order-ops,coda,3,1,4,True,False,False,0.4411764705882353,0.3650075414781298,0.07616892911010556
huginn,seed_average,order-ops,coda,4,2,1,False,False,True,0.5294117647058824,0.39064856711915535,0.138763197586727
huginn,seed_average,order-ops,coda,5,2,2,False,False,True,0.5,0.3604826546003018,0.13951734539969832
huginn,seed_average,order-ops,coda,6,2,3,False,False,True,0.47058823529411764,0.3559577677224737,0.114630467571644
huginn,seed_average,order-ops,coda,7,2,4,True,False,False,0.45098039215686275,0.3740573152337858,0.0769230769230769
huginn,seed_average,order-ops,coda,8,3,1,False,False,True,0.5294117647058824,0.4660633484162895,0.06334841628959278
huginn,seed_average,order-ops,coda,9,3,2,False,False,True,0.5588235294117647,0.4343891402714932,0.12443438914027151
huginn,seed_average,order-ops,coda,10,3,3,False,False,True,0.5196078431372549,0.43891402714932115,0.08069381598793363
huginn,seed_average,order-ops,coda,11,3,4,True,False,False,0.5294117647058824,0.44796380090497717,0.08144796380090495
huginn,seed_average,order-ops,coda,12,4,1,False,False,True,0.5490196078431373,0.4653092006033182,0.08371040723981903
huginn,seed_average,order-ops,coda,13,4,2,False,False,True,0.5490196078431373,0.4321266968325792,0.11689291101055804
huginn,seed_average,order-ops,coda,14,4,3,False,False,True,0.5392156862745098,0.41779788838612375,0.12141779788838615
huginn,seed_average,order-ops,coda,15,4,4,True,False,False,0.5882352941176471,0.4660633484162896,0.12217194570135743
huginn,seed_average,order-ops,coda,16,5,1,False,False,True,0.5392156862745098,0.42383107088989447,0.11538461538461539
huginn,seed_average,order-ops,coda,17,5,2,False,False,True,0.5294117647058824,0.40120663650075417,0.12820512820512822
huginn,seed_average,order-ops,coda,18,5,3,False,False,True,0.5392156862745098,0.3936651583710409,0.1455505279034691
huginn,seed_average,order-ops,coda,19,5,4,True,False,False,0.5196078431372549,0.4336349924585219,0.08597285067873302
huginn,seed_average,order-ops,coda,20,6,1,False,False,True,0.5294117647058824,0.3883861236802414,0.14102564102564097
huginn,seed_average,order-ops,coda,21,6,2,False,False,True,0.5,0.3838612368024134,0.11613876319758672
huginn,seed_average,order-ops,coda,22,6,3,False,False,True,0.49019607843137253,0.3710407239819005,0.1191553544494721
huginn,seed_average,order-ops,coda,23,6,4,True,False,False,0.47058823529411764,0.3929110105580695,0.07767722473604825
huginn,seed_average,order-ops,coda,24,7,1,False,False,True,0.5196078431372549,0.38386123680241335,0.1357466063348416
huginn,seed_average,order-ops,coda,25,7,2,False,False,True,0.5,0.3725490196078432,0.12745098039215683
huginn,seed_average,order-ops,coda,26,7,3,False,False,True,0.5,0.36274509803921573,0.13725490196078433
huginn,seed_average,order-ops,coda,27,7,4,True,False,False,0.4411764705882353,0.36802413273001516,0.0731523378582202
huginn,seed_average,order-ops,coda,28,8,1,False,False,True,0.5,0.380844645550528,0.1191553544494721
huginn,seed_average,order-ops,coda,29,8,2,False,False,True,0.5,0.3650075414781298,0.13499245852187028
huginn,seed_average,order-ops,coda,30,8,3,False,False,True,0.5,0.3506787330316743,0.1493212669683258
huginn,seed_average,order-ops,coda,31,8,4,True,False,False,0.45098039215686275,0.34389140271493224,0.1070889894419306
huginn,seed_average,order-ops,jlens_minus_raw,0,1,1,False,False,False,-0.28431372549019607,-0.31146304675716446,0.027149321266968347
huginn,seed_average,order-ops,jlens_minus_raw,1,1,2,False,False,False,-0.5294117647058824,-0.423076923076923,-0.10633484162895925
huginn,seed_average,order-ops,jlens_minus_raw,2,1,3,False,False,False,-0.47058823529411764,-0.3861236802413275,-0.08446455505279032
huginn,seed_average,order-ops,jlens_minus_raw,3,1,4,True,False,False,-0.00980392156862745,-0.007541478129713424,-0.002262443438914029
huginn,seed_average,order-ops,jlens_minus_raw,4,2,1,False,False,False,-0.49019607843137253,-0.378582202111614,-0.11161387631975868
huginn,seed_average,order-ops,jlens_minus_raw,5,2,2,False,False,False,-0.5588235294117647,-0.42684766214177966,-0.13197586726998486
huginn,seed_average,order-ops,jlens_minus_raw,6,2,3,False,False,False,-0.5588235294117647,-0.44796380090497717,-0.1108597285067873
huginn,seed_average,order-ops,jlens_minus_raw,7,2,4,True,False,False,-0.058823529411764705,-0.061085972850678745,0.0022624434389140326
huginn,seed_average,order-ops,jlens_minus_raw,8,3,1,False,False,False,-0.5196078431372549,-0.44645550527903455,-0.07315233785822021
huginn,seed_average,order-ops,jlens_minus_raw,9,3,2,False,False,False,-0.5784313725490197,-0.4781297134238308,-0.10030165912518853
huginn,seed_average,order-ops,jlens_minus_raw,10,3,3,False,False,False,-0.5882352941176471,-0.4743589743589741,-0.11387631975867268
huginn,seed_average,order-ops,jlens_minus_raw,11,3,4,True,False,False,-0.24509803921568626,-0.1274509803921568,-0.11764705882352942
huginn,seed_average,order-ops,jlens_minus_raw,12,4,1,False,False,False,-0.5098039215686274,-0.45475113122171945,-0.05505279034690799
huginn,seed_average,order-ops,jlens_minus_raw,13,4,2,False,False,False,-0.5882352941176471,-0.4781297134238309,-0.11010558069381599
huginn,seed_average,order-ops,jlens_minus_raw,14,4,3,False,False,False,-0.5686274509803921,-0.47285067873303155,-0.09577677224736048
huginn,seed_average,order-ops,jlens_minus_raw,15,4,4,True,False,False,-0.12745098039215685,-0.0708898944193062,-0.05656108597285068
huginn,seed_average,order-ops,jlens_minus_raw,16,5,1,False,False,False,-0.5294117647058824,-0.43212669683257915,-0.09728506787330315
huginn,seed_average,order-ops,jlens_minus_raw,17,5,2,False,False,False,-0.5882352941176471,-0.4668174962292608,-0.12141779788838611
huginn,seed_average,order-ops,jlens_minus_raw,18,5,3,False,False,False,-0.5784313725490197,-0.4592760180995475,-0.11915535444947208
huginn,seed_average,order-ops,jlens_minus_raw,19,5,4,True,False,False,-0.09803921568627451,-0.03996983408748114,-0.05806938159879336
huginn,seed_average,order-ops,jlens_minus_raw,20,6,1,False,False,False,-0.5,-0.3936651583710407,-0.10633484162895925
huginn,seed_average,order-ops,jlens_minus_raw,21,6,2,False,False,False,-0.5588235294117647,-0.4464555052790347,-0.11236802413273003
huginn,seed_average,order-ops,jlens_minus_raw,22,6,3,False,False,False,-0.5686274509803921,-0.4434389140271493,-0.1251885369532428
huginn,seed_average,order-ops,jlens_minus_raw,23,6,4,True,False,False,-0.09803921568627451,-0.026395173453996987,-0.07164404223227754
huginn,seed_average,order-ops,jlens_minus_raw,24,7,1,False,False,False,-0.47058823529411764,-0.36048265460030166,-0.11010558069381599
huginn,seed_average,order-ops,jlens_minus_raw,25,7,2,False,False,False,-0.5588235294117647,-0.4487179487179486,-0.11010558069381599
huginn,seed_average,order-ops,jlens_minus_raw,26,7,3,False,False,False,-0.5392156862745098,-0.4336349924585218,-0.1055806938159879
huginn,seed_average,order-ops,jlens_minus_raw,27,7,4,True,False,False,-0.09803921568627451,-0.04223227752639518,-0.05580693815987934
huginn,seed_average,order-ops,jlens_minus_raw,28,8,1,False,False,False,-0.4411764705882353,-0.3408748114630469,-0.10030165912518853
huginn,seed_average,order-ops,jlens_minus_raw,29,8,2,False,False,False,-0.5588235294117647,-0.4306184012066365,-0.1282051282051282
huginn,seed_average,order-ops,jlens_minus_raw,30,8,3,False,False,False,-0.4803921568627451,-0.39215686274509803,-0.08823529411764706
huginn,seed_average,order-ops,jlens_minus_raw,31,8,4,True,False,False,0.29411764705882354,0.18325791855203624,0.1108597285067873
huginn,seed_average,order-ops,coda_minus_raw,0,1,1,False,False,True,0.13725490196078433,0.08446455505279037,0.052790346907993974
huginn,seed_average,order-ops,coda_minus_raw,1,1,2,False,False,True,-0.029411764705882353,-0.006787330316742078,-0.02262443438914027
huginn,seed_average,order-ops,coda_minus_raw,2,1,3,False,False,True,-0.00980392156862745,0.012820512820512818,-0.02262443438914026
huginn,seed_average,order-ops,coda_minus_raw,3,1,4,True,False,False,0.43137254901960786,0.3574660633484164,0.07390648567119154
huginn,seed_average,order-ops,coda_minus_raw,4,2,1,False,False,True,0.0392156862745098,0.01206636500754148,0.027149321266968344
huginn,seed_average,order-ops,coda_minus_raw,5,2,2,False,False,True,-0.058823529411764705,-0.06636500754147812,0.0075414781297134135
huginn,seed_average,order-ops,coda_minus_raw,6,2,3,False,False,True,-0.08823529411764706,-0.09200603318250376,0.0037707390648566985
huginn,seed_average,order-ops,coda_minus_raw,7,2,4,True,False,False,0.39215686274509803,0.31297134238310703,0.07918552036199095
huginn,seed_average,order-ops,coda_minus_raw,8,3,1,False,False,True,0.00980392156862745,0.019607843137254905,-0.009803921568627444
huginn,seed_average,order-ops,coda_minus_raw,9,3,2,False,False,True,-0.0196078431372549,-0.04374057315233784,0.024132730015082957
huginn,seed_average,order-ops,coda_minus_raw,10,3,3,False,False,True,-0.06862745098039216,-0.03544494720965309,-0.03318250377073908
huginn,seed_average,order-ops,coda_minus_raw,11,3,4,True,False,False,0.28431372549019607,0.32051282051282065,-0.03619909502262443
huginn,seed_average,order-ops,coda_minus_raw,12,4,1,False,False,True,0.0392156862745098,0.0105580693815988,0.028657616892911023
huginn,seed_average,order-ops,coda_minus_raw,13,4,2,False,False,True,-0.0392156862745098,-0.04600301659125187,0.006787330316742082
huginn,seed_average,order-ops,coda_minus_raw,14,4,3,False,False,True,-0.029411764705882353,-0.055052790346908,0.025641025641025647
huginn,seed_average,order-ops,coda_minus_raw,15,4,4,True,False,False,0.46078431372549017,0.394419306184012,0.06636500754147816
huginn,seed_average,order-ops,coda_minus_raw,16,5,1,False,False,True,0.00980392156862745,-0.008295625942684764,0.01809954751131222
huginn,seed_average,order-ops,coda_minus_raw,17,5,2,False,False,True,-0.058823529411764705,-0.0656108597285068,0.006787330316742086
huginn,seed_average,order-ops,coda_minus_raw,18,5,3,False,False,True,-0.0392156862745098,-0.0656108597285068,0.02639517345399699
huginn,seed_average,order-ops,coda_minus_raw,19,5,4,True,False,False,0.4215686274509804,0.3936651583710407,0.027903469079939656
huginn,seed_average,order-ops,coda_minus_raw,20,6,1,False,False,True,0.029411764705882353,-0.005279034690799392,0.03469079939668176
huginn,seed_average,order-ops,coda_minus_raw,21,6,2,False,False,True,-0.058823529411764705,-0.0625942684766214,0.003770739064856703
huginn,seed_average,order-ops,coda_minus_raw,22,6,3,False,False,True,-0.0784313725490196,-0.07239819004524886,-0.006033182503770755
huginn,seed_average,order-ops,coda_minus_raw,23,6,4,True,False,False,0.37254901960784315,0.3665158371040725,0.006033182503770735
huginn,seed_average,order-ops,coda_minus_raw,24,7,1,False,False,True,0.049019607843137254,0.015837104072398193,0.03318250377073906
huginn,seed_average,order-ops,coda_minus_raw,25,7,2,False,False,True,-0.058823529411764705,-0.07692307692307693,0.018099547511312195
huginn,seed_average,order-ops,coda_minus_raw,26,7,3,False,False,True,-0.0392156862745098,-0.07088989441930618,0.031674208144796365
huginn,seed_average,order-ops,coda_minus_raw,27,7,4,True,False,False,0.3431372549019608,0.32579185520362003,0.017345399698340865
huginn,seed_average,order-ops,coda_minus_raw,28,8,1,False,False,True,0.058823529411764705,0.039969834087481164,0.018853695324283565
huginn,seed_average,order-ops,coda_minus_raw,29,8,2,False,False,True,-0.058823529411764705,-0.0656108597285068,0.0067873303167420825
huginn,seed_average,order-ops,coda_minus_raw,30,8,3,False,False,True,-0.029411764705882353,-0.06410256410256407,0.034690799396681724
huginn,seed_average,order-ops,coda_minus_raw,31,8,4,True,False,False,0.3627450980392157,0.30542986425339386,0.05731523378582202
huginn,seed_average,order-ops,jlens_minus_coda,0,1,1,False,False,True,-0.4215686274509804,-0.3959276018099548,-0.02564102564102563
huginn,seed_average,order-ops,jlens_minus_coda,1,1,2,False,False,True,-0.5,-0.41628959276018096,-0.08371040723981898
huginn,seed_average,order-ops,jlens_minus_coda,2,1,3,False,False,True,-0.46078431372549017,-0.39894419306184015,-0.061840120663650064
huginn,seed_average,order-ops,jlens_minus_coda,3,1,4,True,False,False,-0.4411764705882353,-0.3650075414781298,-0.07616892911010556
huginn,seed_average,order-ops,jlens_minus_coda,4,2,1,False,False,True,-0.5294117647058824,-0.39064856711915535,-0.138763197586727
huginn,seed_average,order-ops,jlens_minus_coda,5,2,2,False,False,True,-0.5,-0.3604826546003018,-0.13951734539969832
huginn,seed_average,order-ops,jlens_minus_coda,6,2,3,False,False,True,-0.47058823529411764,-0.3559577677224737,-0.114630467571644
huginn,seed_average,order-ops,jlens_minus_coda,7,2,4,True,False,False,-0.45098039215686275,-0.3740573152337858,-0.0769230769230769
huginn,seed_average,order-ops,jlens_minus_coda,8,3,1,False,False,True,-0.5294117647058824,-0.4660633484162895,-0.06334841628959278
huginn,seed_average,order-ops,jlens_minus_coda,9,3,2,False,False,True,-0.5588235294117647,-0.4343891402714932,-0.12443438914027151
huginn,seed_average,order-ops,jlens_minus_coda,10,3,3,False,False,True,-0.5196078431372549,-0.43891402714932115,-0.08069381598793363
huginn,seed_average,order-ops,jlens_minus_coda,11,3,4,True,False,False,-0.5294117647058824,-0.44796380090497717,-0.08144796380090495
huginn,seed_average,order-ops,jlens_minus_coda,12,4,1,False,False,True,-0.5490196078431373,-0.4653092006033182,-0.08371040723981903
huginn,seed_average,order-ops,jlens_minus_coda,13,4,2,False,False,True,-0.5490196078431373,-0.4321266968325792,-0.11689291101055804
huginn,seed_average,order-ops,jlens_minus_coda,14,4,3,False,False,True,-0.5392156862745098,-0.41779788838612375,-0.12141779788838615
huginn,seed_average,order-ops,jlens_minus_coda,15,4,4,True,False,False,-0.5882352941176471,-0.4653092006033182,-0.12292609351432877
huginn,seed_average,order-ops,jlens_minus_coda,16,5,1,False,False,True,-0.5392156862745098,-0.42383107088989447,-0.11538461538461539
huginn,seed_average,order-ops,jlens_minus_coda,17,5,2,False,False,True,-0.5294117647058824,-0.40120663650075417,-0.12820512820512822
huginn,seed_average,order-ops,jlens_minus_coda,18,5,3,False,False,True,-0.5392156862745098,-0.3936651583710409,-0.1455505279034691
huginn,seed_average,order-ops,jlens_minus_coda,19,5,4,True,False,False,-0.5196078431372549,-0.4336349924585219,-0.08597285067873302
huginn,seed_average,order-ops,jlens_minus_coda,20,6,1,False,False,True,-0.5294117647058824,-0.3883861236802414,-0.14102564102564097
huginn,seed_average,order-ops,jlens_minus_coda,21,6,2,False,False,True,-0.5,-0.3838612368024134,-0.11613876319758672
huginn,seed_average,order-ops,jlens_minus_coda,22,6,3,False,False,True,-0.49019607843137253,-0.3710407239819005,-0.1191553544494721
huginn,seed_average,order-ops,jlens_minus_coda,23,6,4,True,False,False,-0.47058823529411764,-0.3929110105580695,-0.07767722473604825
huginn,seed_average,order-ops,jlens_minus_coda,24,7,1,False,False,True,-0.5196078431372549,-0.37631975867269996,-0.143288084464555
huginn,seed_average,order-ops,jlens_minus_coda,25,7,2,False,False,True,-0.5,-0.3717948717948718,-0.12820512820512817
huginn,seed_average,order-ops,jlens_minus_coda,26,7,3,False,False,True,-0.5,-0.36274509803921573,-0.13725490196078433
huginn,seed_average,order-ops,jlens_minus_coda,27,7,4,True,False,False,-0.4411764705882353,-0.36802413273001516,-0.0731523378582202
huginn,seed_average,order-ops,jlens_minus_coda,28,8,1,False,False,True,-0.5,-0.380844645550528,-0.1191553544494721
huginn,seed_average,order-ops,jlens_minus_coda,29,8,2,False,False,True,-0.5,-0.3650075414781298,-0.13499245852187028
huginn,seed_average,order-ops,jlens_minus_coda,30,8,3,False,False,True,-0.45098039215686275,-0.3280542986425341,-0.12292609351432879
huginn,seed_average,order-ops,jlens_minus_coda,31,8,4,True,False,False,-0.06862745098039216,-0.1221719457013575,0.05354449472096535
