source_path,bytes,sha256_now,sha256_at_archive,archive_path,archive_sha256_verified,nlink,inode,counts_physical_bytes,eligible_now,restoration_receipt,dependency_check
/home/moloch/.cache/huggingface/hub/models--Vykos--ouro-jlens-results/blobs/04e902ac7eb504cedc20d03dff81158112a46a8dcb9c996bd8f25affb3683c17,1602282696,04e902ac7eb504cedc20d03dff81158112a46a8dcb9c996bd8f25affb3683c17,04e902ac7eb504cedc20d03dff81158112a46a8dcb9c996bd8f25affb3683c17,/run/media/moloch/ARCH_BACKUP/JLENS_COLD_ARCHIVE_20260911/tree/home/moloch/.cache/huggingface/hub/models--Vykos--ouro-jlens-results/blobs/04e902ac7eb504cedc20d03dff81158112a46a8dcb9c996bd8f25affb3683c17,04e902ac7eb504cedc20d03dff81158112a46a8dcb9c996bd8f25affb3683c17,1,55085740,True,True,/home/moloch/jacobian-lens/research/closeout_2026-09-11/archive/ACCEPTANCE_RECEIPT.json (restoration_from_ssd),referenced only by J-Lens rounds; not a shared cache; not an active source
/home/moloch/.cache/huggingface/hub/models--Vykos--ouro-jlens-results/blobs/2c6a15f0b09e3d07d0c34cea2a778803a74fae911d4d4e7e74871b48cd9fced6,1602282696,2c6a15f0b09e3d07d0c34cea2a778803a74fae911d4d4e7e74871b48cd9fced6,2c6a15f0b09e3d07d0c34cea2a778803a74fae911d4d4e7e74871b48cd9fced6,/run/media/moloch/ARCH_BACKUP/JLENS_COLD_ARCHIVE_20260911/tree/home/moloch/.cache/huggingface/hub/models--Vykos--ouro-jlens-results/blobs/2c6a15f0b09e3d07d0c34cea2a778803a74fae911d4d4e7e74871b48cd9fced6,2c6a15f0b09e3d07d0c34cea2a778803a74fae911d4d4e7e74871b48cd9fced6,1,55085760,True,True,/home/moloch/jacobian-lens/research/closeout_2026-09-11/archive/ACCEPTANCE_RECEIPT.json (restoration_from_ssd),referenced only by J-Lens rounds; not a shared cache; not an active source
/home/moloch/.cache/huggingface/hub/models--Vykos--ouro-jlens-results/blobs/8779292ed389316baded51e02614770d0eca4b33f6afec14cf33b2c944965d49,1602282696,8779292ed389316baded51e02614770d0eca4b33f6afec14cf33b2c944965d49,8779292ed389316baded51e02614770d0eca4b33f6afec14cf33b2c944965d49,/run/media/moloch/ARCH_BACKUP/JLENS_COLD_ARCHIVE_20260911/tree/home/moloch/.cache/huggingface/hub/models--Vykos--ouro-jlens-results/blobs/8779292ed389316baded51e02614770d0eca4b33f6afec14cf33b2c944965d49,8779292ed389316baded51e02614770d0eca4b33f6afec14cf33b2c944965d49,1,55085750,True,True,/home/moloch/jacobian-lens/research/closeout_2026-09-11/archive/ACCEPTANCE_RECEIPT.json (restoration_from_ssd),referenced only by J-Lens rounds; not a shared cache; not an active source
/home/moloch/.cache/huggingface/hub/models--Vykos--ouro-jlens-results/blobs/d7c262978b9801985ad7420bc7dcc98803dd00bf75841e8b5b7596d624b9a85d,1602279480,d7c262978b9801985ad7420bc7dcc98803dd00bf75841e8b5b7596d624b9a85d,d7c262978b9801985ad7420bc7dcc98803dd00bf75841e8b5b7596d624b9a85d,/run/media/moloch/ARCH_BACKUP/JLENS_COLD_ARCHIVE_20260911/tree/home/moloch/.cache/huggingface/hub/models--Vykos--ouro-jlens-results/blobs/d7c262978b9801985ad7420bc7dcc98803dd00bf75841e8b5b7596d624b9a85d,d7c262978b9801985ad7420bc7dcc98803dd00bf75841e8b5b7596d624b9a85d,1,55085778,True,True,/home/moloch/jacobian-lens/research/closeout_2026-09-11/archive/ACCEPTANCE_RECEIPT.json (restoration_from_ssd),referenced only by J-Lens rounds; not a shared cache; not an active source
/home/moloch/.cache/huggingface/hub/models--Vykos--ouro-jlens-results/blobs/f96a714205738a8ffbcda7519cb43016b2e8c3cb9d3de2c6c818570fc0f10276,1602282696,f96a714205738a8ffbcda7519cb43016b2e8c3cb9d3de2c6c818570fc0f10276,f96a714205738a8ffbcda7519cb43016b2e8c3cb9d3de2c6c818570fc0f10276,/run/media/moloch/ARCH_BACKUP/JLENS_COLD_ARCHIVE_20260911/tree/home/moloch/.cache/huggingface/hub/models--Vykos--ouro-jlens-results/blobs/f96a714205738a8ffbcda7519cb43016b2e8c3cb9d3de2c6c818570fc0f10276,f96a714205738a8ffbcda7519cb43016b2e8c3cb9d3de2c6c818570fc0f10276,1,55085770,True,True,/home/moloch/jacobian-lens/research/closeout_2026-09-11/archive/ACCEPTANCE_RECEIPT.json (restoration_from_ssd),referenced only by J-Lens rounds; not a shared cache; not an active source
/home/moloch/jacobian-lens/research/confirmation_2026-09-09/artifacts/reconstructed/ouro/fit_02/lens.pt,1602276737,101f31db6aa56d97fbae7ecb3e2f241ef1805000484d0e22f5eba5fc0b9acde8,101f31db6aa56d97fbae7ecb3e2f241ef1805000484d0e22f5eba5fc0b9acde8,/run/media/moloch/ARCH_BACKUP/JLENS_COLD_ARCHIVE_20260911/tree/home/moloch/jacobian-lens/research/confirmation_2026-09-09/artifacts/reconstructed/ouro/fit_02/lens.pt,101f31db6aa56d97fbae7ecb3e2f241ef1805000484d0e22f5eba5fc0b9acde8,1,55355737,True,True,/home/moloch/jacobian-lens/research/closeout_2026-09-11/archive/ACCEPTANCE_RECEIPT.json (restoration_from_ssd),referenced only by J-Lens rounds; not a shared cache; not an active source
/home/moloch/jacobian-lens/research/confirmation_2026-09-09/cloud_leases/attempt_05/handoff/staging/ouro_confirmation_20260910_fixed160_precision1/144c9a935a46a335493e9c8c4fbd695a1b817c957fa81032d911f244cb807ad3/results/development/native.pt,15337945,aa6a79bc89a1f959e26e8a3299294c27fc0ef64e7cbe2929dfa1432afd813213,aa6a79bc89a1f959e26e8a3299294c27fc0ef64e7cbe2929dfa1432afd813213,/run/media/moloch/ARCH_BACKUP/JLENS_COLD_ARCHIVE_20260911/tree/home/moloch/jacobian-lens/research/confirmation_2026-09-09/cloud_leases/attempt_05/handoff/staging/ouro_confirmation_20260910_fixed160_precision1/144c9a935a46a335493e9c8c4fbd695a1b817c957fa81032d911f244cb807ad3/results/development/native.pt,aa6a79bc89a1f959e26e8a3299294c27fc0ef64e7cbe2929dfa1432afd813213,1,3932178,True,True,/home/moloch/jacobian-lens/research/closeout_2026-09-11/archive/ACCEPTANCE_RECEIPT.json (restoration_from_ssd),referenced only by J-Lens rounds; not a shared cache; not an active source
/home/moloch/jacobian-lens/research/confirmation_2026-09-09/cloud_leases/attempt_06/handoff/accepted/ouro_confirmation_20260911_fixed160_native1/2b053cb8d4d0b8e68a3f2c54910046ed1e48cd4e7cbc109045340814314a7c60/results/development/native.pt,15337945,95f8a8b19ffd9564b1dcdf4152d98ebdfb8f7f4619dd1481dc2ccc64069c53ff,95f8a8b19ffd9564b1dcdf4152d98ebdfb8f7f4619dd1481dc2ccc64069c53ff,/run/media/moloch/ARCH_BACKUP/JLENS_COLD_ARCHIVE_20260911/tree/home/moloch/jacobian-lens/research/confirmation_2026-09-09/cloud_leases/attempt_06/handoff/accepted/ouro_confirmation_20260911_fixed160_native1/2b053cb8d4d0b8e68a3f2c54910046ed1e48cd4e7cbc109045340814314a7c60/results/development/native.pt,95f8a8b19ffd9564b1dcdf4152d98ebdfb8f7f4619dd1481dc2ccc64069c53ff,8,786584,True,True,/home/moloch/jacobian-lens/research/closeout_2026-09-11/archive/ACCEPTANCE_RECEIPT.json (restoration_from_ssd),referenced only by J-Lens rounds; not a shared cache; not an active source
/home/moloch/jacobian-lens/research/confirmation_2026-09-09/cloud_leases/attempt_06/handoff/accepted/ouro_confirmation_20260911_fixed160_native1/7a81122c19b07e916d3ed5a804d4bb2c0309ab06eafeea53900e742fb22c4304/results/common/cache.pt,377492133,e78ba9da7a4e4e07db915e73f59e8d431a8019c10d90f8ed9504236b5351e90e,e78ba9da7a4e4e07db915e73f59e8d431a8019c10d90f8ed9504236b5351e90e,/run/media/moloch/ARCH_BACKUP/JLENS_COLD_ARCHIVE_20260911/tree/home/moloch/jacobian-lens/research/confirmation_2026-09-09/cloud_leases/attempt_06/handoff/accepted/ouro_confirmation_20260911_fixed160_native1/7a81122c19b07e916d3ed5a804d4bb2c0309ab06eafeea53900e742fb22c4304/results/common/cache.pt,e78ba9da7a4e4e07db915e73f59e8d431a8019c10d90f8ed9504236b5351e90e,7,786605,True,True,/home/moloch/jacobian-lens/research/closeout_2026-09-11/archive/ACCEPTANCE_RECEIPT.json (restoration_from_ssd),referenced only by J-Lens rounds; not a shared cache; not an active source
/home/moloch/jacobian-lens/research/confirmation_2026-09-09/cloud_leases/attempt_06/handoff/accepted/ouro_confirmation_20260911_fixed160_native1/7a81122c19b07e916d3ed5a804d4bb2c0309ab06eafeea53900e742fb22c4304/results/development/native.pt,15337945,95f8a8b19ffd9564b1dcdf4152d98ebdfb8f7f4619dd1481dc2ccc64069c53ff,95f8a8b19ffd9564b1dcdf4152d98ebdfb8f7f4619dd1481dc2ccc64069c53ff,/run/media/moloch/ARCH_BACKUP/JLENS_COLD_ARCHIVE_20260911/tree/home/moloch/jacobian-lens/research/confirmation_2026-09-09/cloud_leases/attempt_06/handoff/accepted/ouro_confirmation_20260911_fixed160_native1/7a81122c19b07e916d3ed5a804d4bb2c0309ab06eafeea53900e742fb22c4304/results/development/native.pt,95f8a8b19ffd9564b1dcdf4152d98ebdfb8f7f4619dd1481dc2ccc64069c53ff,8,786584,False,True,/home/moloch/jacobian-lens/research/closeout_2026-09-11/archive/ACCEPTANCE_RECEIPT.json (restoration_from_ssd),referenced only by J-Lens rounds; not a shared cache; not an active source
/home/moloch/jacobian-lens/research/confirmation_2026-09-09/cloud_leases/attempt_06/handoff/accepted/ouro_confirmation_20260911_fixed160_native1/7a81122c19b07e916d3ed5a804d4bb2c0309ab06eafeea53900e742fb22c4304/results/readouts/fit02_samples.pt,12045513,686d622f05dede2c49f5e107ccf019f26320174aacfaacc971d8aa60c55eab77,686d622f05dede2c49f5e107ccf019f26320174aacfaacc971d8aa60c55eab77,/run/media/moloch/ARCH_BACKUP/JLENS_COLD_ARCHIVE_20260911/tree/home/moloch/jacobian-lens/research/confirmation_2026-09-09/cloud_leases/attempt_06/handoff/accepted/ouro_confirmation_20260911_fixed160_native1/7a81122c19b07e916d3ed5a804d4bb2c0309ab06eafeea53900e742fb22c4304/results/readouts/fit02_samples.pt,686d622f05dede2c49f5e107ccf019f26320174aacfaacc971d8aa60c55eab77,2,786626,True,True,/home/moloch/jacobian-lens/research/closeout_2026-09-11/archive/ACCEPTANCE_RECEIPT.json (restoration_from_ssd),referenced only by J-Lens rounds; not a shared cache; not an active source
/home/moloch/jacobian-lens/research/confirmation_2026-09-09/cloud_leases/attempt_06/handoff/accepted/ouro_confirmation_20260911_fixed160_native1/7af7ca0721bc3d2fdd2aad3e7914293b97e97402a6af3f1d216d56e84eb868de/results/common/cache.pt,377492133,e78ba9da7a4e4e07db915e73f59e8d431a8019c10d90f8ed9504236b5351e90e,e78ba9da7a4e4e07db915e73f59e8d431a8019c10d90f8ed9504236b5351e90e,/run/media/moloch/ARCH_BACKUP/JLENS_COLD_ARCHIVE_20260911/tree/home/moloch/jacobian-lens/research/confirmation_2026-09-09/cloud_leases/attempt_06/handoff/accepted/ouro_confirmation_20260911_fixed160_native1/7af7ca0721bc3d2fdd2aad3e7914293b97e97402a6af3f1d216d56e84eb868de/results/common/cache.pt,e78ba9da7a4e4e07db915e73f59e8d431a8019c10d90f8ed9504236b5351e90e,7,786605,False,True,/home/moloch/jacobian-lens/research/closeout_2026-09-11/archive/ACCEPTANCE_RECEIPT.json (restoration_from_ssd),referenced only by J-Lens rounds; not a shared cache; not an active source
/home/moloch/jacobian-lens/research/confirmation_2026-09-09/cloud_leases/attempt_06/handoff/accepted/ouro_confirmation_20260911_fixed160_native1/7af7ca0721bc3d2fdd2aad3e7914293b97e97402a6af3f1d216d56e84eb868de/results/development/native.pt,15337945,95f8a8b19ffd9564b1dcdf4152d98ebdfb8f7f4619dd1481dc2ccc64069c53ff,95f8a8b19ffd9564b1dcdf4152d98ebdfb8f7f4619dd1481dc2ccc64069c53ff,/run/media/moloch/ARCH_BACKUP/JLENS_COLD_ARCHIVE_20260911/tree/home/moloch/jacobian-lens/research/confirmation_2026-09-09/cloud_leases/attempt_06/handoff/accepted/ouro_confirmation_20260911_fixed160_native1/7af7ca0721bc3d2fdd2aad3e7914293b97e97402a6af3f1d216d56e84eb868de/results/development/native.pt,95f8a8b19ffd9564b1dcdf4152d98ebdfb8f7f4619dd1481dc2ccc64069c53ff,8,786584,False,True,/home/moloch/jacobian-lens/research/closeout_2026-09-11/archive/ACCEPTANCE_RECEIPT.json (restoration_from_ssd),referenced only by J-Lens rounds; not a shared cache; not an active source
/home/moloch/jacobian-lens/research/confirmation_2026-09-09/cloud_leases/attempt_06/handoff/accepted/ouro_confirmation_20260911_fixed160_native1/7af7ca0721bc3d2fdd2aad3e7914293b97e97402a6af3f1d216d56e84eb868de/results/readouts/raw_samples.pt,12045513,848bdfe7756960182e8ca4e00e184527f804c73ee32f0a14034f17edba6ce9eb,848bdfe7756960182e8ca4e00e184527f804c73ee32f0a14034f17edba6ce9eb,/run/media/moloch/ARCH_BACKUP/JLENS_COLD_ARCHIVE_20260911/tree/home/moloch/jacobian-lens/research/confirmation_2026-09-09/cloud_leases/attempt_06/handoff/accepted/ouro_confirmation_20260911_fixed160_native1/7af7ca0721bc3d2fdd2aad3e7914293b97e97402a6af3f1d216d56e84eb868de/results/readouts/raw_samples.pt,848bdfe7756960182e8ca4e00e184527f804c73ee32f0a14034f17edba6ce9eb,2,786607,True,True,/home/moloch/jacobian-lens/research/closeout_2026-09-11/archive/ACCEPTANCE_RECEIPT.json (restoration_from_ssd),referenced only by J-Lens rounds; not a shared cache; not an active source
/home/moloch/jacobian-lens/research/confirmation_2026-09-09/cloud_leases/attempt_06/handoff/accepted/ouro_confirmation_20260911_fixed160_native1/89e8f70a4faea25ce105b911f011ae2901e3b1d3015e2f7165a790f30c75a77d/results/common/cache.pt,377492133,e78ba9da7a4e4e07db915e73f59e8d431a8019c10d90f8ed9504236b5351e90e,e78ba9da7a4e4e07db915e73f59e8d431a8019c10d90f8ed9504236b5351e90e,/run/media/moloch/ARCH_BACKUP/JLENS_COLD_ARCHIVE_20260911/tree/home/moloch/jacobian-lens/research/confirmation_2026-09-09/cloud_leases/attempt_06/handoff/accepted/ouro_confirmation_20260911_fixed160_native1/89e8f70a4faea25ce105b911f011ae2901e3b1d3015e2f7165a790f30c75a77d/results/common/cache.pt,e78ba9da7a4e4e07db915e73f59e8d431a8019c10d90f8ed9504236b5351e90e,7,786605,False,True,/home/moloch/jacobian-lens/research/closeout_2026-09-11/archive/ACCEPTANCE_RECEIPT.json (restoration_from_ssd),referenced only by J-Lens rounds; not a shared cache; not an active source
/home/moloch/jacobian-lens/research/confirmation_2026-09-09/cloud_leases/attempt_06/handoff/accepted/ouro_confirmation_20260911_fixed160_native1/89e8f70a4faea25ce105b911f011ae2901e3b1d3015e2f7165a790f30c75a77d/results/development/native.pt,15337945,95f8a8b19ffd9564b1dcdf4152d98ebdfb8f7f4619dd1481dc2ccc64069c53ff,95f8a8b19ffd9564b1dcdf4152d98ebdfb8f7f4619dd1481dc2ccc64069c53ff,/run/media/moloch/ARCH_BACKUP/JLENS_COLD_ARCHIVE_20260911/tree/home/moloch/jacobian-lens/research/confirmation_2026-09-09/cloud_leases/attempt_06/handoff/accepted/ouro_confirmation_20260911_fixed160_native1/89e8f70a4faea25ce105b911f011ae2901e3b1d3015e2f7165a790f30c75a77d/results/development/native.pt,95f8a8b19ffd9564b1dcdf4152d98ebdfb8f7f4619dd1481dc2ccc64069c53ff,8,786584,False,True,/home/moloch/jacobian-lens/research/closeout_2026-09-11/archive/ACCEPTANCE_RECEIPT.json (restoration_from_ssd),referenced only by J-Lens rounds; not a shared cache; not an active source
/home/moloch/jacobian-lens/research/confirmation_2026-09-09/cloud_leases/attempt_06/handoff/accepted/ouro_confirmation_20260911_fixed160_native1/89e8f70a4faea25ce105b911f011ae2901e3b1d3015e2f7165a790f30c75a77d/results/readouts/diagonal_samples.pt,10841289,e03d07bd6657c0e4d2cba3ee23bfc605fed882906e1a88f5cda768dfeaecdaf4,e03d07bd6657c0e4d2cba3ee23bfc605fed882906e1a88f5cda768dfeaecdaf4,/run/media/moloch/ARCH_BACKUP/JLENS_COLD_ARCHIVE_20260911/tree/home/moloch/jacobian-lens/research/confirmation_2026-09-09/cloud_leases/attempt_06/handoff/accepted/ouro_confirmation_20260911_fixed160_native1/89e8f70a4faea25ce105b911f011ae2901e3b1d3015e2f7165a790f30c75a77d/results/readouts/diagonal_samples.pt,e03d07bd6657c0e4d2cba3ee23bfc605fed882906e1a88f5cda768dfeaecdaf4,2,786654,True,True,/home/moloch/jacobian-lens/research/closeout_2026-09-11/archive/ACCEPTANCE_RECEIPT.json (restoration_from_ssd),referenced only by J-Lens rounds; not a shared cache; not an active source
/home/moloch/jacobian-lens/research/confirmation_2026-09-09/cloud_leases/attempt_06/handoff/accepted/ouro_confirmation_20260911_fixed160_native1/8f6822bc80c1552827580e04aaf52235108b7cd940d839bfca2ff5219b88302e/results/common/cache.pt,377492133,e78ba9da7a4e4e07db915e73f59e8d431a8019c10d90f8ed9504236b5351e90e,e78ba9da7a4e4e07db915e73f59e8d431a8019c10d90f8ed9504236b5351e90e,/run/media/moloch/ARCH_BACKUP/JLENS_COLD_ARCHIVE_20260911/tree/home/moloch/jacobian-lens/research/confirmation_2026-09-09/cloud_leases/attempt_06/handoff/accepted/ouro_confirmation_20260911_fixed160_native1/8f6822bc80c1552827580e04aaf52235108b7cd940d839bfca2ff5219b88302e/results/common/cache.pt,e78ba9da7a4e4e07db915e73f59e8d431a8019c10d90f8ed9504236b5351e90e,7,786605,False,True,/home/moloch/jacobian-lens/research/closeout_2026-09-11/archive/ACCEPTANCE_RECEIPT.json (restoration_from_ssd),referenced only by J-Lens rounds; not a shared cache; not an active source
/home/moloch/jacobian-lens/research/confirmation_2026-09-09/cloud_leases/attempt_06/handoff/accepted/ouro_confirmation_20260911_fixed160_native1/8f6822bc80c1552827580e04aaf52235108b7cd940d839bfca2ff5219b88302e/results/development/native.pt,15337945,95f8a8b19ffd9564b1dcdf4152d98ebdfb8f7f4619dd1481dc2ccc64069c53ff,95f8a8b19ffd9564b1dcdf4152d98ebdfb8f7f4619dd1481dc2ccc64069c53ff,/run/media/moloch/ARCH_BACKUP/JLENS_COLD_ARCHIVE_20260911/tree/home/moloch/jacobian-lens/research/confirmation_2026-09-09/cloud_leases/attempt_06/handoff/accepted/ouro_confirmation_20260911_fixed160_native1/8f6822bc80c1552827580e04aaf52235108b7cd940d839bfca2ff5219b88302e/results/development/native.pt,95f8a8b19ffd9564b1dcdf4152d98ebdfb8f7f4619dd1481dc2ccc64069c53ff,8,786584,False,True,/home/moloch/jacobian-lens/research/closeout_2026-09-11/archive/ACCEPTANCE_RECEIPT.json (restoration_from_ssd),referenced only by J-Lens rounds; not a shared cache; not an active source
/home/moloch/jacobian-lens/research/confirmation_2026-09-09/cloud_leases/attempt_06/handoff/accepted/ouro_confirmation_20260911_fixed160_native1/8f6822bc80c1552827580e04aaf52235108b7cd940d839bfca2ff5219b88302e/results/readouts/penultimate_samples.pt,9637065,afe3248a7ad068f1bee3d57ba249a853ced2ffff42fc9ee8468e54f69b2d241f,afe3248a7ad068f1bee3d57ba249a853ced2ffff42fc9ee8468e54f69b2d241f,/run/media/moloch/ARCH_BACKUP/JLENS_COLD_ARCHIVE_20260911/tree/home/moloch/jacobian-lens/research/confirmation_2026-09-09/cloud_leases/attempt_06/handoff/accepted/ouro_confirmation_20260911_fixed160_native1/8f6822bc80c1552827580e04aaf52235108b7cd940d839bfca2ff5219b88302e/results/readouts/penultimate_samples.pt,afe3248a7ad068f1bee3d57ba249a853ced2ffff42fc9ee8468e54f69b2d241f,2,787494,True,True,/home/moloch/jacobian-lens/research/closeout_2026-09-11/archive/ACCEPTANCE_RECEIPT.json (restoration_from_ssd),referenced only by J-Lens rounds; not a shared cache; not an active source
/home/moloch/jacobian-lens/research/confirmation_2026-09-09/cloud_leases/attempt_06/handoff/accepted/ouro_confirmation_20260911_fixed160_native1/a1085fbb390195a4a5690b9e9e615cc2883da1ce6bc9177ce0f9a6bc7fa98c2f/results/common/cache.pt,377492133,e78ba9da7a4e4e07db915e73f59e8d431a8019c10d90f8ed9504236b5351e90e,e78ba9da7a4e4e07db915e73f59e8d431a8019c10d90f8ed9504236b5351e90e,/run/media/moloch/ARCH_BACKUP/JLENS_COLD_ARCHIVE_20260911/tree/home/moloch/jacobian-lens/research/confirmation_2026-09-09/cloud_leases/attempt_06/handoff/accepted/ouro_confirmation_20260911_fixed160_native1/a1085fbb390195a4a5690b9e9e615cc2883da1ce6bc9177ce0f9a6bc7fa98c2f/results/common/cache.pt,e78ba9da7a4e4e07db915e73f59e8d431a8019c10d90f8ed9504236b5351e90e,7,786605,False,True,/home/moloch/jacobian-lens/research/closeout_2026-09-11/archive/ACCEPTANCE_RECEIPT.json (restoration_from_ssd),referenced only by J-Lens rounds; not a shared cache; not an active source
/home/moloch/jacobian-lens/research/confirmation_2026-09-09/cloud_leases/attempt_06/handoff/accepted/ouro_confirmation_20260911_fixed160_native1/a1085fbb390195a4a5690b9e9e615cc2883da1ce6bc9177ce0f9a6bc7fa98c2f/results/development/native.pt,15337945,95f8a8b19ffd9564b1dcdf4152d98ebdfb8f7f4619dd1481dc2ccc64069c53ff,95f8a8b19ffd9564b1dcdf4152d98ebdfb8f7f4619dd1481dc2ccc64069c53ff,/run/media/moloch/ARCH_BACKUP/JLENS_COLD_ARCHIVE_20260911/tree/home/moloch/jacobian-lens/research/confirmation_2026-09-09/cloud_leases/attempt_06/handoff/accepted/ouro_confirmation_20260911_fixed160_native1/a1085fbb390195a4a5690b9e9e615cc2883da1ce6bc9177ce0f9a6bc7fa98c2f/results/development/native.pt,95f8a8b19ffd9564b1dcdf4152d98ebdfb8f7f4619dd1481dc2ccc64069c53ff,8,786584,False,True,/home/moloch/jacobian-lens/research/closeout_2026-09-11/archive/ACCEPTANCE_RECEIPT.json (restoration_from_ssd),referenced only by J-Lens rounds; not a shared cache; not an active source
/home/moloch/jacobian-lens/research/confirmation_2026-09-09/cloud_leases/attempt_06/handoff/accepted/ouro_confirmation_20260911_fixed160_native1/a1085fbb390195a4a5690b9e9e615cc2883da1ce6bc9177ce0f9a6bc7fa98c2f/results/readouts/sampled_sum_samples.pt,10841289,406dd326d1d2e333b7f95ebce87c8a29fe635e02485425355a33031fa10bb0a5,406dd326d1d2e333b7f95ebce87c8a29fe635e02485425355a33031fa10bb0a5,/run/media/moloch/ARCH_BACKUP/JLENS_COLD_ARCHIVE_20260911/tree/home/moloch/jacobian-lens/research/confirmation_2026-09-09/cloud_leases/attempt_06/handoff/accepted/ouro_confirmation_20260911_fixed160_native1/a1085fbb390195a4a5690b9e9e615cc2883da1ce6bc9177ce0f9a6bc7fa98c2f/results/readouts/sampled_sum_samples.pt,406dd326d1d2e333b7f95ebce87c8a29fe635e02485425355a33031fa10bb0a5,2,787510,True,True,/home/moloch/jacobian-lens/research/closeout_2026-09-11/archive/ACCEPTANCE_RECEIPT.json (restoration_from_ssd),referenced only by J-Lens rounds; not a shared cache; not an active source
/home/moloch/jacobian-lens/research/confirmation_2026-09-09/cloud_leases/attempt_06/handoff/accepted/ouro_confirmation_20260911_fixed160_native1/b355a0ea76244df587e8ea2865e40d125ba28eff09d1d8cc9a6f10e2c41aae9e/results/common/cache.pt,377492133,e78ba9da7a4e4e07db915e73f59e8d431a8019c10d90f8ed9504236b5351e90e,e78ba9da7a4e4e07db915e73f59e8d431a8019c10d90f8ed9504236b5351e90e,/run/media/moloch/ARCH_BACKUP/JLENS_COLD_ARCHIVE_20260911/tree/home/moloch/jacobian-lens/research/confirmation_2026-09-09/cloud_leases/attempt_06/handoff/accepted/ouro_confirmation_20260911_fixed160_native1/b355a0ea76244df587e8ea2865e40d125ba28eff09d1d8cc9a6f10e2c41aae9e/results/common/cache.pt,e78ba9da7a4e4e07db915e73f59e8d431a8019c10d90f8ed9504236b5351e90e,7,786605,False,True,/home/moloch/jacobian-lens/research/closeout_2026-09-11/archive/ACCEPTANCE_RECEIPT.json (restoration_from_ssd),referenced only by J-Lens rounds; not a shared cache; not an active source
/home/moloch/jacobian-lens/research/confirmation_2026-09-09/cloud_leases/attempt_06/handoff/accepted/ouro_confirmation_20260911_fixed160_native1/b355a0ea76244df587e8ea2865e40d125ba28eff09d1d8cc9a6f10e2c41aae9e/results/development/native.pt,15337945,95f8a8b19ffd9564b1dcdf4152d98ebdfb8f7f4619dd1481dc2ccc64069c53ff,95f8a8b19ffd9564b1dcdf4152d98ebdfb8f7f4619dd1481dc2ccc64069c53ff,/run/media/moloch/ARCH_BACKUP/JLENS_COLD_ARCHIVE_20260911/tree/home/moloch/jacobian-lens/research/confirmation_2026-09-09/cloud_leases/attempt_06/handoff/accepted/ouro_confirmation_20260911_fixed160_native1/b355a0ea76244df587e8ea2865e40d125ba28eff09d1d8cc9a6f10e2c41aae9e/results/development/native.pt,95f8a8b19ffd9564b1dcdf4152d98ebdfb8f7f4619dd1481dc2ccc64069c53ff,8,786584,False,True,/home/moloch/jacobian-lens/research/closeout_2026-09-11/archive/ACCEPTANCE_RECEIPT.json (restoration_from_ssd),referenced only by J-Lens rounds; not a shared cache; not an active source
/home/moloch/jacobian-lens/research/confirmation_2026-09-09/cloud_leases/attempt_06/handoff/accepted/ouro_confirmation_20260911_fixed160_native1/b355a0ea76244df587e8ea2865e40d125ba28eff09d1d8cc9a6f10e2c41aae9e/results/readouts/fit01_samples.pt,12045513,f7f21f65590f127c852b427373c6cb12f588b0b199e6d37448e4a6332ec786dc,f7f21f65590f127c852b427373c6cb12f588b0b199e6d37448e4a6332ec786dc,/run/media/moloch/ARCH_BACKUP/JLENS_COLD_ARCHIVE_20260911/tree/home/moloch/jacobian-lens/research/confirmation_2026-09-09/cloud_leases/attempt_06/handoff/accepted/ouro_confirmation_20260911_fixed160_native1/b355a0ea76244df587e8ea2865e40d125ba28eff09d1d8cc9a6f10e2c41aae9e/results/readouts/fit01_samples.pt,f7f21f65590f127c852b427373c6cb12f588b0b199e6d37448e4a6332ec786dc,2,3276810,True,True,/home/moloch/jacobian-lens/research/closeout_2026-09-11/archive/ACCEPTANCE_RECEIPT.json (restoration_from_ssd),referenced only by J-Lens rounds; not a shared cache; not an active source
/home/moloch/jacobian-lens/research/confirmation_2026-09-09/cloud_leases/attempt_06/handoff/accepted/ouro_confirmation_20260911_fixed160_native1/ff7c0769b2b0dbe2e53b120daf7f0729434fe65e54c013288771f5052ffd4cef/results/common/cache.pt,377492133,e78ba9da7a4e4e07db915e73f59e8d431a8019c10d90f8ed9504236b5351e90e,e78ba9da7a4e4e07db915e73f59e8d431a8019c10d90f8ed9504236b5351e90e,/run/media/moloch/ARCH_BACKUP/JLENS_COLD_ARCHIVE_20260911/tree/home/moloch/jacobian-lens/research/confirmation_2026-09-09/cloud_leases/attempt_06/handoff/accepted/ouro_confirmation_20260911_fixed160_native1/ff7c0769b2b0dbe2e53b120daf7f0729434fe65e54c013288771f5052ffd4cef/results/common/cache.pt,e78ba9da7a4e4e07db915e73f59e8d431a8019c10d90f8ed9504236b5351e90e,7,786605,False,True,/home/moloch/jacobian-lens/research/closeout_2026-09-11/archive/ACCEPTANCE_RECEIPT.json (restoration_from_ssd),referenced only by J-Lens rounds; not a shared cache; not an active source
/home/moloch/jacobian-lens/research/confirmation_2026-09-09/cloud_leases/attempt_06/handoff/accepted/ouro_confirmation_20260911_fixed160_native1/ff7c0769b2b0dbe2e53b120daf7f0729434fe65e54c013288771f5052ffd4cef/results/development/native.pt,15337945,95f8a8b19ffd9564b1dcdf4152d98ebdfb8f7f4619dd1481dc2ccc64069c53ff,95f8a8b19ffd9564b1dcdf4152d98ebdfb8f7f4619dd1481dc2ccc64069c53ff,/run/media/moloch/ARCH_BACKUP/JLENS_COLD_ARCHIVE_20260911/tree/home/moloch/jacobian-lens/research/confirmation_2026-09-09/cloud_leases/attempt_06/handoff/accepted/ouro_confirmation_20260911_fixed160_native1/ff7c0769b2b0dbe2e53b120daf7f0729434fe65e54c013288771f5052ffd4cef/results/development/native.pt,95f8a8b19ffd9564b1dcdf4152d98ebdfb8f7f4619dd1481dc2ccc64069c53ff,8,786584,False,True,/home/moloch/jacobian-lens/research/closeout_2026-09-11/archive/ACCEPTANCE_RECEIPT.json (restoration_from_ssd),referenced only by J-Lens rounds; not a shared cache; not an active source
/home/moloch/jacobian-lens/research/confirmation_2026-09-09/cloud_leases/attempt_06/handoff/accepted/ouro_confirmation_20260911_fixed160_native1/ff7c0769b2b0dbe2e53b120daf7f0729434fe65e54c013288771f5052ffd4cef/results/readouts/diagonal_samples.pt,10841289,e03d07bd6657c0e4d2cba3ee23bfc605fed882906e1a88f5cda768dfeaecdaf4,e03d07bd6657c0e4d2cba3ee23bfc605fed882906e1a88f5cda768dfeaecdaf4,/run/media/moloch/ARCH_BACKUP/JLENS_COLD_ARCHIVE_20260911/tree/home/moloch/jacobian-lens/research/confirmation_2026-09-09/cloud_leases/attempt_06/handoff/accepted/ouro_confirmation_20260911_fixed160_native1/ff7c0769b2b0dbe2e53b120daf7f0729434fe65e54c013288771f5052ffd4cef/results/readouts/diagonal_samples.pt,e03d07bd6657c0e4d2cba3ee23bfc605fed882906e1a88f5cda768dfeaecdaf4,2,786654,False,True,/home/moloch/jacobian-lens/research/closeout_2026-09-11/archive/ACCEPTANCE_RECEIPT.json (restoration_from_ssd),referenced only by J-Lens rounds; not a shared cache; not an active source
/home/moloch/jacobian-lens/research/confirmation_2026-09-09/cloud_leases/attempt_06/handoff/accepted/ouro_confirmation_20260911_fixed160_native1/ff7c0769b2b0dbe2e53b120daf7f0729434fe65e54c013288771f5052ffd4cef/results/readouts/fit01_samples.pt,12045513,f7f21f65590f127c852b427373c6cb12f588b0b199e6d37448e4a6332ec786dc,f7f21f65590f127c852b427373c6cb12f588b0b199e6d37448e4a6332ec786dc,/run/media/moloch/ARCH_BACKUP/JLENS_COLD_ARCHIVE_20260911/tree/home/moloch/jacobian-lens/research/confirmation_2026-09-09/cloud_leases/attempt_06/handoff/accepted/ouro_confirmation_20260911_fixed160_native1/ff7c0769b2b0dbe2e53b120daf7f0729434fe65e54c013288771f5052ffd4cef/results/readouts/fit01_samples.pt,f7f21f65590f127c852b427373c6cb12f588b0b199e6d37448e4a6332ec786dc,2,3276810,False,True,/home/moloch/jacobian-lens/research/closeout_2026-09-11/archive/ACCEPTANCE_RECEIPT.json (restoration_from_ssd),referenced only by J-Lens rounds; not a shared cache; not an active source
/home/moloch/jacobian-lens/research/confirmation_2026-09-09/cloud_leases/attempt_06/handoff/accepted/ouro_confirmation_20260911_fixed160_native1/ff7c0769b2b0dbe2e53b120daf7f0729434fe65e54c013288771f5052ffd4cef/results/readouts/fit02_samples.pt,12045513,686d622f05dede2c49f5e107ccf019f26320174aacfaacc971d8aa60c55eab77,686d622f05dede2c49f5e107ccf019f26320174aacfaacc971d8aa60c55eab77,/run/media/moloch/ARCH_BACKUP/JLENS_COLD_ARCHIVE_20260911/tree/home/moloch/jacobian-lens/research/confirmation_2026-09-09/cloud_leases/attempt_06/handoff/accepted/ouro_confirmation_20260911_fixed160_native1/ff7c0769b2b0dbe2e53b120daf7f0729434fe65e54c013288771f5052ffd4cef/results/readouts/fit02_samples.pt,686d622f05dede2c49f5e107ccf019f26320174aacfaacc971d8aa60c55eab77,2,786626,False,True,/home/moloch/jacobian-lens/research/closeout_2026-09-11/archive/ACCEPTANCE_RECEIPT.json (restoration_from_ssd),referenced only by J-Lens rounds; not a shared cache; not an active source
/home/moloch/jacobian-lens/research/confirmation_2026-09-09/cloud_leases/attempt_06/handoff/accepted/ouro_confirmation_20260911_fixed160_native1/ff7c0769b2b0dbe2e53b120daf7f0729434fe65e54c013288771f5052ffd4cef/results/readouts/penultimate_samples.pt,9637065,afe3248a7ad068f1bee3d57ba249a853ced2ffff42fc9ee8468e54f69b2d241f,afe3248a7ad068f1bee3d57ba249a853ced2ffff42fc9ee8468e54f69b2d241f,/run/media/moloch/ARCH_BACKUP/JLENS_COLD_ARCHIVE_20260911/tree/home/moloch/jacobian-lens/research/confirmation_2026-09-09/cloud_leases/attempt_06/handoff/accepted/ouro_confirmation_20260911_fixed160_native1/ff7c0769b2b0dbe2e53b120daf7f0729434fe65e54c013288771f5052ffd4cef/results/readouts/penultimate_samples.pt,afe3248a7ad068f1bee3d57ba249a853ced2ffff42fc9ee8468e54f69b2d241f,2,787494,False,True,/home/moloch/jacobian-lens/research/closeout_2026-09-11/archive/ACCEPTANCE_RECEIPT.json (restoration_from_ssd),referenced only by J-Lens rounds; not a shared cache; not an active source
/home/moloch/jacobian-lens/research/confirmation_2026-09-09/cloud_leases/attempt_06/handoff/accepted/ouro_confirmation_20260911_fixed160_native1/ff7c0769b2b0dbe2e53b120daf7f0729434fe65e54c013288771f5052ffd4cef/results/readouts/raw_samples.pt,12045513,848bdfe7756960182e8ca4e00e184527f804c73ee32f0a14034f17edba6ce9eb,848bdfe7756960182e8ca4e00e184527f804c73ee32f0a14034f17edba6ce9eb,/run/media/moloch/ARCH_BACKUP/JLENS_COLD_ARCHIVE_20260911/tree/home/moloch/jacobian-lens/research/confirmation_2026-09-09/cloud_leases/attempt_06/handoff/accepted/ouro_confirmation_20260911_fixed160_native1/ff7c0769b2b0dbe2e53b120daf7f0729434fe65e54c013288771f5052ffd4cef/results/readouts/raw_samples.pt,848bdfe7756960182e8ca4e00e184527f804c73ee32f0a14034f17edba6ce9eb,2,786607,False,True,/home/moloch/jacobian-lens/research/closeout_2026-09-11/archive/ACCEPTANCE_RECEIPT.json (restoration_from_ssd),referenced only by J-Lens rounds; not a shared cache; not an active source
/home/moloch/jacobian-lens/research/confirmation_2026-09-09/cloud_leases/attempt_06/handoff/accepted/ouro_confirmation_20260911_fixed160_native1/ff7c0769b2b0dbe2e53b120daf7f0729434fe65e54c013288771f5052ffd4cef/results/readouts/sampled_sum_samples.pt,10841289,406dd326d1d2e333b7f95ebce87c8a29fe635e02485425355a33031fa10bb0a5,406dd326d1d2e333b7f95ebce87c8a29fe635e02485425355a33031fa10bb0a5,/run/media/moloch/ARCH_BACKUP/JLENS_COLD_ARCHIVE_20260911/tree/home/moloch/jacobian-lens/research/confirmation_2026-09-09/cloud_leases/attempt_06/handoff/accepted/ouro_confirmation_20260911_fixed160_native1/ff7c0769b2b0dbe2e53b120daf7f0729434fe65e54c013288771f5052ffd4cef/results/readouts/sampled_sum_samples.pt,406dd326d1d2e333b7f95ebce87c8a29fe635e02485425355a33031fa10bb0a5,2,787510,False,True,/home/moloch/jacobian-lens/research/closeout_2026-09-11/archive/ACCEPTANCE_RECEIPT.json (restoration_from_ssd),referenced only by J-Lens rounds; not a shared cache; not an active source
/home/moloch/jacobian-lens/research/confirmation_2026-09-09/cloud_leases/diagnostic_native_logit_v1/handoff/accepted/ouro_native_logit_diagnostic_v1/f9751036b1fa746fc8a37287c755093cde92238ead58347f78869eeb949063e6/results/development/native.pt,15337945,aa6a79bc89a1f959e26e8a3299294c27fc0ef64e7cbe2929dfa1432afd813213,aa6a79bc89a1f959e26e8a3299294c27fc0ef64e7cbe2929dfa1432afd813213,/run/media/moloch/ARCH_BACKUP/JLENS_COLD_ARCHIVE_20260911/tree/home/moloch/jacobian-lens/research/confirmation_2026-09-09/cloud_leases/diagnostic_native_logit_v1/handoff/accepted/ouro_native_logit_diagnostic_v1/f9751036b1fa746fc8a37287c755093cde92238ead58347f78869eeb949063e6/results/development/native.pt,aa6a79bc89a1f959e26e8a3299294c27fc0ef64e7cbe2929dfa1432afd813213,1,786530,True,True,/home/moloch/jacobian-lens/research/closeout_2026-09-11/archive/ACCEPTANCE_RECEIPT.json (restoration_from_ssd),referenced only by J-Lens rounds; not a shared cache; not an active source
/home/moloch/jacobian-lens/research/confirmation_2026-09-09/cloud_leases/diagnostic_native_logit_v1/handoff/accepted/ouro_native_logit_diagnostic_v1/f9751036b1fa746fc8a37287c755093cde92238ead58347f78869eeb949063e6/results/diagnostic/tensors.pt,30970733,f603a41b98109be93f3294c9d0e171cfcfb2bc83b1ce731bbc27615cfdefb0af,f603a41b98109be93f3294c9d0e171cfcfb2bc83b1ce731bbc27615cfdefb0af,/run/media/moloch/ARCH_BACKUP/JLENS_COLD_ARCHIVE_20260911/tree/home/moloch/jacobian-lens/research/confirmation_2026-09-09/cloud_leases/diagnostic_native_logit_v1/handoff/accepted/ouro_native_logit_diagnostic_v1/f9751036b1fa746fc8a37287c755093cde92238ead58347f78869eeb949063e6/results/diagnostic/tensors.pt,f603a41b98109be93f3294c9d0e171cfcfb2bc83b1ce731bbc27615cfdefb0af,1,786532,True,True,/home/moloch/jacobian-lens/research/closeout_2026-09-11/archive/ACCEPTANCE_RECEIPT.json (restoration_from_ssd),referenced only by J-Lens rounds; not a shared cache; not an active source
/home/moloch/jacobian-lens/research/confirmation_2026-09-09/huginn_verification/bundle/prerequisites/controls_evaluation/comparisons/paired_ranks.npz,15440995,968bf3313ed87dee4b3329ab2d875076ff9dbb7da9513d9fae030e8177e371ff,968bf3313ed87dee4b3329ab2d875076ff9dbb7da9513d9fae030e8177e371ff,/run/media/moloch/ARCH_BACKUP/JLENS_COLD_ARCHIVE_20260911/tree/home/moloch/jacobian-lens/research/confirmation_2026-09-09/huginn_verification/bundle/prerequisites/controls_evaluation/comparisons/paired_ranks.npz,968bf3313ed87dee4b3329ab2d875076ff9dbb7da9513d9fae030e8177e371ff,1,404339,True,True,/home/moloch/jacobian-lens/research/closeout_2026-09-11/archive/ACCEPTANCE_RECEIPT.json (restoration_from_ssd),referenced only by J-Lens rounds; not a shared cache; not an active source
/home/moloch/jacobian-lens/research/confirmation_2026-09-09/huginn_verification/resources/contract_probe/prerequisites/controls_evaluation/comparisons/paired_ranks.npz,15440995,968bf3313ed87dee4b3329ab2d875076ff9dbb7da9513d9fae030e8177e371ff,968bf3313ed87dee4b3329ab2d875076ff9dbb7da9513d9fae030e8177e371ff,/run/media/moloch/ARCH_BACKUP/JLENS_COLD_ARCHIVE_20260911/tree/home/moloch/jacobian-lens/research/confirmation_2026-09-09/huginn_verification/resources/contract_probe/prerequisites/controls_evaluation/comparisons/paired_ranks.npz,968bf3313ed87dee4b3329ab2d875076ff9dbb7da9513d9fae030e8177e371ff,1,394399,True,True,/home/moloch/jacobian-lens/research/closeout_2026-09-11/archive/ACCEPTANCE_RECEIPT.json (restoration_from_ssd),referenced only by J-Lens rounds; not a shared cache; not an active source
/home/moloch/jacobian-lens/research/confirmation_2026-09-09/resources/ATTEMPT05_NATIVE_FAILURE_PRESERVED.json,22440180,4e386e5ad3475f5d1a70b2a844316c9927cce88f5606c4a567409b3099cc72f9,4e386e5ad3475f5d1a70b2a844316c9927cce88f5606c4a567409b3099cc72f9,/run/media/moloch/ARCH_BACKUP/JLENS_COLD_ARCHIVE_20260911/tree/home/moloch/jacobian-lens/research/confirmation_2026-09-09/resources/ATTEMPT05_NATIVE_FAILURE_PRESERVED.json,4e386e5ad3475f5d1a70b2a844316c9927cce88f5606c4a567409b3099cc72f9,1,55355980,True,True,/home/moloch/jacobian-lens/research/closeout_2026-09-11/archive/ACCEPTANCE_RECEIPT.json (restoration_from_ssd),referenced only by J-Lens rounds; not a shared cache; not an active source
/home/moloch/jacobian-lens/research/confirmation_2026-09-09/resources/input_chunks/101f31db6aa56d97fbae7ecb3e2f241ef1805000484d0e22f5eba5fc0b9acde8/000000000000.part,67108864,dfb4c129b0c632fa131642a49eed1b4552313f1ca10c14e5efab0ad15e2cab71,dfb4c129b0c632fa131642a49eed1b4552313f1ca10c14e5efab0ad15e2cab71,/run/media/moloch/ARCH_BACKUP/JLENS_COLD_ARCHIVE_20260911/tree/home/moloch/jacobian-lens/research/confirmation_2026-09-09/resources/input_chunks/101f31db6aa56d97fbae7ecb3e2f241ef1805000484d0e22f5eba5fc0b9acde8/000000000000.part,dfb4c129b0c632fa131642a49eed1b4552313f1ca10c14e5efab0ad15e2cab71,1,56919479,True,True,/home/moloch/jacobian-lens/research/closeout_2026-09-11/archive/ACCEPTANCE_RECEIPT.json (restoration_from_ssd),referenced only by J-Lens rounds; not a shared cache; not an active source
/home/moloch/jacobian-lens/research/confirmation_2026-09-09/resources/input_chunks/101f31db6aa56d97fbae7ecb3e2f241ef1805000484d0e22f5eba5fc0b9acde8/000067108864.part,67108864,87c9a5745d23af55e599e07222bc3d53155c604e8423fea3212550ec8ec3567d,87c9a5745d23af55e599e07222bc3d53155c604e8423fea3212550ec8ec3567d,/run/media/moloch/ARCH_BACKUP/JLENS_COLD_ARCHIVE_20260911/tree/home/moloch/jacobian-lens/research/confirmation_2026-09-09/resources/input_chunks/101f31db6aa56d97fbae7ecb3e2f241ef1805000484d0e22f5eba5fc0b9acde8/000067108864.part,87c9a5745d23af55e599e07222bc3d53155c604e8423fea3212550ec8ec3567d,1,56919480,True,True,/home/moloch/jacobian-lens/research/closeout_2026-09-11/archive/ACCEPTANCE_RECEIPT.json (restoration_from_ssd),referenced only by J-Lens rounds; not a shared cache; not an active source
/home/moloch/jacobian-lens/research/confirmation_2026-09-09/resources/input_chunks/101f31db6aa56d97fbae7ecb3e2f241ef1805000484d0e22f5eba5fc0b9acde8/000134217728.part,67108864,622ca1b25732da6b75c4295d86431ebd57d5cfc248dab202997939d342a5d79e,622ca1b25732da6b75c4295d86431ebd57d5cfc248dab202997939d342a5d79e,/run/media/moloch/ARCH_BACKUP/JLENS_COLD_ARCHIVE_20260911/tree/home/moloch/jacobian-lens/research/confirmation_2026-09-09/resources/input_chunks/101f31db6aa56d97fbae7ecb3e2f241ef1805000484d0e22f5eba5fc0b9acde8/000134217728.part,622ca1b25732da6b75c4295d86431ebd57d5cfc248dab202997939d342a5d79e,1,56919481,True,True,/home/moloch/jacobian-lens/research/closeout_2026-09-11/archive/ACCEPTANCE_RECEIPT.json (restoration_from_ssd),referenced only by J-Lens rounds; not a shared cache; not an active source
/home/moloch/jacobian-lens/research/confirmation_2026-09-09/resources/input_chunks/101f31db6aa56d97fbae7ecb3e2f241ef1805000484d0e22f5eba5fc0b9acde8/000201326592.part,67108864,d4e39d585f2b894e30400d7b1e04a6db8e179a0b759c47439006ceb33debffd5,d4e39d585f2b894e30400d7b1e04a6db8e179a0b759c47439006ceb33debffd5,/run/media/moloch/ARCH_BACKUP/JLENS_COLD_ARCHIVE_20260911/tree/home/moloch/jacobian-lens/research/confirmation_2026-09-09/resources/input_chunks/101f31db6aa56d97fbae7ecb3e2f241ef1805000484d0e22f5eba5fc0b9acde8/000201326592.part,d4e39d585f2b894e30400d7b1e04a6db8e179a0b759c47439006ceb33debffd5,1,56919482,True,True,/home/moloch/jacobian-lens/research/closeout_2026-09-11/archive/ACCEPTANCE_RECEIPT.json (restoration_from_ssd),referenced only by J-Lens rounds; not a shared cache; not an active source
/home/moloch/jacobian-lens/research/confirmation_2026-09-09/resources/input_chunks/101f31db6aa56d97fbae7ecb3e2f241ef1805000484d0e22f5eba5fc0b9acde8/000268435456.part,67108864,b6029c6b58d9f8a9181a2f83b99c85bb8a5854ffdd2408e4b2d257aa6084eee4,b6029c6b58d9f8a9181a2f83b99c85bb8a5854ffdd2408e4b2d257aa6084eee4,/run/media/moloch/ARCH_BACKUP/JLENS_COLD_ARCHIVE_20260911/tree/home/moloch/jacobian-lens/research/confirmation_2026-09-09/resources/input_chunks/101f31db6aa56d97fbae7ecb3e2f241ef1805000484d0e22f5eba5fc0b9acde8/000268435456.part,b6029c6b58d9f8a9181a2f83b99c85bb8a5854ffdd2408e4b2d257aa6084eee4,1,56919483,True,True,/home/moloch/jacobian-lens/research/closeout_2026-09-11/archive/ACCEPTANCE_RECEIPT.json (restoration_from_ssd),referenced only by J-Lens rounds; not a shared cache; not an active source
/home/moloch/jacobian-lens/research/confirmation_2026-09-09/resources/input_chunks/101f31db6aa56d97fbae7ecb3e2f241ef1805000484d0e22f5eba5fc0b9acde8/000335544320.part,67108864,da5a3eeb544c18972a0613b52d8e0042e5a8f7458e01217224a3e666d28f7a5c,da5a3eeb544c18972a0613b52d8e0042e5a8f7458e01217224a3e666d28f7a5c,/run/media/moloch/ARCH_BACKUP/JLENS_COLD_ARCHIVE_20260911/tree/home/moloch/jacobian-lens/research/confirmation_2026-09-09/resources/input_chunks/101f31db6aa56d97fbae7ecb3e2f241ef1805000484d0e22f5eba5fc0b9acde8/000335544320.part,da5a3eeb544c18972a0613b52d8e0042e5a8f7458e01217224a3e666d28f7a5c,1,56919484,True,True,/home/moloch/jacobian-lens/research/closeout_2026-09-11/archive/ACCEPTANCE_RECEIPT.json (restoration_from_ssd),referenced only by J-Lens rounds; not a shared cache; not an active source
/home/moloch/jacobian-lens/research/confirmation_2026-09-09/resources/input_chunks/101f31db6aa56d97fbae7ecb3e2f241ef1805000484d0e22f5eba5fc0b9acde8/000402653184.part,67108864,3d3ca2913d09be0836c5851602f5ffd27ed591ed16b19fa4b0f154b1f070035d,3d3ca2913d09be0836c5851602f5ffd27ed591ed16b19fa4b0f154b1f070035d,/run/media/moloch/ARCH_BACKUP/JLENS_COLD_ARCHIVE_20260911/tree/home/moloch/jacobian-lens/research/confirmation_2026-09-09/resources/input_chunks/101f31db6aa56d97fbae7ecb3e2f241ef1805000484d0e22f5eba5fc0b9acde8/000402653184.part,3d3ca2913d09be0836c5851602f5ffd27ed591ed16b19fa4b0f154b1f070035d,1,56919485,True,True,/home/moloch/jacobian-lens/research/closeout_2026-09-11/archive/ACCEPTANCE_RECEIPT.json (restoration_from_ssd),referenced only by J-Lens rounds; not a shared cache; not an active source
/home/moloch/jacobian-lens/research/confirmation_2026-09-09/resources/input_chunks/101f31db6aa56d97fbae7ecb3e2f241ef1805000484d0e22f5eba5fc0b9acde8/000469762048.part,67108864,5646f74e8ad229e7d794a56c3253483cafa01617ebd6605d35e029b49d700d3b,5646f74e8ad229e7d794a56c3253483cafa01617ebd6605d35e029b49d700d3b,/run/media/moloch/ARCH_BACKUP/JLENS_COLD_ARCHIVE_20260911/tree/home/moloch/jacobian-lens/research/confirmation_2026-09-09/resources/input_chunks/101f31db6aa56d97fbae7ecb3e2f241ef1805000484d0e22f5eba5fc0b9acde8/000469762048.part,5646f74e8ad229e7d794a56c3253483cafa01617ebd6605d35e029b49d700d3b,1,56919486,True,True,/home/moloch/jacobian-lens/research/closeout_2026-09-11/archive/ACCEPTANCE_RECEIPT.json (restoration_from_ssd),referenced only by J-Lens rounds; not a shared cache; not an active source
/home/moloch/jacobian-lens/research/confirmation_2026-09-09/resources/input_chunks/101f31db6aa56d97fbae7ecb3e2f241ef1805000484d0e22f5eba5fc0b9acde8/000536870912.part,67108864,f3a99315a80be820390143b9002f190b89d6e83eaca6179e5d01be978431450e,f3a99315a80be820390143b9002f190b89d6e83eaca6179e5d01be978431450e,/run/media/moloch/ARCH_BACKUP/JLENS_COLD_ARCHIVE_20260911/tree/home/moloch/jacobian-lens/research/confirmation_2026-09-09/resources/input_chunks/101f31db6aa56d97fbae7ecb3e2f241ef1805000484d0e22f5eba5fc0b9acde8/000536870912.part,f3a99315a80be820390143b9002f190b89d6e83eaca6179e5d01be978431450e,1,56919487,True,True,/home/moloch/jacobian-lens/research/closeout_2026-09-11/archive/ACCEPTANCE_RECEIPT.json (restoration_from_ssd),referenced only by J-Lens rounds; not a shared cache; not an active source
/home/moloch/jacobian-lens/research/confirmation_2026-09-09/resources/input_chunks/101f31db6aa56d97fbae7ecb3e2f241ef1805000484d0e22f5eba5fc0b9acde8/000603979776.part,67108864,64920ac370a3b7258aee0b9e20710b87f89e842c3473f246e22e3fe302154359,64920ac370a3b7258aee0b9e20710b87f89e842c3473f246e22e3fe302154359,/run/media/moloch/ARCH_BACKUP/JLENS_COLD_ARCHIVE_20260911/tree/home/moloch/jacobian-lens/research/confirmation_2026-09-09/resources/input_chunks/101f31db6aa56d97fbae7ecb3e2f241ef1805000484d0e22f5eba5fc0b9acde8/000603979776.part,64920ac370a3b7258aee0b9e20710b87f89e842c3473f246e22e3fe302154359,1,56919488,True,True,/home/moloch/jacobian-lens/research/closeout_2026-09-11/archive/ACCEPTANCE_RECEIPT.json (restoration_from_ssd),referenced only by J-Lens rounds; not a shared cache; not an active source
/home/moloch/jacobian-lens/research/confirmation_2026-09-09/resources/input_chunks/101f31db6aa56d97fbae7ecb3e2f241ef1805000484d0e22f5eba5fc0b9acde8/000671088640.part,67108864,cfefa92eb267d85fa058e17408bf970aa96dee6d3bffba3eee40b47bb538c34f,cfefa92eb267d85fa058e17408bf970aa96dee6d3bffba3eee40b47bb538c34f,/run/media/moloch/ARCH_BACKUP/JLENS_COLD_ARCHIVE_20260911/tree/home/moloch/jacobian-lens/research/confirmation_2026-09-09/resources/input_chunks/101f31db6aa56d97fbae7ecb3e2f241ef1805000484d0e22f5eba5fc0b9acde8/000671088640.part,cfefa92eb267d85fa058e17408bf970aa96dee6d3bffba3eee40b47bb538c34f,1,56919489,True,True,/home/moloch/jacobian-lens/research/closeout_2026-09-11/archive/ACCEPTANCE_RECEIPT.json (restoration_from_ssd),referenced only by J-Lens rounds; not a shared cache; not an active source
/home/moloch/jacobian-lens/research/confirmation_2026-09-09/resources/input_chunks/101f31db6aa56d97fbae7ecb3e2f241ef1805000484d0e22f5eba5fc0b9acde8/000738197504.part,67108864,44110ebfaf36710cca19e76f6e83040c725e9b7840d92bbd32f1d805321f1487,44110ebfaf36710cca19e76f6e83040c725e9b7840d92bbd32f1d805321f1487,/run/media/moloch/ARCH_BACKUP/JLENS_COLD_ARCHIVE_20260911/tree/home/moloch/jacobian-lens/research/confirmation_2026-09-09/resources/input_chunks/101f31db6aa56d97fbae7ecb3e2f241ef1805000484d0e22f5eba5fc0b9acde8/000738197504.part,44110ebfaf36710cca19e76f6e83040c725e9b7840d92bbd32f1d805321f1487,1,56919490,True,True,/home/moloch/jacobian-lens/research/closeout_2026-09-11/archive/ACCEPTANCE_RECEIPT.json (restoration_from_ssd),referenced only by J-Lens rounds; not a shared cache; not an active source
/home/moloch/jacobian-lens/research/confirmation_2026-09-09/resources/input_chunks/101f31db6aa56d97fbae7ecb3e2f241ef1805000484d0e22f5eba5fc0b9acde8/000805306368.part,67108864,ac2494cffd219e24b3a77d662a39602be14f856be818a903589ddc70c21264d2,ac2494cffd219e24b3a77d662a39602be14f856be818a903589ddc70c21264d2,/run/media/moloch/ARCH_BACKUP/JLENS_COLD_ARCHIVE_20260911/tree/home/moloch/jacobian-lens/research/confirmation_2026-09-09/resources/input_chunks/101f31db6aa56d97fbae7ecb3e2f241ef1805000484d0e22f5eba5fc0b9acde8/000805306368.part,ac2494cffd219e24b3a77d662a39602be14f856be818a903589ddc70c21264d2,1,56919491,True,True,/home/moloch/jacobian-lens/research/closeout_2026-09-11/archive/ACCEPTANCE_RECEIPT.json (restoration_from_ssd),referenced only by J-Lens rounds; not a shared cache; not an active source
/home/moloch/jacobian-lens/research/confirmation_2026-09-09/resources/input_chunks/101f31db6aa56d97fbae7ecb3e2f241ef1805000484d0e22f5eba5fc0b9acde8/000872415232.part,67108864,bec00aa299233ce66c53b7b2b2430f805f56c94d8d439b84bc35f8056a7eccab,bec00aa299233ce66c53b7b2b2430f805f56c94d8d439b84bc35f8056a7eccab,/run/media/moloch/ARCH_BACKUP/JLENS_COLD_ARCHIVE_20260911/tree/home/moloch/jacobian-lens/research/confirmation_2026-09-09/resources/input_chunks/101f31db6aa56d97fbae7ecb3e2f241ef1805000484d0e22f5eba5fc0b9acde8/000872415232.part,bec00aa299233ce66c53b7b2b2430f805f56c94d8d439b84bc35f8056a7eccab,1,56919492,True,True,/home/moloch/jacobian-lens/research/closeout_2026-09-11/archive/ACCEPTANCE_RECEIPT.json (restoration_from_ssd),referenced only by J-Lens rounds; not a shared cache; not an active source
/home/moloch/jacobian-lens/research/confirmation_2026-09-09/resources/input_chunks/101f31db6aa56d97fbae7ecb3e2f241ef1805000484d0e22f5eba5fc0b9acde8/000939524096.part,67108864,69018e4528456f4be9cf95e07a1ca56ee5c002fd238c0aa4516100d9c02706d8,69018e4528456f4be9cf95e07a1ca56ee5c002fd238c0aa4516100d9c02706d8,/run/media/moloch/ARCH_BACKUP/JLENS_COLD_ARCHIVE_20260911/tree/home/moloch/jacobian-lens/research/confirmation_2026-09-09/resources/input_chunks/101f31db6aa56d97fbae7ecb3e2f241ef1805000484d0e22f5eba5fc0b9acde8/000939524096.part,69018e4528456f4be9cf95e07a1ca56ee5c002fd238c0aa4516100d9c02706d8,1,56919493,True,True,/home/moloch/jacobian-lens/research/closeout_2026-09-11/archive/ACCEPTANCE_RECEIPT.json (restoration_from_ssd),referenced only by J-Lens rounds; not a shared cache; not an active source
/home/moloch/jacobian-lens/research/confirmation_2026-09-09/resources/input_chunks/101f31db6aa56d97fbae7ecb3e2f241ef1805000484d0e22f5eba5fc0b9acde8/001006632960.part,67108864,9f9f77bfb2758a8b6a41121e49a53d758bdee5bed52d97a4b000a697179190ea,9f9f77bfb2758a8b6a41121e49a53d758bdee5bed52d97a4b000a697179190ea,/run/media/moloch/ARCH_BACKUP/JLENS_COLD_ARCHIVE_20260911/tree/home/moloch/jacobian-lens/research/confirmation_2026-09-09/resources/input_chunks/101f31db6aa56d97fbae7ecb3e2f241ef1805000484d0e22f5eba5fc0b9acde8/001006632960.part,9f9f77bfb2758a8b6a41121e49a53d758bdee5bed52d97a4b000a697179190ea,1,56919494,True,True,/home/moloch/jacobian-lens/research/closeout_2026-09-11/archive/ACCEPTANCE_RECEIPT.json (restoration_from_ssd),referenced only by J-Lens rounds; not a shared cache; not an active source
/home/moloch/jacobian-lens/research/confirmation_2026-09-09/resources/input_chunks/101f31db6aa56d97fbae7ecb3e2f241ef1805000484d0e22f5eba5fc0b9acde8/001073741824.part,67108864,86e2edfe163364745fed82e0ebb764d8be4350d6a39c168addf51226fc83e267,86e2edfe163364745fed82e0ebb764d8be4350d6a39c168addf51226fc83e267,/run/media/moloch/ARCH_BACKUP/JLENS_COLD_ARCHIVE_20260911/tree/home/moloch/jacobian-lens/research/confirmation_2026-09-09/resources/input_chunks/101f31db6aa56d97fbae7ecb3e2f241ef1805000484d0e22f5eba5fc0b9acde8/001073741824.part,86e2edfe163364745fed82e0ebb764d8be4350d6a39c168addf51226fc83e267,1,56919495,True,True,/home/moloch/jacobian-lens/research/closeout_2026-09-11/archive/ACCEPTANCE_RECEIPT.json (restoration_from_ssd),referenced only by J-Lens rounds; not a shared cache; not an active source
/home/moloch/jacobian-lens/research/confirmation_2026-09-09/resources/input_chunks/101f31db6aa56d97fbae7ecb3e2f241ef1805000484d0e22f5eba5fc0b9acde8/001140850688.part,67108864,ba81253097ec5b41d8b6b5e4fe1e74f2e3eea3de352ff5b91f37721d5e9364fb,ba81253097ec5b41d8b6b5e4fe1e74f2e3eea3de352ff5b91f37721d5e9364fb,/run/media/moloch/ARCH_BACKUP/JLENS_COLD_ARCHIVE_20260911/tree/home/moloch/jacobian-lens/research/confirmation_2026-09-09/resources/input_chunks/101f31db6aa56d97fbae7ecb3e2f241ef1805000484d0e22f5eba5fc0b9acde8/001140850688.part,ba81253097ec5b41d8b6b5e4fe1e74f2e3eea3de352ff5b91f37721d5e9364fb,1,56919496,True,True,/home/moloch/jacobian-lens/research/closeout_2026-09-11/archive/ACCEPTANCE_RECEIPT.json (restoration_from_ssd),referenced only by J-Lens rounds; not a shared cache; not an active source
/home/moloch/jacobian-lens/research/confirmation_2026-09-09/resources/input_chunks/101f31db6aa56d97fbae7ecb3e2f241ef1805000484d0e22f5eba5fc0b9acde8/001207959552.part,67108864,7e7345192cdd8ff8e173b370fe0b397050d6edec343361d095792378fd793ad3,7e7345192cdd8ff8e173b370fe0b397050d6edec343361d095792378fd793ad3,/run/media/moloch/ARCH_BACKUP/JLENS_COLD_ARCHIVE_20260911/tree/home/moloch/jacobian-lens/research/confirmation_2026-09-09/resources/input_chunks/101f31db6aa56d97fbae7ecb3e2f241ef1805000484d0e22f5eba5fc0b9acde8/001207959552.part,7e7345192cdd8ff8e173b370fe0b397050d6edec343361d095792378fd793ad3,1,56919497,True,True,/home/moloch/jacobian-lens/research/closeout_2026-09-11/archive/ACCEPTANCE_RECEIPT.json (restoration_from_ssd),referenced only by J-Lens rounds; not a shared cache; not an active source
/home/moloch/jacobian-lens/research/confirmation_2026-09-09/resources/input_chunks/101f31db6aa56d97fbae7ecb3e2f241ef1805000484d0e22f5eba5fc0b9acde8/001275068416.part,67108864,28669ca0ea91f0c2becf55066b7b6863d1bcaaf7c3b71397424c94ed02b5bd88,28669ca0ea91f0c2becf55066b7b6863d1bcaaf7c3b71397424c94ed02b5bd88,/run/media/moloch/ARCH_BACKUP/JLENS_COLD_ARCHIVE_20260911/tree/home/moloch/jacobian-lens/research/confirmation_2026-09-09/resources/input_chunks/101f31db6aa56d97fbae7ecb3e2f241ef1805000484d0e22f5eba5fc0b9acde8/001275068416.part,28669ca0ea91f0c2becf55066b7b6863d1bcaaf7c3b71397424c94ed02b5bd88,1,56919498,True,True,/home/moloch/jacobian-lens/research/closeout_2026-09-11/archive/ACCEPTANCE_RECEIPT.json (restoration_from_ssd),referenced only by J-Lens rounds; not a shared cache; not an active source
/home/moloch/jacobian-lens/research/confirmation_2026-09-09/resources/input_chunks/101f31db6aa56d97fbae7ecb3e2f241ef1805000484d0e22f5eba5fc0b9acde8/001342177280.part,67108864,e39d684e6182677b2ee6da4479a9f5ef4b13a0aa97587960bdc1b8452a8129a6,e39d684e6182677b2ee6da4479a9f5ef4b13a0aa97587960bdc1b8452a8129a6,/run/media/moloch/ARCH_BACKUP/JLENS_COLD_ARCHIVE_20260911/tree/home/moloch/jacobian-lens/research/confirmation_2026-09-09/resources/input_chunks/101f31db6aa56d97fbae7ecb3e2f241ef1805000484d0e22f5eba5fc0b9acde8/001342177280.part,e39d684e6182677b2ee6da4479a9f5ef4b13a0aa97587960bdc1b8452a8129a6,1,56919499,True,True,/home/moloch/jacobian-lens/research/closeout_2026-09-11/archive/ACCEPTANCE_RECEIPT.json (restoration_from_ssd),referenced only by J-Lens rounds; not a shared cache; not an active source
/home/moloch/jacobian-lens/research/confirmation_2026-09-09/resources/input_chunks/101f31db6aa56d97fbae7ecb3e2f241ef1805000484d0e22f5eba5fc0b9acde8/001409286144.part,67108864,8d3c70e944184edaea12c117b15af25c1161ab4ed0d7a4eef4f97701735e6da5,8d3c70e944184edaea12c117b15af25c1161ab4ed0d7a4eef4f97701735e6da5,/run/media/moloch/ARCH_BACKUP/JLENS_COLD_ARCHIVE_20260911/tree/home/moloch/jacobian-lens/research/confirmation_2026-09-09/resources/input_chunks/101f31db6aa56d97fbae7ecb3e2f241ef1805000484d0e22f5eba5fc0b9acde8/001409286144.part,8d3c70e944184edaea12c117b15af25c1161ab4ed0d7a4eef4f97701735e6da5,1,56919500,True,True,/home/moloch/jacobian-lens/research/closeout_2026-09-11/archive/ACCEPTANCE_RECEIPT.json (restoration_from_ssd),referenced only by J-Lens rounds; not a shared cache; not an active source
/home/moloch/jacobian-lens/research/confirmation_2026-09-09/resources/input_chunks/101f31db6aa56d97fbae7ecb3e2f241ef1805000484d0e22f5eba5fc0b9acde8/001476395008.part,67108864,b505ca0ab5502829cfed76315dc63dedbc90b275f168fe40bf6b8198a25c99bb,b505ca0ab5502829cfed76315dc63dedbc90b275f168fe40bf6b8198a25c99bb,/run/media/moloch/ARCH_BACKUP/JLENS_COLD_ARCHIVE_20260911/tree/home/moloch/jacobian-lens/research/confirmation_2026-09-09/resources/input_chunks/101f31db6aa56d97fbae7ecb3e2f241ef1805000484d0e22f5eba5fc0b9acde8/001476395008.part,b505ca0ab5502829cfed76315dc63dedbc90b275f168fe40bf6b8198a25c99bb,1,56919501,True,True,/home/moloch/jacobian-lens/research/closeout_2026-09-11/archive/ACCEPTANCE_RECEIPT.json (restoration_from_ssd),referenced only by J-Lens rounds; not a shared cache; not an active source
/home/moloch/jacobian-lens/research/confirmation_2026-09-09/resources/input_chunks/101f31db6aa56d97fbae7ecb3e2f241ef1805000484d0e22f5eba5fc0b9acde8/001543503872.part,58772865,9c75a518b694e15658e8a427559ae975035ce3e8c30438c9caa2bacdd4a106c1,9c75a518b694e15658e8a427559ae975035ce3e8c30438c9caa2bacdd4a106c1,/run/media/moloch/ARCH_BACKUP/JLENS_COLD_ARCHIVE_20260911/tree/home/moloch/jacobian-lens/research/confirmation_2026-09-09/resources/input_chunks/101f31db6aa56d97fbae7ecb3e2f241ef1805000484d0e22f5eba5fc0b9acde8/001543503872.part,9c75a518b694e15658e8a427559ae975035ce3e8c30438c9caa2bacdd4a106c1,1,56919502,True,True,/home/moloch/jacobian-lens/research/closeout_2026-09-11/archive/ACCEPTANCE_RECEIPT.json (restoration_from_ssd),referenced only by J-Lens rounds; not a shared cache; not an active source
/home/moloch/jacobian-lens/research/confirmation_2026-09-09/resources/input_chunks/90f01f6afd83512feba4b1c9871052a9ee85de6cb7ab68bdb59d97c7c9d4b52f/000000000000.part,67108864,cfc27d92f1a8c797b635785947c1f964bf1aea69a77418d27bc1348a479eaab4,cfc27d92f1a8c797b635785947c1f964bf1aea69a77418d27bc1348a479eaab4,/run/media/moloch/ARCH_BACKUP/JLENS_COLD_ARCHIVE_20260911/tree/home/moloch/jacobian-lens/research/confirmation_2026-09-09/resources/input_chunks/90f01f6afd83512feba4b1c9871052a9ee85de6cb7ab68bdb59d97c7c9d4b52f/000000000000.part,cfc27d92f1a8c797b635785947c1f964bf1aea69a77418d27bc1348a479eaab4,1,56754824,True,True,/home/moloch/jacobian-lens/research/closeout_2026-09-11/archive/ACCEPTANCE_RECEIPT.json (restoration_from_ssd),referenced only by J-Lens rounds; not a shared cache; not an active source
/home/moloch/jacobian-lens/research/confirmation_2026-09-09/resources/input_chunks/90f01f6afd83512feba4b1c9871052a9ee85de6cb7ab68bdb59d97c7c9d4b52f/000067108864.part,67108864,090cd4e27f827717b5a5ef8092bc258ff93d867dd1521191fc0cdcb526bd5de3,090cd4e27f827717b5a5ef8092bc258ff93d867dd1521191fc0cdcb526bd5de3,/run/media/moloch/ARCH_BACKUP/JLENS_COLD_ARCHIVE_20260911/tree/home/moloch/jacobian-lens/research/confirmation_2026-09-09/resources/input_chunks/90f01f6afd83512feba4b1c9871052a9ee85de6cb7ab68bdb59d97c7c9d4b52f/000067108864.part,090cd4e27f827717b5a5ef8092bc258ff93d867dd1521191fc0cdcb526bd5de3,1,56764273,True,True,/home/moloch/jacobian-lens/research/closeout_2026-09-11/archive/ACCEPTANCE_RECEIPT.json (restoration_from_ssd),referenced only by J-Lens rounds; not a shared cache; not an active source
/home/moloch/jacobian-lens/research/confirmation_2026-09-09/resources/input_chunks/90f01f6afd83512feba4b1c9871052a9ee85de6cb7ab68bdb59d97c7c9d4b52f/000134217728.part,67108864,fba6e4cacbc040cf8a850d35c0b010e29f321442dff630c0c09cbd1946db77bf,fba6e4cacbc040cf8a850d35c0b010e29f321442dff630c0c09cbd1946db77bf,/run/media/moloch/ARCH_BACKUP/JLENS_COLD_ARCHIVE_20260911/tree/home/moloch/jacobian-lens/research/confirmation_2026-09-09/resources/input_chunks/90f01f6afd83512feba4b1c9871052a9ee85de6cb7ab68bdb59d97c7c9d4b52f/000134217728.part,fba6e4cacbc040cf8a850d35c0b010e29f321442dff630c0c09cbd1946db77bf,1,56764278,True,True,/home/moloch/jacobian-lens/research/closeout_2026-09-11/archive/ACCEPTANCE_RECEIPT.json (restoration_from_ssd),referenced only by J-Lens rounds; not a shared cache; not an active source
/home/moloch/jacobian-lens/research/confirmation_2026-09-09/resources/input_chunks/90f01f6afd83512feba4b1c9871052a9ee85de6cb7ab68bdb59d97c7c9d4b52f/000201326592.part,67108864,ac48a647acd97d7eb88a4bebfe14ee5382de74a6adcbbfad94f33702cf05ad05,ac48a647acd97d7eb88a4bebfe14ee5382de74a6adcbbfad94f33702cf05ad05,/run/media/moloch/ARCH_BACKUP/JLENS_COLD_ARCHIVE_20260911/tree/home/moloch/jacobian-lens/research/confirmation_2026-09-09/resources/input_chunks/90f01f6afd83512feba4b1c9871052a9ee85de6cb7ab68bdb59d97c7c9d4b52f/000201326592.part,ac48a647acd97d7eb88a4bebfe14ee5382de74a6adcbbfad94f33702cf05ad05,1,56764279,True,True,/home/moloch/jacobian-lens/research/closeout_2026-09-11/archive/ACCEPTANCE_RECEIPT.json (restoration_from_ssd),referenced only by J-Lens rounds; not a shared cache; not an active source
/home/moloch/jacobian-lens/research/confirmation_2026-09-09/resources/input_chunks/90f01f6afd83512feba4b1c9871052a9ee85de6cb7ab68bdb59d97c7c9d4b52f/000268435456.part,67108864,6027bb678d38b9f6b2b20af3fd4edd41961e413a87bd5df66d6f05f9b5b408b1,6027bb678d38b9f6b2b20af3fd4edd41961e413a87bd5df66d6f05f9b5b408b1,/run/media/moloch/ARCH_BACKUP/JLENS_COLD_ARCHIVE_20260911/tree/home/moloch/jacobian-lens/research/confirmation_2026-09-09/resources/input_chunks/90f01f6afd83512feba4b1c9871052a9ee85de6cb7ab68bdb59d97c7c9d4b52f/000268435456.part,6027bb678d38b9f6b2b20af3fd4edd41961e413a87bd5df66d6f05f9b5b408b1,1,56764561,True,True,/home/moloch/jacobian-lens/research/closeout_2026-09-11/archive/ACCEPTANCE_RECEIPT.json (restoration_from_ssd),referenced only by J-Lens rounds; not a shared cache; not an active source
/home/moloch/jacobian-lens/research/confirmation_2026-09-09/resources/input_chunks/90f01f6afd83512feba4b1c9871052a9ee85de6cb7ab68bdb59d97c7c9d4b52f/000335544320.part,67108864,85310c75a268e2904b544c8ef5b24a6ec1036e3e7728bcef4ae48ef9b9f0fae1,85310c75a268e2904b544c8ef5b24a6ec1036e3e7728bcef4ae48ef9b9f0fae1,/run/media/moloch/ARCH_BACKUP/JLENS_COLD_ARCHIVE_20260911/tree/home/moloch/jacobian-lens/research/confirmation_2026-09-09/resources/input_chunks/90f01f6afd83512feba4b1c9871052a9ee85de6cb7ab68bdb59d97c7c9d4b52f/000335544320.part,85310c75a268e2904b544c8ef5b24a6ec1036e3e7728bcef4ae48ef9b9f0fae1,1,56792339,True,True,/home/moloch/jacobian-lens/research/closeout_2026-09-11/archive/ACCEPTANCE_RECEIPT.json (restoration_from_ssd),referenced only by J-Lens rounds; not a shared cache; not an active source
/home/moloch/jacobian-lens/research/confirmation_2026-09-09/resources/input_chunks/90f01f6afd83512feba4b1c9871052a9ee85de6cb7ab68bdb59d97c7c9d4b52f/000402653184.part,67108864,e3cd0d7a483073b0f39f223e087a98e753220900e7e1fde132f2e58fe3c1a7cf,e3cd0d7a483073b0f39f223e087a98e753220900e7e1fde132f2e58fe3c1a7cf,/run/media/moloch/ARCH_BACKUP/JLENS_COLD_ARCHIVE_20260911/tree/home/moloch/jacobian-lens/research/confirmation_2026-09-09/resources/input_chunks/90f01f6afd83512feba4b1c9871052a9ee85de6cb7ab68bdb59d97c7c9d4b52f/000402653184.part,e3cd0d7a483073b0f39f223e087a98e753220900e7e1fde132f2e58fe3c1a7cf,1,56792340,True,True,/home/moloch/jacobian-lens/research/closeout_2026-09-11/archive/ACCEPTANCE_RECEIPT.json (restoration_from_ssd),referenced only by J-Lens rounds; not a shared cache; not an active source
/home/moloch/jacobian-lens/research/confirmation_2026-09-09/resources/input_chunks/90f01f6afd83512feba4b1c9871052a9ee85de6cb7ab68bdb59d97c7c9d4b52f/000469762048.part,67108864,65cfc3c17c96911449b2bbcce3efe0f5e6db4f7eca7b8ea605319526a5537eae,65cfc3c17c96911449b2bbcce3efe0f5e6db4f7eca7b8ea605319526a5537eae,/run/media/moloch/ARCH_BACKUP/JLENS_COLD_ARCHIVE_20260911/tree/home/moloch/jacobian-lens/research/confirmation_2026-09-09/resources/input_chunks/90f01f6afd83512feba4b1c9871052a9ee85de6cb7ab68bdb59d97c7c9d4b52f/000469762048.part,65cfc3c17c96911449b2bbcce3efe0f5e6db4f7eca7b8ea605319526a5537eae,1,56792819,True,True,/home/moloch/jacobian-lens/research/closeout_2026-09-11/archive/ACCEPTANCE_RECEIPT.json (restoration_from_ssd),referenced only by J-Lens rounds; not a shared cache; not an active source
/home/moloch/jacobian-lens/research/confirmation_2026-09-09/resources/input_chunks/90f01f6afd83512feba4b1c9871052a9ee85de6cb7ab68bdb59d97c7c9d4b52f/000536870912.part,67108864,e9a8d9966e4e74fa4c7b71293822ea10e927c32974d47300a5d0a17ce0838bb4,e9a8d9966e4e74fa4c7b71293822ea10e927c32974d47300a5d0a17ce0838bb4,/run/media/moloch/ARCH_BACKUP/JLENS_COLD_ARCHIVE_20260911/tree/home/moloch/jacobian-lens/research/confirmation_2026-09-09/resources/input_chunks/90f01f6afd83512feba4b1c9871052a9ee85de6cb7ab68bdb59d97c7c9d4b52f/000536870912.part,e9a8d9966e4e74fa4c7b71293822ea10e927c32974d47300a5d0a17ce0838bb4,1,56792820,True,True,/home/moloch/jacobian-lens/research/closeout_2026-09-11/archive/ACCEPTANCE_RECEIPT.json (restoration_from_ssd),referenced only by J-Lens rounds; not a shared cache; not an active source
/home/moloch/jacobian-lens/research/confirmation_2026-09-09/resources/input_chunks/90f01f6afd83512feba4b1c9871052a9ee85de6cb7ab68bdb59d97c7c9d4b52f/000603979776.part,67108864,f67d1eeeec3a40c96323e16d2a3a05a47efef48d8c19705f1086cb5514d0e799,f67d1eeeec3a40c96323e16d2a3a05a47efef48d8c19705f1086cb5514d0e799,/run/media/moloch/ARCH_BACKUP/JLENS_COLD_ARCHIVE_20260911/tree/home/moloch/jacobian-lens/research/confirmation_2026-09-09/resources/input_chunks/90f01f6afd83512feba4b1c9871052a9ee85de6cb7ab68bdb59d97c7c9d4b52f/000603979776.part,f67d1eeeec3a40c96323e16d2a3a05a47efef48d8c19705f1086cb5514d0e799,1,56792821,True,True,/home/moloch/jacobian-lens/research/closeout_2026-09-11/archive/ACCEPTANCE_RECEIPT.json (restoration_from_ssd),referenced only by J-Lens rounds; not a shared cache; not an active source
/home/moloch/jacobian-lens/research/confirmation_2026-09-09/resources/input_chunks/90f01f6afd83512feba4b1c9871052a9ee85de6cb7ab68bdb59d97c7c9d4b52f/000671088640.part,67108864,5ac07b59b56272310cc918cd596cb36cd65ac724d10404dd4b27ede609180b33,5ac07b59b56272310cc918cd596cb36cd65ac724d10404dd4b27ede609180b33,/run/media/moloch/ARCH_BACKUP/JLENS_COLD_ARCHIVE_20260911/tree/home/moloch/jacobian-lens/research/confirmation_2026-09-09/resources/input_chunks/90f01f6afd83512feba4b1c9871052a9ee85de6cb7ab68bdb59d97c7c9d4b52f/000671088640.part,5ac07b59b56272310cc918cd596cb36cd65ac724d10404dd4b27ede609180b33,1,56792822,True,True,/home/moloch/jacobian-lens/research/closeout_2026-09-11/archive/ACCEPTANCE_RECEIPT.json (restoration_from_ssd),referenced only by J-Lens rounds; not a shared cache; not an active source
/home/moloch/jacobian-lens/research/confirmation_2026-09-09/resources/input_chunks/90f01f6afd83512feba4b1c9871052a9ee85de6cb7ab68bdb59d97c7c9d4b52f/000738197504.part,67108864,ced42ed7f96ea45e66f98a1e52fa3e3a798f58d32257c45d982d6251a1675bbe,ced42ed7f96ea45e66f98a1e52fa3e3a798f58d32257c45d982d6251a1675bbe,/run/media/moloch/ARCH_BACKUP/JLENS_COLD_ARCHIVE_20260911/tree/home/moloch/jacobian-lens/research/confirmation_2026-09-09/resources/input_chunks/90f01f6afd83512feba4b1c9871052a9ee85de6cb7ab68bdb59d97c7c9d4b52f/000738197504.part,ced42ed7f96ea45e66f98a1e52fa3e3a798f58d32257c45d982d6251a1675bbe,1,56792823,True,True,/home/moloch/jacobian-lens/research/closeout_2026-09-11/archive/ACCEPTANCE_RECEIPT.json (restoration_from_ssd),referenced only by J-Lens rounds; not a shared cache; not an active source
/home/moloch/jacobian-lens/research/confirmation_2026-09-09/resources/input_chunks/90f01f6afd83512feba4b1c9871052a9ee85de6cb7ab68bdb59d97c7c9d4b52f/000805306368.part,67108864,78092cd5fdcd7136b68cc33628484f7608819330d50932075bae1a1919f389a8,78092cd5fdcd7136b68cc33628484f7608819330d50932075bae1a1919f389a8,/run/media/moloch/ARCH_BACKUP/JLENS_COLD_ARCHIVE_20260911/tree/home/moloch/jacobian-lens/research/confirmation_2026-09-09/resources/input_chunks/90f01f6afd83512feba4b1c9871052a9ee85de6cb7ab68bdb59d97c7c9d4b52f/000805306368.part,78092cd5fdcd7136b68cc33628484f7608819330d50932075bae1a1919f389a8,1,56792824,True,True,/home/moloch/jacobian-lens/research/closeout_2026-09-11/archive/ACCEPTANCE_RECEIPT.json (restoration_from_ssd),referenced only by J-Lens rounds; not a shared cache; not an active source
/home/moloch/jacobian-lens/research/confirmation_2026-09-09/resources/input_chunks/90f01f6afd83512feba4b1c9871052a9ee85de6cb7ab68bdb59d97c7c9d4b52f/000872415232.part,67108864,510a60a118aa3fbd320d76364c3e607dc21c453bf276cd0871f7ab00006537d1,510a60a118aa3fbd320d76364c3e607dc21c453bf276cd0871f7ab00006537d1,/run/media/moloch/ARCH_BACKUP/JLENS_COLD_ARCHIVE_20260911/tree/home/moloch/jacobian-lens/research/confirmation_2026-09-09/resources/input_chunks/90f01f6afd83512feba4b1c9871052a9ee85de6cb7ab68bdb59d97c7c9d4b52f/000872415232.part,510a60a118aa3fbd320d76364c3e607dc21c453bf276cd0871f7ab00006537d1,1,56792825,True,True,/home/moloch/jacobian-lens/research/closeout_2026-09-11/archive/ACCEPTANCE_RECEIPT.json (restoration_from_ssd),referenced only by J-Lens rounds; not a shared cache; not an active source
/home/moloch/jacobian-lens/research/confirmation_2026-09-09/resources/input_chunks/90f01f6afd83512feba4b1c9871052a9ee85de6cb7ab68bdb59d97c7c9d4b52f/000939524096.part,67108864,423214d8b19dd4381843c02b8c271239274fb54ec2f524f7eb0f000bef03b509,423214d8b19dd4381843c02b8c271239274fb54ec2f524f7eb0f000bef03b509,/run/media/moloch/ARCH_BACKUP/JLENS_COLD_ARCHIVE_20260911/tree/home/moloch/jacobian-lens/research/confirmation_2026-09-09/resources/input_chunks/90f01f6afd83512feba4b1c9871052a9ee85de6cb7ab68bdb59d97c7c9d4b52f/000939524096.part,423214d8b19dd4381843c02b8c271239274fb54ec2f524f7eb0f000bef03b509,1,56792826,True,True,/home/moloch/jacobian-lens/research/closeout_2026-09-11/archive/ACCEPTANCE_RECEIPT.json (restoration_from_ssd),referenced only by J-Lens rounds; not a shared cache; not an active source
/home/moloch/jacobian-lens/research/confirmation_2026-09-09/resources/input_chunks/90f01f6afd83512feba4b1c9871052a9ee85de6cb7ab68bdb59d97c7c9d4b52f/001006632960.part,67108864,cf903dffda19a3a3a32d97918e63bf261acfddfba6d0a276c7602cd420d9dbba,cf903dffda19a3a3a32d97918e63bf261acfddfba6d0a276c7602cd420d9dbba,/run/media/moloch/ARCH_BACKUP/JLENS_COLD_ARCHIVE_20260911/tree/home/moloch/jacobian-lens/research/confirmation_2026-09-09/resources/input_chunks/90f01f6afd83512feba4b1c9871052a9ee85de6cb7ab68bdb59d97c7c9d4b52f/001006632960.part,cf903dffda19a3a3a32d97918e63bf261acfddfba6d0a276c7602cd420d9dbba,1,56792827,True,True,/home/moloch/jacobian-lens/research/closeout_2026-09-11/archive/ACCEPTANCE_RECEIPT.json (restoration_from_ssd),referenced only by J-Lens rounds; not a shared cache; not an active source
/home/moloch/jacobian-lens/research/confirmation_2026-09-09/resources/input_chunks/90f01f6afd83512feba4b1c9871052a9ee85de6cb7ab68bdb59d97c7c9d4b52f/001073741824.part,67108864,20544815772237abbaf8ce24b41f9e965b4668c863c29b6bb59b5837adf2441b,20544815772237abbaf8ce24b41f9e965b4668c863c29b6bb59b5837adf2441b,/run/media/moloch/ARCH_BACKUP/JLENS_COLD_ARCHIVE_20260911/tree/home/moloch/jacobian-lens/research/confirmation_2026-09-09/resources/input_chunks/90f01f6afd83512feba4b1c9871052a9ee85de6cb7ab68bdb59d97c7c9d4b52f/001073741824.part,20544815772237abbaf8ce24b41f9e965b4668c863c29b6bb59b5837adf2441b,1,56792828,True,True,/home/moloch/jacobian-lens/research/closeout_2026-09-11/archive/ACCEPTANCE_RECEIPT.json (restoration_from_ssd),referenced only by J-Lens rounds; not a shared cache; not an active source
/home/moloch/jacobian-lens/research/confirmation_2026-09-09/resources/input_chunks/90f01f6afd83512feba4b1c9871052a9ee85de6cb7ab68bdb59d97c7c9d4b52f/001140850688.part,67108864,a42a226805d7680e472dba005272b510c123cbe96f65178dcf309dfd8e8cf396,a42a226805d7680e472dba005272b510c123cbe96f65178dcf309dfd8e8cf396,/run/media/moloch/ARCH_BACKUP/JLENS_COLD_ARCHIVE_20260911/tree/home/moloch/jacobian-lens/research/confirmation_2026-09-09/resources/input_chunks/90f01f6afd83512feba4b1c9871052a9ee85de6cb7ab68bdb59d97c7c9d4b52f/001140850688.part,a42a226805d7680e472dba005272b510c123cbe96f65178dcf309dfd8e8cf396,1,56792829,True,True,/home/moloch/jacobian-lens/research/closeout_2026-09-11/archive/ACCEPTANCE_RECEIPT.json (restoration_from_ssd),referenced only by J-Lens rounds; not a shared cache; not an active source
/home/moloch/jacobian-lens/research/confirmation_2026-09-09/resources/input_chunks/90f01f6afd83512feba4b1c9871052a9ee85de6cb7ab68bdb59d97c7c9d4b52f/001207959552.part,67108864,5c9bbcf81209c21328af43cd78b38d854754eed7693e6f8c9159a8894a45f17b,5c9bbcf81209c21328af43cd78b38d854754eed7693e6f8c9159a8894a45f17b,/run/media/moloch/ARCH_BACKUP/JLENS_COLD_ARCHIVE_20260911/tree/home/moloch/jacobian-lens/research/confirmation_2026-09-09/resources/input_chunks/90f01f6afd83512feba4b1c9871052a9ee85de6cb7ab68bdb59d97c7c9d4b52f/001207959552.part,5c9bbcf81209c21328af43cd78b38d854754eed7693e6f8c9159a8894a45f17b,1,56792830,True,True,/home/moloch/jacobian-lens/research/closeout_2026-09-11/archive/ACCEPTANCE_RECEIPT.json (restoration_from_ssd),referenced only by J-Lens rounds; not a shared cache; not an active source
/home/moloch/jacobian-lens/research/confirmation_2026-09-09/resources/input_chunks/90f01f6afd83512feba4b1c9871052a9ee85de6cb7ab68bdb59d97c7c9d4b52f/001275068416.part,67108864,bfebb67d6a193c28df0bc6433525870b6c70df5632ba8219dcee69c649b82a91,bfebb67d6a193c28df0bc6433525870b6c70df5632ba8219dcee69c649b82a91,/run/media/moloch/ARCH_BACKUP/JLENS_COLD_ARCHIVE_20260911/tree/home/moloch/jacobian-lens/research/confirmation_2026-09-09/resources/input_chunks/90f01f6afd83512feba4b1c9871052a9ee85de6cb7ab68bdb59d97c7c9d4b52f/001275068416.part,bfebb67d6a193c28df0bc6433525870b6c70df5632ba8219dcee69c649b82a91,1,56792831,True,True,/home/moloch/jacobian-lens/research/closeout_2026-09-11/archive/ACCEPTANCE_RECEIPT.json (restoration_from_ssd),referenced only by J-Lens rounds; not a shared cache; not an active source
/home/moloch/jacobian-lens/research/confirmation_2026-09-09/resources/input_chunks/90f01f6afd83512feba4b1c9871052a9ee85de6cb7ab68bdb59d97c7c9d4b52f/001342177280.part,67108864,4d43a0567617a5bce236dd4d4802960a50440d9bb3864284731b7aeccea9730a,4d43a0567617a5bce236dd4d4802960a50440d9bb3864284731b7aeccea9730a,/run/media/moloch/ARCH_BACKUP/JLENS_COLD_ARCHIVE_20260911/tree/home/moloch/jacobian-lens/research/confirmation_2026-09-09/resources/input_chunks/90f01f6afd83512feba4b1c9871052a9ee85de6cb7ab68bdb59d97c7c9d4b52f/001342177280.part,4d43a0567617a5bce236dd4d4802960a50440d9bb3864284731b7aeccea9730a,1,56792832,True,True,/home/moloch/jacobian-lens/research/closeout_2026-09-11/archive/ACCEPTANCE_RECEIPT.json (restoration_from_ssd),referenced only by J-Lens rounds; not a shared cache; not an active source
/home/moloch/jacobian-lens/research/confirmation_2026-09-09/resources/input_chunks/90f01f6afd83512feba4b1c9871052a9ee85de6cb7ab68bdb59d97c7c9d4b52f/001409286144.part,67108864,2599da7582d20a60649fa94c928846f22bba46d1215eb883a165620fe5d33036,2599da7582d20a60649fa94c928846f22bba46d1215eb883a165620fe5d33036,/run/media/moloch/ARCH_BACKUP/JLENS_COLD_ARCHIVE_20260911/tree/home/moloch/jacobian-lens/research/confirmation_2026-09-09/resources/input_chunks/90f01f6afd83512feba4b1c9871052a9ee85de6cb7ab68bdb59d97c7c9d4b52f/001409286144.part,2599da7582d20a60649fa94c928846f22bba46d1215eb883a165620fe5d33036,1,56792833,True,True,/home/moloch/jacobian-lens/research/closeout_2026-09-11/archive/ACCEPTANCE_RECEIPT.json (restoration_from_ssd),referenced only by J-Lens rounds; not a shared cache; not an active source
/home/moloch/jacobian-lens/research/confirmation_2026-09-09/resources/input_chunks/90f01f6afd83512feba4b1c9871052a9ee85de6cb7ab68bdb59d97c7c9d4b52f/001476395008.part,67108864,5c78aed50dc6a4a3597ce4d2b3f8487ba3a2b4d799e14bb615240449cdc79b89,5c78aed50dc6a4a3597ce4d2b3f8487ba3a2b4d799e14bb615240449cdc79b89,/run/media/moloch/ARCH_BACKUP/JLENS_COLD_ARCHIVE_20260911/tree/home/moloch/jacobian-lens/research/confirmation_2026-09-09/resources/input_chunks/90f01f6afd83512feba4b1c9871052a9ee85de6cb7ab68bdb59d97c7c9d4b52f/001476395008.part,5c78aed50dc6a4a3597ce4d2b3f8487ba3a2b4d799e14bb615240449cdc79b89,1,56792834,True,True,/home/moloch/jacobian-lens/research/closeout_2026-09-11/archive/ACCEPTANCE_RECEIPT.json (restoration_from_ssd),referenced only by J-Lens rounds; not a shared cache; not an active source
/home/moloch/jacobian-lens/research/confirmation_2026-09-09/resources/input_chunks/90f01f6afd83512feba4b1c9871052a9ee85de6cb7ab68bdb59d97c7c9d4b52f/001543503872.part,58772865,3d5b77ca5dfdce0e00db776bbdcdf9fa06c19afab33bca160abc455d8a88bfd2,3d5b77ca5dfdce0e00db776bbdcdf9fa06c19afab33bca160abc455d8a88bfd2,/run/media/moloch/ARCH_BACKUP/JLENS_COLD_ARCHIVE_20260911/tree/home/moloch/jacobian-lens/research/confirmation_2026-09-09/resources/input_chunks/90f01f6afd83512feba4b1c9871052a9ee85de6cb7ab68bdb59d97c7c9d4b52f/001543503872.part,3d5b77ca5dfdce0e00db776bbdcdf9fa06c19afab33bca160abc455d8a88bfd2,1,56792835,True,True,/home/moloch/jacobian-lens/research/closeout_2026-09-11/archive/ACCEPTANCE_RECEIPT.json (restoration_from_ssd),referenced only by J-Lens rounds; not a shared cache; not an active source
/home/moloch/jacobian-lens/research/confirmation_2026-09-09/resources/input_chunks/b8e8b7d2d3f40030799395dee9e8376fe1fa0bf09f278319d31a0dff4efe6775/000000000000.part,67108864,3c197e6563f98782f1ed080637d22f297bc0d6511708fcb23d3ee649c8622db8,3c197e6563f98782f1ed080637d22f297bc0d6511708fcb23d3ee649c8622db8,/run/media/moloch/ARCH_BACKUP/JLENS_COLD_ARCHIVE_20260911/tree/home/moloch/jacobian-lens/research/confirmation_2026-09-09/resources/input_chunks/b8e8b7d2d3f40030799395dee9e8376fe1fa0bf09f278319d31a0dff4efe6775/000000000000.part,3c197e6563f98782f1ed080637d22f297bc0d6511708fcb23d3ee649c8622db8,1,56360969,True,True,/home/moloch/jacobian-lens/research/closeout_2026-09-11/archive/ACCEPTANCE_RECEIPT.json (restoration_from_ssd),referenced only by J-Lens rounds; not a shared cache; not an active source
/home/moloch/jacobian-lens/research/confirmation_2026-09-09/resources/input_chunks/b8e8b7d2d3f40030799395dee9e8376fe1fa0bf09f278319d31a0dff4efe6775/000067108864.part,67108864,b80402e18af260559e8cfce25cf7a209035e889c1ac6110aa413384959cc09c8,b80402e18af260559e8cfce25cf7a209035e889c1ac6110aa413384959cc09c8,/run/media/moloch/ARCH_BACKUP/JLENS_COLD_ARCHIVE_20260911/tree/home/moloch/jacobian-lens/research/confirmation_2026-09-09/resources/input_chunks/b8e8b7d2d3f40030799395dee9e8376fe1fa0bf09f278319d31a0dff4efe6775/000067108864.part,b80402e18af260559e8cfce25cf7a209035e889c1ac6110aa413384959cc09c8,1,56404413,True,True,/home/moloch/jacobian-lens/research/closeout_2026-09-11/archive/ACCEPTANCE_RECEIPT.json (restoration_from_ssd),referenced only by J-Lens rounds; not a shared cache; not an active source
/home/moloch/jacobian-lens/research/confirmation_2026-09-09/resources/input_chunks/b8e8b7d2d3f40030799395dee9e8376fe1fa0bf09f278319d31a0dff4efe6775/000134217728.part,67108864,0d6d78abe8e243aeb1377347c210a40d2f7446d80a8d5d967af4dda47ba73ffd,0d6d78abe8e243aeb1377347c210a40d2f7446d80a8d5d967af4dda47ba73ffd,/run/media/moloch/ARCH_BACKUP/JLENS_COLD_ARCHIVE_20260911/tree/home/moloch/jacobian-lens/research/confirmation_2026-09-09/resources/input_chunks/b8e8b7d2d3f40030799395dee9e8376fe1fa0bf09f278319d31a0dff4efe6775/000134217728.part,0d6d78abe8e243aeb1377347c210a40d2f7446d80a8d5d967af4dda47ba73ffd,1,56404414,True,True,/home/moloch/jacobian-lens/research/closeout_2026-09-11/archive/ACCEPTANCE_RECEIPT.json (restoration_from_ssd),referenced only by J-Lens rounds; not a shared cache; not an active source
/home/moloch/jacobian-lens/research/confirmation_2026-09-09/resources/input_chunks/b8e8b7d2d3f40030799395dee9e8376fe1fa0bf09f278319d31a0dff4efe6775/000201326592.part,67108864,df4772e181bc1e2e95bc17b76acb248e45223bf6da97f9b1a8a979d2f4e20aec,df4772e181bc1e2e95bc17b76acb248e45223bf6da97f9b1a8a979d2f4e20aec,/run/media/moloch/ARCH_BACKUP/JLENS_COLD_ARCHIVE_20260911/tree/home/moloch/jacobian-lens/research/confirmation_2026-09-09/resources/input_chunks/b8e8b7d2d3f40030799395dee9e8376fe1fa0bf09f278319d31a0dff4efe6775/000201326592.part,df4772e181bc1e2e95bc17b76acb248e45223bf6da97f9b1a8a979d2f4e20aec,1,56404415,True,True,/home/moloch/jacobian-lens/research/closeout_2026-09-11/archive/ACCEPTANCE_RECEIPT.json (restoration_from_ssd),referenced only by J-Lens rounds; not a shared cache; not an active source
/home/moloch/jacobian-lens/research/confirmation_2026-09-09/resources/input_chunks/b8e8b7d2d3f40030799395dee9e8376fe1fa0bf09f278319d31a0dff4efe6775/000268435456.part,67108864,7487aea5d4c7d2b4bdc8f779011e1ebecada0fecd015e0430d41bfc21c92539c,7487aea5d4c7d2b4bdc8f779011e1ebecada0fecd015e0430d41bfc21c92539c,/run/media/moloch/ARCH_BACKUP/JLENS_COLD_ARCHIVE_20260911/tree/home/moloch/jacobian-lens/research/confirmation_2026-09-09/resources/input_chunks/b8e8b7d2d3f40030799395dee9e8376fe1fa0bf09f278319d31a0dff4efe6775/000268435456.part,7487aea5d4c7d2b4bdc8f779011e1ebecada0fecd015e0430d41bfc21c92539c,1,56404416,True,True,/home/moloch/jacobian-lens/research/closeout_2026-09-11/archive/ACCEPTANCE_RECEIPT.json (restoration_from_ssd),referenced only by J-Lens rounds; not a shared cache; not an active source
/home/moloch/jacobian-lens/research/confirmation_2026-09-09/resources/input_chunks/b8e8b7d2d3f40030799395dee9e8376fe1fa0bf09f278319d31a0dff4efe6775/000335544320.part,67108864,fe372034ab2aff59d068b5cb2785b776e8f01b84bf9e5bb6aef0c7da6a12c9f2,fe372034ab2aff59d068b5cb2785b776e8f01b84bf9e5bb6aef0c7da6a12c9f2,/run/media/moloch/ARCH_BACKUP/JLENS_COLD_ARCHIVE_20260911/tree/home/moloch/jacobian-lens/research/confirmation_2026-09-09/resources/input_chunks/b8e8b7d2d3f40030799395dee9e8376fe1fa0bf09f278319d31a0dff4efe6775/000335544320.part,fe372034ab2aff59d068b5cb2785b776e8f01b84bf9e5bb6aef0c7da6a12c9f2,1,56404417,True,True,/home/moloch/jacobian-lens/research/closeout_2026-09-11/archive/ACCEPTANCE_RECEIPT.json (restoration_from_ssd),referenced only by J-Lens rounds; not a shared cache; not an active source
/home/moloch/jacobian-lens/research/confirmation_2026-09-09/resources/input_chunks/b8e8b7d2d3f40030799395dee9e8376fe1fa0bf09f278319d31a0dff4efe6775/000402653184.part,67108864,10658d57d589ac0c095a1752bac6dce8f766596a4e3148332127f850a958df44,10658d57d589ac0c095a1752bac6dce8f766596a4e3148332127f850a958df44,/run/media/moloch/ARCH_BACKUP/JLENS_COLD_ARCHIVE_20260911/tree/home/moloch/jacobian-lens/research/confirmation_2026-09-09/resources/input_chunks/b8e8b7d2d3f40030799395dee9e8376fe1fa0bf09f278319d31a0dff4efe6775/000402653184.part,10658d57d589ac0c095a1752bac6dce8f766596a4e3148332127f850a958df44,1,56404418,True,True,/home/moloch/jacobian-lens/research/closeout_2026-09-11/archive/ACCEPTANCE_RECEIPT.json (restoration_from_ssd),referenced only by J-Lens rounds; not a shared cache; not an active source
/home/moloch/jacobian-lens/research/confirmation_2026-09-09/resources/input_chunks/b8e8b7d2d3f40030799395dee9e8376fe1fa0bf09f278319d31a0dff4efe6775/000469762048.part,67108864,75d103efe9e7cfefe803a20bb35ce37d05e169debdfd222037d282354abb3d57,75d103efe9e7cfefe803a20bb35ce37d05e169debdfd222037d282354abb3d57,/run/media/moloch/ARCH_BACKUP/JLENS_COLD_ARCHIVE_20260911/tree/home/moloch/jacobian-lens/research/confirmation_2026-09-09/resources/input_chunks/b8e8b7d2d3f40030799395dee9e8376fe1fa0bf09f278319d31a0dff4efe6775/000469762048.part,75d103efe9e7cfefe803a20bb35ce37d05e169debdfd222037d282354abb3d57,1,56404419,True,True,/home/moloch/jacobian-lens/research/closeout_2026-09-11/archive/ACCEPTANCE_RECEIPT.json (restoration_from_ssd),referenced only by J-Lens rounds; not a shared cache; not an active source
/home/moloch/jacobian-lens/research/confirmation_2026-09-09/resources/input_chunks/b8e8b7d2d3f40030799395dee9e8376fe1fa0bf09f278319d31a0dff4efe6775/000536870912.part,67108864,2c9c32949a8c525e287f09207f1a7ee77491075ba059ce640636400ee434244e,2c9c32949a8c525e287f09207f1a7ee77491075ba059ce640636400ee434244e,/run/media/moloch/ARCH_BACKUP/JLENS_COLD_ARCHIVE_20260911/tree/home/moloch/jacobian-lens/research/confirmation_2026-09-09/resources/input_chunks/b8e8b7d2d3f40030799395dee9e8376fe1fa0bf09f278319d31a0dff4efe6775/000536870912.part,2c9c32949a8c525e287f09207f1a7ee77491075ba059ce640636400ee434244e,1,56404420,True,True,/home/moloch/jacobian-lens/research/closeout_2026-09-11/archive/ACCEPTANCE_RECEIPT.json (restoration_from_ssd),referenced only by J-Lens rounds; not a shared cache; not an active source
/home/moloch/jacobian-lens/research/confirmation_2026-09-09/resources/input_chunks/b8e8b7d2d3f40030799395dee9e8376fe1fa0bf09f278319d31a0dff4efe6775/000603979776.part,67108864,3827d55bf00906e4e9ede4b429fe924616279b3ab312a54fa02b4028a21cfdf3,3827d55bf00906e4e9ede4b429fe924616279b3ab312a54fa02b4028a21cfdf3,/run/media/moloch/ARCH_BACKUP/JLENS_COLD_ARCHIVE_20260911/tree/home/moloch/jacobian-lens/research/confirmation_2026-09-09/resources/input_chunks/b8e8b7d2d3f40030799395dee9e8376fe1fa0bf09f278319d31a0dff4efe6775/000603979776.part,3827d55bf00906e4e9ede4b429fe924616279b3ab312a54fa02b4028a21cfdf3,1,56404421,True,True,/home/moloch/jacobian-lens/research/closeout_2026-09-11/archive/ACCEPTANCE_RECEIPT.json (restoration_from_ssd),referenced only by J-Lens rounds; not a shared cache; not an active source
/home/moloch/jacobian-lens/research/confirmation_2026-09-09/resources/input_chunks/b8e8b7d2d3f40030799395dee9e8376fe1fa0bf09f278319d31a0dff4efe6775/000671088640.part,67108864,017b15ebe62547dcd7a17c51eec75f66c6ef6d9bb024be2244a78534185d95d6,017b15ebe62547dcd7a17c51eec75f66c6ef6d9bb024be2244a78534185d95d6,/run/media/moloch/ARCH_BACKUP/JLENS_COLD_ARCHIVE_20260911/tree/home/moloch/jacobian-lens/research/confirmation_2026-09-09/resources/input_chunks/b8e8b7d2d3f40030799395dee9e8376fe1fa0bf09f278319d31a0dff4efe6775/000671088640.part,017b15ebe62547dcd7a17c51eec75f66c6ef6d9bb024be2244a78534185d95d6,1,56404422,True,True,/home/moloch/jacobian-lens/research/closeout_2026-09-11/archive/ACCEPTANCE_RECEIPT.json (restoration_from_ssd),referenced only by J-Lens rounds; not a shared cache; not an active source
/home/moloch/jacobian-lens/research/confirmation_2026-09-09/resources/input_chunks/b8e8b7d2d3f40030799395dee9e8376fe1fa0bf09f278319d31a0dff4efe6775/000738197504.part,67108864,9d2fc41bf573a4b16eeea49b7c437fe0ef162a0398036f3fdc20035d8f8eb9dc,9d2fc41bf573a4b16eeea49b7c437fe0ef162a0398036f3fdc20035d8f8eb9dc,/run/media/moloch/ARCH_BACKUP/JLENS_COLD_ARCHIVE_20260911/tree/home/moloch/jacobian-lens/research/confirmation_2026-09-09/resources/input_chunks/b8e8b7d2d3f40030799395dee9e8376fe1fa0bf09f278319d31a0dff4efe6775/000738197504.part,9d2fc41bf573a4b16eeea49b7c437fe0ef162a0398036f3fdc20035d8f8eb9dc,1,56404423,True,True,/home/moloch/jacobian-lens/research/closeout_2026-09-11/archive/ACCEPTANCE_RECEIPT.json (restoration_from_ssd),referenced only by J-Lens rounds; not a shared cache; not an active source
/home/moloch/jacobian-lens/research/confirmation_2026-09-09/resources/input_chunks/b8e8b7d2d3f40030799395dee9e8376fe1fa0bf09f278319d31a0dff4efe6775/000805306368.part,67108864,c9c3066225b31f53a1fc3cc81e3715b215db299969843662364e8f27853e1966,c9c3066225b31f53a1fc3cc81e3715b215db299969843662364e8f27853e1966,/run/media/moloch/ARCH_BACKUP/JLENS_COLD_ARCHIVE_20260911/tree/home/moloch/jacobian-lens/research/confirmation_2026-09-09/resources/input_chunks/b8e8b7d2d3f40030799395dee9e8376fe1fa0bf09f278319d31a0dff4efe6775/000805306368.part,c9c3066225b31f53a1fc3cc81e3715b215db299969843662364e8f27853e1966,1,56404424,True,True,/home/moloch/jacobian-lens/research/closeout_2026-09-11/archive/ACCEPTANCE_RECEIPT.json (restoration_from_ssd),referenced only by J-Lens rounds; not a shared cache; not an active source
/home/moloch/jacobian-lens/research/confirmation_2026-09-09/resources/input_chunks/b8e8b7d2d3f40030799395dee9e8376fe1fa0bf09f278319d31a0dff4efe6775/000872415232.part,67108864,1fd666994161c3a28e743a551a7da95dae19bee338887a71a2297676b6a4872c,1fd666994161c3a28e743a551a7da95dae19bee338887a71a2297676b6a4872c,/run/media/moloch/ARCH_BACKUP/JLENS_COLD_ARCHIVE_20260911/tree/home/moloch/jacobian-lens/research/confirmation_2026-09-09/resources/input_chunks/b8e8b7d2d3f40030799395dee9e8376fe1fa0bf09f278319d31a0dff4efe6775/000872415232.part,1fd666994161c3a28e743a551a7da95dae19bee338887a71a2297676b6a4872c,1,56404425,True,True,/home/moloch/jacobian-lens/research/closeout_2026-09-11/archive/ACCEPTANCE_RECEIPT.json (restoration_from_ssd),referenced only by J-Lens rounds; not a shared cache; not an active source
/home/moloch/jacobian-lens/research/confirmation_2026-09-09/resources/input_chunks/b8e8b7d2d3f40030799395dee9e8376fe1fa0bf09f278319d31a0dff4efe6775/000939524096.part,67108864,d02d0033690b2187c5127a8febebd45a0369d894ea102499049f3debeefbbd28,d02d0033690b2187c5127a8febebd45a0369d894ea102499049f3debeefbbd28,/run/media/moloch/ARCH_BACKUP/JLENS_COLD_ARCHIVE_20260911/tree/home/moloch/jacobian-lens/research/confirmation_2026-09-09/resources/input_chunks/b8e8b7d2d3f40030799395dee9e8376fe1fa0bf09f278319d31a0dff4efe6775/000939524096.part,d02d0033690b2187c5127a8febebd45a0369d894ea102499049f3debeefbbd28,1,56404426,True,True,/home/moloch/jacobian-lens/research/closeout_2026-09-11/archive/ACCEPTANCE_RECEIPT.json (restoration_from_ssd),referenced only by J-Lens rounds; not a shared cache; not an active source
/home/moloch/jacobian-lens/research/confirmation_2026-09-09/resources/input_chunks/b8e8b7d2d3f40030799395dee9e8376fe1fa0bf09f278319d31a0dff4efe6775/001006632960.part,67108864,783a85bcd25ec653aeea4a44223ba3203ce08469435c5810eb3db182187fc77f,783a85bcd25ec653aeea4a44223ba3203ce08469435c5810eb3db182187fc77f,/run/media/moloch/ARCH_BACKUP/JLENS_COLD_ARCHIVE_20260911/tree/home/moloch/jacobian-lens/research/confirmation_2026-09-09/resources/input_chunks/b8e8b7d2d3f40030799395dee9e8376fe1fa0bf09f278319d31a0dff4efe6775/001006632960.part,783a85bcd25ec653aeea4a44223ba3203ce08469435c5810eb3db182187fc77f,1,56404427,True,True,/home/moloch/jacobian-lens/research/closeout_2026-09-11/archive/ACCEPTANCE_RECEIPT.json (restoration_from_ssd),referenced only by J-Lens rounds; not a shared cache; not an active source
/home/moloch/jacobian-lens/research/confirmation_2026-09-09/resources/input_chunks/b8e8b7d2d3f40030799395dee9e8376fe1fa0bf09f278319d31a0dff4efe6775/001073741824.part,67108864,8f4cd1bff3c90c3f8b290702d6091ff494be4f1bae4381aacdacd112af8e585c,8f4cd1bff3c90c3f8b290702d6091ff494be4f1bae4381aacdacd112af8e585c,/run/media/moloch/ARCH_BACKUP/JLENS_COLD_ARCHIVE_20260911/tree/home/moloch/jacobian-lens/research/confirmation_2026-09-09/resources/input_chunks/b8e8b7d2d3f40030799395dee9e8376fe1fa0bf09f278319d31a0dff4efe6775/001073741824.part,8f4cd1bff3c90c3f8b290702d6091ff494be4f1bae4381aacdacd112af8e585c,1,56404428,True,True,/home/moloch/jacobian-lens/research/closeout_2026-09-11/archive/ACCEPTANCE_RECEIPT.json (restoration_from_ssd),referenced only by J-Lens rounds; not a shared cache; not an active source
/home/moloch/jacobian-lens/research/confirmation_2026-09-09/resources/input_chunks/b8e8b7d2d3f40030799395dee9e8376fe1fa0bf09f278319d31a0dff4efe6775/001140850688.part,67108864,b5fb19387988451447a0e4da57df6cc04f39aff0a919bc6143fc7011a7d0438d,b5fb19387988451447a0e4da57df6cc04f39aff0a919bc6143fc7011a7d0438d,/run/media/moloch/ARCH_BACKUP/JLENS_COLD_ARCHIVE_20260911/tree/home/moloch/jacobian-lens/research/confirmation_2026-09-09/resources/input_chunks/b8e8b7d2d3f40030799395dee9e8376fe1fa0bf09f278319d31a0dff4efe6775/001140850688.part,b5fb19387988451447a0e4da57df6cc04f39aff0a919bc6143fc7011a7d0438d,1,56404429,True,True,/home/moloch/jacobian-lens/research/closeout_2026-09-11/archive/ACCEPTANCE_RECEIPT.json (restoration_from_ssd),referenced only by J-Lens rounds; not a shared cache; not an active source
/home/moloch/jacobian-lens/research/confirmation_2026-09-09/resources/input_chunks/b8e8b7d2d3f40030799395dee9e8376fe1fa0bf09f278319d31a0dff4efe6775/001207959552.part,67108864,c9f1732461c564cab3f7716d8a76b7f98e6300274120026733f2046bba4f139b,c9f1732461c564cab3f7716d8a76b7f98e6300274120026733f2046bba4f139b,/run/media/moloch/ARCH_BACKUP/JLENS_COLD_ARCHIVE_20260911/tree/home/moloch/jacobian-lens/research/confirmation_2026-09-09/resources/input_chunks/b8e8b7d2d3f40030799395dee9e8376fe1fa0bf09f278319d31a0dff4efe6775/001207959552.part,c9f1732461c564cab3f7716d8a76b7f98e6300274120026733f2046bba4f139b,1,56404430,True,True,/home/moloch/jacobian-lens/research/closeout_2026-09-11/archive/ACCEPTANCE_RECEIPT.json (restoration_from_ssd),referenced only by J-Lens rounds; not a shared cache; not an active source
/home/moloch/jacobian-lens/research/confirmation_2026-09-09/resources/input_chunks/b8e8b7d2d3f40030799395dee9e8376fe1fa0bf09f278319d31a0dff4efe6775/001275068416.part,67108864,810dee7bd9bd7be3a3921f2d86d08a0bd8d390135172ca14cb35dda06adcf82f,810dee7bd9bd7be3a3921f2d86d08a0bd8d390135172ca14cb35dda06adcf82f,/run/media/moloch/ARCH_BACKUP/JLENS_COLD_ARCHIVE_20260911/tree/home/moloch/jacobian-lens/research/confirmation_2026-09-09/resources/input_chunks/b8e8b7d2d3f40030799395dee9e8376fe1fa0bf09f278319d31a0dff4efe6775/001275068416.part,810dee7bd9bd7be3a3921f2d86d08a0bd8d390135172ca14cb35dda06adcf82f,1,56404431,True,True,/home/moloch/jacobian-lens/research/closeout_2026-09-11/archive/ACCEPTANCE_RECEIPT.json (restoration_from_ssd),referenced only by J-Lens rounds; not a shared cache; not an active source
/home/moloch/jacobian-lens/research/confirmation_2026-09-09/resources/input_chunks/b8e8b7d2d3f40030799395dee9e8376fe1fa0bf09f278319d31a0dff4efe6775/001342177280.part,67108864,c090c755df40ff67084d6eab335fa12d730b7390f8a7a508bf4c96641c8aabef,c090c755df40ff67084d6eab335fa12d730b7390f8a7a508bf4c96641c8aabef,/run/media/moloch/ARCH_BACKUP/JLENS_COLD_ARCHIVE_20260911/tree/home/moloch/jacobian-lens/research/confirmation_2026-09-09/resources/input_chunks/b8e8b7d2d3f40030799395dee9e8376fe1fa0bf09f278319d31a0dff4efe6775/001342177280.part,c090c755df40ff67084d6eab335fa12d730b7390f8a7a508bf4c96641c8aabef,1,56404432,True,True,/home/moloch/jacobian-lens/research/closeout_2026-09-11/archive/ACCEPTANCE_RECEIPT.json (restoration_from_ssd),referenced only by J-Lens rounds; not a shared cache; not an active source
/home/moloch/jacobian-lens/research/confirmation_2026-09-09/resources/input_chunks/b8e8b7d2d3f40030799395dee9e8376fe1fa0bf09f278319d31a0dff4efe6775/001409286144.part,67108864,9e5bf61ed664a5094dbaabc1dbcfe4bbef571281b1225c3eb9b4434b2badbb38,9e5bf61ed664a5094dbaabc1dbcfe4bbef571281b1225c3eb9b4434b2badbb38,/run/media/moloch/ARCH_BACKUP/JLENS_COLD_ARCHIVE_20260911/tree/home/moloch/jacobian-lens/research/confirmation_2026-09-09/resources/input_chunks/b8e8b7d2d3f40030799395dee9e8376fe1fa0bf09f278319d31a0dff4efe6775/001409286144.part,9e5bf61ed664a5094dbaabc1dbcfe4bbef571281b1225c3eb9b4434b2badbb38,1,56404433,True,True,/home/moloch/jacobian-lens/research/closeout_2026-09-11/archive/ACCEPTANCE_RECEIPT.json (restoration_from_ssd),referenced only by J-Lens rounds; not a shared cache; not an active source
/home/moloch/jacobian-lens/research/confirmation_2026-09-09/resources/input_chunks/b8e8b7d2d3f40030799395dee9e8376fe1fa0bf09f278319d31a0dff4efe6775/001476395008.part,67108864,c1c880f4b87dbb161da37dd4f94e0b5e85c77e0c1da02a045da42f6410e506d4,c1c880f4b87dbb161da37dd4f94e0b5e85c77e0c1da02a045da42f6410e506d4,/run/media/moloch/ARCH_BACKUP/JLENS_COLD_ARCHIVE_20260911/tree/home/moloch/jacobian-lens/research/confirmation_2026-09-09/resources/input_chunks/b8e8b7d2d3f40030799395dee9e8376fe1fa0bf09f278319d31a0dff4efe6775/001476395008.part,c1c880f4b87dbb161da37dd4f94e0b5e85c77e0c1da02a045da42f6410e506d4,1,56404434,True,True,/home/moloch/jacobian-lens/research/closeout_2026-09-11/archive/ACCEPTANCE_RECEIPT.json (restoration_from_ssd),referenced only by J-Lens rounds; not a shared cache; not an active source
/home/moloch/jacobian-lens/research/confirmation_2026-09-09/resources/input_chunks/b8e8b7d2d3f40030799395dee9e8376fe1fa0bf09f278319d31a0dff4efe6775/001543503872.part,67108864,695c67b335eec9f0b083eeacfeeb29fcc388be189f212d417ea630b09c66694a,695c67b335eec9f0b083eeacfeeb29fcc388be189f212d417ea630b09c66694a,/run/media/moloch/ARCH_BACKUP/JLENS_COLD_ARCHIVE_20260911/tree/home/moloch/jacobian-lens/research/confirmation_2026-09-09/resources/input_chunks/b8e8b7d2d3f40030799395dee9e8376fe1fa0bf09f278319d31a0dff4efe6775/001543503872.part,695c67b335eec9f0b083eeacfeeb29fcc388be189f212d417ea630b09c66694a,1,56404435,True,True,/home/moloch/jacobian-lens/research/closeout_2026-09-11/archive/ACCEPTANCE_RECEIPT.json (restoration_from_ssd),referenced only by J-Lens rounds; not a shared cache; not an active source
/home/moloch/jacobian-lens/research/confirmation_2026-09-09/resources/input_chunks/b8e8b7d2d3f40030799395dee9e8376fe1fa0bf09f278319d31a0dff4efe6775/001610612736.part,67108864,ad5656bce8ea02fffe1de3ce2a0fd22e374d8ca21350c5435d7c5529762062b1,ad5656bce8ea02fffe1de3ce2a0fd22e374d8ca21350c5435d7c5529762062b1,/run/media/moloch/ARCH_BACKUP/JLENS_COLD_ARCHIVE_20260911/tree/home/moloch/jacobian-lens/research/confirmation_2026-09-09/resources/input_chunks/b8e8b7d2d3f40030799395dee9e8376fe1fa0bf09f278319d31a0dff4efe6775/001610612736.part,ad5656bce8ea02fffe1de3ce2a0fd22e374d8ca21350c5435d7c5529762062b1,1,56404436,True,True,/home/moloch/jacobian-lens/research/closeout_2026-09-11/archive/ACCEPTANCE_RECEIPT.json (restoration_from_ssd),referenced only by J-Lens rounds; not a shared cache; not an active source
/home/moloch/jacobian-lens/research/confirmation_2026-09-09/resources/input_chunks/b8e8b7d2d3f40030799395dee9e8376fe1fa0bf09f278319d31a0dff4efe6775/001677721600.part,67108864,c1bf554fbc3054e0bd370ebe9638b2485aef5033dbb5bdc81113c4d2cba4489b,c1bf554fbc3054e0bd370ebe9638b2485aef5033dbb5bdc81113c4d2cba4489b,/run/media/moloch/ARCH_BACKUP/JLENS_COLD_ARCHIVE_20260911/tree/home/moloch/jacobian-lens/research/confirmation_2026-09-09/resources/input_chunks/b8e8b7d2d3f40030799395dee9e8376fe1fa0bf09f278319d31a0dff4efe6775/001677721600.part,c1bf554fbc3054e0bd370ebe9638b2485aef5033dbb5bdc81113c4d2cba4489b,1,56404437,True,True,/home/moloch/jacobian-lens/research/closeout_2026-09-11/archive/ACCEPTANCE_RECEIPT.json (restoration_from_ssd),referenced only by J-Lens rounds; not a shared cache; not an active source
/home/moloch/jacobian-lens/research/confirmation_2026-09-09/resources/input_chunks/b8e8b7d2d3f40030799395dee9e8376fe1fa0bf09f278319d31a0dff4efe6775/001744830464.part,67108864,6a8380a69292ca66972236fa8d72a272cd70c125c7119219e8f6234583fb798a,6a8380a69292ca66972236fa8d72a272cd70c125c7119219e8f6234583fb798a,/run/media/moloch/ARCH_BACKUP/JLENS_COLD_ARCHIVE_20260911/tree/home/moloch/jacobian-lens/research/confirmation_2026-09-09/resources/input_chunks/b8e8b7d2d3f40030799395dee9e8376fe1fa0bf09f278319d31a0dff4efe6775/001744830464.part,6a8380a69292ca66972236fa8d72a272cd70c125c7119219e8f6234583fb798a,1,56404438,True,True,/home/moloch/jacobian-lens/research/closeout_2026-09-11/archive/ACCEPTANCE_RECEIPT.json (restoration_from_ssd),referenced only by J-Lens rounds; not a shared cache; not an active source
/home/moloch/jacobian-lens/research/confirmation_2026-09-09/resources/input_chunks/b8e8b7d2d3f40030799395dee9e8376fe1fa0bf09f278319d31a0dff4efe6775/001811939328.part,67108864,eb86ca9097f3d054608865496fc91d72fa6b58d09061705c0325fc1fcd61f5b0,eb86ca9097f3d054608865496fc91d72fa6b58d09061705c0325fc1fcd61f5b0,/run/media/moloch/ARCH_BACKUP/JLENS_COLD_ARCHIVE_20260911/tree/home/moloch/jacobian-lens/research/confirmation_2026-09-09/resources/input_chunks/b8e8b7d2d3f40030799395dee9e8376fe1fa0bf09f278319d31a0dff4efe6775/001811939328.part,eb86ca9097f3d054608865496fc91d72fa6b58d09061705c0325fc1fcd61f5b0,1,56404439,True,True,/home/moloch/jacobian-lens/research/closeout_2026-09-11/archive/ACCEPTANCE_RECEIPT.json (restoration_from_ssd),referenced only by J-Lens rounds; not a shared cache; not an active source
/home/moloch/jacobian-lens/research/confirmation_2026-09-09/resources/input_chunks/b8e8b7d2d3f40030799395dee9e8376fe1fa0bf09f278319d31a0dff4efe6775/001879048192.part,67108864,0daea22ffea24341d640f971209aad7ec72b6bfd69070ca0b3523fae725da4a6,0daea22ffea24341d640f971209aad7ec72b6bfd69070ca0b3523fae725da4a6,/run/media/moloch/ARCH_BACKUP/JLENS_COLD_ARCHIVE_20260911/tree/home/moloch/jacobian-lens/research/confirmation_2026-09-09/resources/input_chunks/b8e8b7d2d3f40030799395dee9e8376fe1fa0bf09f278319d31a0dff4efe6775/001879048192.part,0daea22ffea24341d640f971209aad7ec72b6bfd69070ca0b3523fae725da4a6,1,56404440,True,True,/home/moloch/jacobian-lens/research/closeout_2026-09-11/archive/ACCEPTANCE_RECEIPT.json (restoration_from_ssd),referenced only by J-Lens rounds; not a shared cache; not an active source
/home/moloch/jacobian-lens/research/confirmation_2026-09-09/resources/input_chunks/b8e8b7d2d3f40030799395dee9e8376fe1fa0bf09f278319d31a0dff4efe6775/001946157056.part,67108864,a0b8402ecc237478342cfac5d272a636d7883e1ee00b8e20588f753dcf1bf8c1,a0b8402ecc237478342cfac5d272a636d7883e1ee00b8e20588f753dcf1bf8c1,/run/media/moloch/ARCH_BACKUP/JLENS_COLD_ARCHIVE_20260911/tree/home/moloch/jacobian-lens/research/confirmation_2026-09-09/resources/input_chunks/b8e8b7d2d3f40030799395dee9e8376fe1fa0bf09f278319d31a0dff4efe6775/001946157056.part,a0b8402ecc237478342cfac5d272a636d7883e1ee00b8e20588f753dcf1bf8c1,1,56404441,True,True,/home/moloch/jacobian-lens/research/closeout_2026-09-11/archive/ACCEPTANCE_RECEIPT.json (restoration_from_ssd),referenced only by J-Lens rounds; not a shared cache; not an active source
/home/moloch/jacobian-lens/research/confirmation_2026-09-09/resources/input_chunks/b8e8b7d2d3f40030799395dee9e8376fe1fa0bf09f278319d31a0dff4efe6775/002013265920.part,67108864,ce869f2cc2f753d37b0afc3e18f24578d49398ad3c579b43896775ff054a060a,ce869f2cc2f753d37b0afc3e18f24578d49398ad3c579b43896775ff054a060a,/run/media/moloch/ARCH_BACKUP/JLENS_COLD_ARCHIVE_20260911/tree/home/moloch/jacobian-lens/research/confirmation_2026-09-09/resources/input_chunks/b8e8b7d2d3f40030799395dee9e8376fe1fa0bf09f278319d31a0dff4efe6775/002013265920.part,ce869f2cc2f753d37b0afc3e18f24578d49398ad3c579b43896775ff054a060a,1,56404442,True,True,/home/moloch/jacobian-lens/research/closeout_2026-09-11/archive/ACCEPTANCE_RECEIPT.json (restoration_from_ssd),referenced only by J-Lens rounds; not a shared cache; not an active source
/home/moloch/jacobian-lens/research/confirmation_2026-09-09/resources/input_chunks/b8e8b7d2d3f40030799395dee9e8376fe1fa0bf09f278319d31a0dff4efe6775/002080374784.part,67108864,10d41a2d4bdd883e256b87f43e518316d02ee4ca8a7a0b39ff933145b73337f9,10d41a2d4bdd883e256b87f43e518316d02ee4ca8a7a0b39ff933145b73337f9,/run/media/moloch/ARCH_BACKUP/JLENS_COLD_ARCHIVE_20260911/tree/home/moloch/jacobian-lens/research/confirmation_2026-09-09/resources/input_chunks/b8e8b7d2d3f40030799395dee9e8376fe1fa0bf09f278319d31a0dff4efe6775/002080374784.part,10d41a2d4bdd883e256b87f43e518316d02ee4ca8a7a0b39ff933145b73337f9,1,56404443,True,True,/home/moloch/jacobian-lens/research/closeout_2026-09-11/archive/ACCEPTANCE_RECEIPT.json (restoration_from_ssd),referenced only by J-Lens rounds; not a shared cache; not an active source
/home/moloch/jacobian-lens/research/confirmation_2026-09-09/resources/input_chunks/b8e8b7d2d3f40030799395dee9e8376fe1fa0bf09f278319d31a0dff4efe6775/002147483648.part,67108864,b7088c965704182373d697909a0295e5ec4fb0557f53e42d917e462f8edc2259,b7088c965704182373d697909a0295e5ec4fb0557f53e42d917e462f8edc2259,/run/media/moloch/ARCH_BACKUP/JLENS_COLD_ARCHIVE_20260911/tree/home/moloch/jacobian-lens/research/confirmation_2026-09-09/resources/input_chunks/b8e8b7d2d3f40030799395dee9e8376fe1fa0bf09f278319d31a0dff4efe6775/002147483648.part,b7088c965704182373d697909a0295e5ec4fb0557f53e42d917e462f8edc2259,1,56404444,True,True,/home/moloch/jacobian-lens/research/closeout_2026-09-11/archive/ACCEPTANCE_RECEIPT.json (restoration_from_ssd),referenced only by J-Lens rounds; not a shared cache; not an active source
/home/moloch/jacobian-lens/research/confirmation_2026-09-09/resources/input_chunks/b8e8b7d2d3f40030799395dee9e8376fe1fa0bf09f278319d31a0dff4efe6775/002214592512.part,67108864,a0c8d6000287d4bba09e2db4e8b1d12eab7eb04644c4615171fce2570803b086,a0c8d6000287d4bba09e2db4e8b1d12eab7eb04644c4615171fce2570803b086,/run/media/moloch/ARCH_BACKUP/JLENS_COLD_ARCHIVE_20260911/tree/home/moloch/jacobian-lens/research/confirmation_2026-09-09/resources/input_chunks/b8e8b7d2d3f40030799395dee9e8376fe1fa0bf09f278319d31a0dff4efe6775/002214592512.part,a0c8d6000287d4bba09e2db4e8b1d12eab7eb04644c4615171fce2570803b086,1,56404445,True,True,/home/moloch/jacobian-lens/research/closeout_2026-09-11/archive/ACCEPTANCE_RECEIPT.json (restoration_from_ssd),referenced only by J-Lens rounds; not a shared cache; not an active source
/home/moloch/jacobian-lens/research/confirmation_2026-09-09/resources/input_chunks/b8e8b7d2d3f40030799395dee9e8376fe1fa0bf09f278319d31a0dff4efe6775/002281701376.part,67108864,b931b8499f7dff41b6455c09c939bd037c3f834618ae56f28218811b96ac73fa,b931b8499f7dff41b6455c09c939bd037c3f834618ae56f28218811b96ac73fa,/run/media/moloch/ARCH_BACKUP/JLENS_COLD_ARCHIVE_20260911/tree/home/moloch/jacobian-lens/research/confirmation_2026-09-09/resources/input_chunks/b8e8b7d2d3f40030799395dee9e8376fe1fa0bf09f278319d31a0dff4efe6775/002281701376.part,b931b8499f7dff41b6455c09c939bd037c3f834618ae56f28218811b96ac73fa,1,56404446,True,True,/home/moloch/jacobian-lens/research/closeout_2026-09-11/archive/ACCEPTANCE_RECEIPT.json (restoration_from_ssd),referenced only by J-Lens rounds; not a shared cache; not an active source
/home/moloch/jacobian-lens/research/confirmation_2026-09-09/resources/input_chunks/b8e8b7d2d3f40030799395dee9e8376fe1fa0bf09f278319d31a0dff4efe6775/002348810240.part,67108864,730ce5f9e6d67e6342727484fc3817d7f3b39e8eb6e3ce84094efc58299416bc,730ce5f9e6d67e6342727484fc3817d7f3b39e8eb6e3ce84094efc58299416bc,/run/media/moloch/ARCH_BACKUP/JLENS_COLD_ARCHIVE_20260911/tree/home/moloch/jacobian-lens/research/confirmation_2026-09-09/resources/input_chunks/b8e8b7d2d3f40030799395dee9e8376fe1fa0bf09f278319d31a0dff4efe6775/002348810240.part,730ce5f9e6d67e6342727484fc3817d7f3b39e8eb6e3ce84094efc58299416bc,1,56404447,True,True,/home/moloch/jacobian-lens/research/closeout_2026-09-11/archive/ACCEPTANCE_RECEIPT.json (restoration_from_ssd),referenced only by J-Lens rounds; not a shared cache; not an active source
/home/moloch/jacobian-lens/research/confirmation_2026-09-09/resources/input_chunks/b8e8b7d2d3f40030799395dee9e8376fe1fa0bf09f278319d31a0dff4efe6775/002415919104.part,67108864,c3340e31bb77721a6b114d817b6289f9c88d87296f2a28c42539cbb3e0fab4ee,c3340e31bb77721a6b114d817b6289f9c88d87296f2a28c42539cbb3e0fab4ee,/run/media/moloch/ARCH_BACKUP/JLENS_COLD_ARCHIVE_20260911/tree/home/moloch/jacobian-lens/research/confirmation_2026-09-09/resources/input_chunks/b8e8b7d2d3f40030799395dee9e8376fe1fa0bf09f278319d31a0dff4efe6775/002415919104.part,c3340e31bb77721a6b114d817b6289f9c88d87296f2a28c42539cbb3e0fab4ee,1,56404448,True,True,/home/moloch/jacobian-lens/research/closeout_2026-09-11/archive/ACCEPTANCE_RECEIPT.json (restoration_from_ssd),referenced only by J-Lens rounds; not a shared cache; not an active source
/home/moloch/jacobian-lens/research/confirmation_2026-09-09/resources/input_chunks/b8e8b7d2d3f40030799395dee9e8376fe1fa0bf09f278319d31a0dff4efe6775/002483027968.part,67108864,6d0971f037a5e22357a5586a37e29afcd3f5bd504efd157f416755d8e2e42786,6d0971f037a5e22357a5586a37e29afcd3f5bd504efd157f416755d8e2e42786,/run/media/moloch/ARCH_BACKUP/JLENS_COLD_ARCHIVE_20260911/tree/home/moloch/jacobian-lens/research/confirmation_2026-09-09/resources/input_chunks/b8e8b7d2d3f40030799395dee9e8376fe1fa0bf09f278319d31a0dff4efe6775/002483027968.part,6d0971f037a5e22357a5586a37e29afcd3f5bd504efd157f416755d8e2e42786,1,56404449,True,True,/home/moloch/jacobian-lens/research/closeout_2026-09-11/archive/ACCEPTANCE_RECEIPT.json (restoration_from_ssd),referenced only by J-Lens rounds; not a shared cache; not an active source
/home/moloch/jacobian-lens/research/confirmation_2026-09-09/resources/input_chunks/b8e8b7d2d3f40030799395dee9e8376fe1fa0bf09f278319d31a0dff4efe6775/002550136832.part,67108864,7a83b1ec2443e4442b52e7624c5a60b00b6166e1c639c74ef4a9a4cb072b0be3,7a83b1ec2443e4442b52e7624c5a60b00b6166e1c639c74ef4a9a4cb072b0be3,/run/media/moloch/ARCH_BACKUP/JLENS_COLD_ARCHIVE_20260911/tree/home/moloch/jacobian-lens/research/confirmation_2026-09-09/resources/input_chunks/b8e8b7d2d3f40030799395dee9e8376fe1fa0bf09f278319d31a0dff4efe6775/002550136832.part,7a83b1ec2443e4442b52e7624c5a60b00b6166e1c639c74ef4a9a4cb072b0be3,1,56404450,True,True,/home/moloch/jacobian-lens/research/closeout_2026-09-11/archive/ACCEPTANCE_RECEIPT.json (restoration_from_ssd),referenced only by J-Lens rounds; not a shared cache; not an active source
/home/moloch/jacobian-lens/research/confirmation_2026-09-09/resources/input_chunks/b8e8b7d2d3f40030799395dee9e8376fe1fa0bf09f278319d31a0dff4efe6775/002617245696.part,67108864,e6f8576ad16be57efd3be1f11ee6aae2b5504c1afcbe4399c3e37e9a67b7011d,e6f8576ad16be57efd3be1f11ee6aae2b5504c1afcbe4399c3e37e9a67b7011d,/run/media/moloch/ARCH_BACKUP/JLENS_COLD_ARCHIVE_20260911/tree/home/moloch/jacobian-lens/research/confirmation_2026-09-09/resources/input_chunks/b8e8b7d2d3f40030799395dee9e8376fe1fa0bf09f278319d31a0dff4efe6775/002617245696.part,e6f8576ad16be57efd3be1f11ee6aae2b5504c1afcbe4399c3e37e9a67b7011d,1,56404451,True,True,/home/moloch/jacobian-lens/research/closeout_2026-09-11/archive/ACCEPTANCE_RECEIPT.json (restoration_from_ssd),referenced only by J-Lens rounds; not a shared cache; not an active source
/home/moloch/jacobian-lens/research/confirmation_2026-09-09/resources/input_chunks/b8e8b7d2d3f40030799395dee9e8376fe1fa0bf09f278319d31a0dff4efe6775/002684354560.part,67108864,3e8d3e46406f0b17f13a3f02ffa2692f75860a175dace5ca9e375f200b9bd021,3e8d3e46406f0b17f13a3f02ffa2692f75860a175dace5ca9e375f200b9bd021,/run/media/moloch/ARCH_BACKUP/JLENS_COLD_ARCHIVE_20260911/tree/home/moloch/jacobian-lens/research/confirmation_2026-09-09/resources/input_chunks/b8e8b7d2d3f40030799395dee9e8376fe1fa0bf09f278319d31a0dff4efe6775/002684354560.part,3e8d3e46406f0b17f13a3f02ffa2692f75860a175dace5ca9e375f200b9bd021,1,56404452,True,True,/home/moloch/jacobian-lens/research/closeout_2026-09-11/archive/ACCEPTANCE_RECEIPT.json (restoration_from_ssd),referenced only by J-Lens rounds; not a shared cache; not an active source
/home/moloch/jacobian-lens/research/confirmation_2026-09-09/resources/input_chunks/b8e8b7d2d3f40030799395dee9e8376fe1fa0bf09f278319d31a0dff4efe6775/002751463424.part,67108864,24eadf93c0b225b6003f865fcadafc0c24d60dc21a1a6d55b5070f7ed7b21198,24eadf93c0b225b6003f865fcadafc0c24d60dc21a1a6d55b5070f7ed7b21198,/run/media/moloch/ARCH_BACKUP/JLENS_COLD_ARCHIVE_20260911/tree/home/moloch/jacobian-lens/research/confirmation_2026-09-09/resources/input_chunks/b8e8b7d2d3f40030799395dee9e8376fe1fa0bf09f278319d31a0dff4efe6775/002751463424.part,24eadf93c0b225b6003f865fcadafc0c24d60dc21a1a6d55b5070f7ed7b21198,1,56404453,True,True,/home/moloch/jacobian-lens/research/closeout_2026-09-11/archive/ACCEPTANCE_RECEIPT.json (restoration_from_ssd),referenced only by J-Lens rounds; not a shared cache; not an active source
/home/moloch/jacobian-lens/research/confirmation_2026-09-09/resources/input_chunks/b8e8b7d2d3f40030799395dee9e8376fe1fa0bf09f278319d31a0dff4efe6775/002818572288.part,67108864,978862357e8627f17c58b1c3762700ed2f56127c431a48fe136f73c2cc3b8b55,978862357e8627f17c58b1c3762700ed2f56127c431a48fe136f73c2cc3b8b55,/run/media/moloch/ARCH_BACKUP/JLENS_COLD_ARCHIVE_20260911/tree/home/moloch/jacobian-lens/research/confirmation_2026-09-09/resources/input_chunks/b8e8b7d2d3f40030799395dee9e8376fe1fa0bf09f278319d31a0dff4efe6775/002818572288.part,978862357e8627f17c58b1c3762700ed2f56127c431a48fe136f73c2cc3b8b55,1,56404454,True,True,/home/moloch/jacobian-lens/research/closeout_2026-09-11/archive/ACCEPTANCE_RECEIPT.json (restoration_from_ssd),referenced only by J-Lens rounds; not a shared cache; not an active source
/home/moloch/jacobian-lens/research/confirmation_2026-09-09/resources/input_chunks/b8e8b7d2d3f40030799395dee9e8376fe1fa0bf09f278319d31a0dff4efe6775/002885681152.part,67108864,680be18d31adef05e2b101a6956def1d2e2a3bdaf80b96e15478c197621f4e66,680be18d31adef05e2b101a6956def1d2e2a3bdaf80b96e15478c197621f4e66,/run/media/moloch/ARCH_BACKUP/JLENS_COLD_ARCHIVE_20260911/tree/home/moloch/jacobian-lens/research/confirmation_2026-09-09/resources/input_chunks/b8e8b7d2d3f40030799395dee9e8376fe1fa0bf09f278319d31a0dff4efe6775/002885681152.part,680be18d31adef05e2b101a6956def1d2e2a3bdaf80b96e15478c197621f4e66,1,56404455,True,True,/home/moloch/jacobian-lens/research/closeout_2026-09-11/archive/ACCEPTANCE_RECEIPT.json (restoration_from_ssd),referenced only by J-Lens rounds; not a shared cache; not an active source
/home/moloch/jacobian-lens/research/confirmation_2026-09-09/resources/input_chunks/b8e8b7d2d3f40030799395dee9e8376fe1fa0bf09f278319d31a0dff4efe6775/002952790016.part,67108864,12823f2859e58fb93dea0a01e142013f105ee945b15e94624f29bab1f71693b1,12823f2859e58fb93dea0a01e142013f105ee945b15e94624f29bab1f71693b1,/run/media/moloch/ARCH_BACKUP/JLENS_COLD_ARCHIVE_20260911/tree/home/moloch/jacobian-lens/research/confirmation_2026-09-09/resources/input_chunks/b8e8b7d2d3f40030799395dee9e8376fe1fa0bf09f278319d31a0dff4efe6775/002952790016.part,12823f2859e58fb93dea0a01e142013f105ee945b15e94624f29bab1f71693b1,1,56404456,True,True,/home/moloch/jacobian-lens/research/closeout_2026-09-11/archive/ACCEPTANCE_RECEIPT.json (restoration_from_ssd),referenced only by J-Lens rounds; not a shared cache; not an active source
/home/moloch/jacobian-lens/research/confirmation_2026-09-09/resources/input_chunks/b8e8b7d2d3f40030799395dee9e8376fe1fa0bf09f278319d31a0dff4efe6775/003019898880.part,67108864,a095c6a0837b34d3ffc0b6f41b01cd992a6e792db29c1fb7351a399c6da11a16,a095c6a0837b34d3ffc0b6f41b01cd992a6e792db29c1fb7351a399c6da11a16,/run/media/moloch/ARCH_BACKUP/JLENS_COLD_ARCHIVE_20260911/tree/home/moloch/jacobian-lens/research/confirmation_2026-09-09/resources/input_chunks/b8e8b7d2d3f40030799395dee9e8376fe1fa0bf09f278319d31a0dff4efe6775/003019898880.part,a095c6a0837b34d3ffc0b6f41b01cd992a6e792db29c1fb7351a399c6da11a16,1,56404457,True,True,/home/moloch/jacobian-lens/research/closeout_2026-09-11/archive/ACCEPTANCE_RECEIPT.json (restoration_from_ssd),referenced only by J-Lens rounds; not a shared cache; not an active source
/home/moloch/jacobian-lens/research/confirmation_2026-09-09/resources/input_chunks/b8e8b7d2d3f40030799395dee9e8376fe1fa0bf09f278319d31a0dff4efe6775/003087007744.part,67108864,fc6d9f1a2819cfb5da44a6ba5b067368d1145aa86102e187a92c936cfd20b9ef,fc6d9f1a2819cfb5da44a6ba5b067368d1145aa86102e187a92c936cfd20b9ef,/run/media/moloch/ARCH_BACKUP/JLENS_COLD_ARCHIVE_20260911/tree/home/moloch/jacobian-lens/research/confirmation_2026-09-09/resources/input_chunks/b8e8b7d2d3f40030799395dee9e8376fe1fa0bf09f278319d31a0dff4efe6775/003087007744.part,fc6d9f1a2819cfb5da44a6ba5b067368d1145aa86102e187a92c936cfd20b9ef,1,56404458,True,True,/home/moloch/jacobian-lens/research/closeout_2026-09-11/archive/ACCEPTANCE_RECEIPT.json (restoration_from_ssd),referenced only by J-Lens rounds; not a shared cache; not an active source
/home/moloch/jacobian-lens/research/confirmation_2026-09-09/resources/input_chunks/b8e8b7d2d3f40030799395dee9e8376fe1fa0bf09f278319d31a0dff4efe6775/003154116608.part,50436739,897fef1aa984946d602335cf377af85d7b946591816ca456f44791f764cc12ab,897fef1aa984946d602335cf377af85d7b946591816ca456f44791f764cc12ab,/run/media/moloch/ARCH_BACKUP/JLENS_COLD_ARCHIVE_20260911/tree/home/moloch/jacobian-lens/research/confirmation_2026-09-09/resources/input_chunks/b8e8b7d2d3f40030799395dee9e8376fe1fa0bf09f278319d31a0dff4efe6775/003154116608.part,897fef1aa984946d602335cf377af85d7b946591816ca456f44791f764cc12ab,1,56404460,True,True,/home/moloch/jacobian-lens/research/closeout_2026-09-11/archive/ACCEPTANCE_RECEIPT.json (restoration_from_ssd),referenced only by J-Lens rounds; not a shared cache; not an active source
/home/moloch/jacobian-lens/research/confirmation_2026-09-09/resources/input_chunks/dc6354df970b29b8312829259ac282c829562aaaf95e45bb43e1bbc5ced5e560/000000000000.part,67108864,d4504d10fc370c8507012c32daf32f810acad03e2a525348521d509757b4cb95,d4504d10fc370c8507012c32daf32f810acad03e2a525348521d509757b4cb95,/run/media/moloch/ARCH_BACKUP/JLENS_COLD_ARCHIVE_20260911/tree/home/moloch/jacobian-lens/research/confirmation_2026-09-09/resources/input_chunks/dc6354df970b29b8312829259ac282c829562aaaf95e45bb43e1bbc5ced5e560/000000000000.part,d4504d10fc370c8507012c32daf32f810acad03e2a525348521d509757b4cb95,1,57049796,True,True,/home/moloch/jacobian-lens/research/closeout_2026-09-11/archive/ACCEPTANCE_RECEIPT.json (restoration_from_ssd),referenced only by J-Lens rounds; not a shared cache; not an active source
/home/moloch/jacobian-lens/research/confirmation_2026-09-09/resources/input_chunks/dc6354df970b29b8312829259ac282c829562aaaf95e45bb43e1bbc5ced5e560/000067108864.part,67108864,0d6cdcb8a65f2b48c2e20f65427f0e7f68bffb07adb0b7e721f5ecf671472532,0d6cdcb8a65f2b48c2e20f65427f0e7f68bffb07adb0b7e721f5ecf671472532,/run/media/moloch/ARCH_BACKUP/JLENS_COLD_ARCHIVE_20260911/tree/home/moloch/jacobian-lens/research/confirmation_2026-09-09/resources/input_chunks/dc6354df970b29b8312829259ac282c829562aaaf95e45bb43e1bbc5ced5e560/000067108864.part,0d6cdcb8a65f2b48c2e20f65427f0e7f68bffb07adb0b7e721f5ecf671472532,1,57049885,True,True,/home/moloch/jacobian-lens/research/closeout_2026-09-11/archive/ACCEPTANCE_RECEIPT.json (restoration_from_ssd),referenced only by J-Lens rounds; not a shared cache; not an active source
/home/moloch/jacobian-lens/research/confirmation_2026-09-09/resources/input_chunks/dc6354df970b29b8312829259ac282c829562aaaf95e45bb43e1bbc5ced5e560/000134217728.part,67108864,d41ce8554690329f2a637679d7f3401fa7da494437dc68143bb054184c97839d,d41ce8554690329f2a637679d7f3401fa7da494437dc68143bb054184c97839d,/run/media/moloch/ARCH_BACKUP/JLENS_COLD_ARCHIVE_20260911/tree/home/moloch/jacobian-lens/research/confirmation_2026-09-09/resources/input_chunks/dc6354df970b29b8312829259ac282c829562aaaf95e45bb43e1bbc5ced5e560/000134217728.part,d41ce8554690329f2a637679d7f3401fa7da494437dc68143bb054184c97839d,1,57049886,True,True,/home/moloch/jacobian-lens/research/closeout_2026-09-11/archive/ACCEPTANCE_RECEIPT.json (restoration_from_ssd),referenced only by J-Lens rounds; not a shared cache; not an active source
/home/moloch/jacobian-lens/research/confirmation_2026-09-09/resources/input_chunks/dc6354df970b29b8312829259ac282c829562aaaf95e45bb43e1bbc5ced5e560/000201326592.part,67108864,1eab65558e41750763cb4392744b403dc70d975ac42cc8cc80fc554979c41cea,1eab65558e41750763cb4392744b403dc70d975ac42cc8cc80fc554979c41cea,/run/media/moloch/ARCH_BACKUP/JLENS_COLD_ARCHIVE_20260911/tree/home/moloch/jacobian-lens/research/confirmation_2026-09-09/resources/input_chunks/dc6354df970b29b8312829259ac282c829562aaaf95e45bb43e1bbc5ced5e560/000201326592.part,1eab65558e41750763cb4392744b403dc70d975ac42cc8cc80fc554979c41cea,1,57049887,True,True,/home/moloch/jacobian-lens/research/closeout_2026-09-11/archive/ACCEPTANCE_RECEIPT.json (restoration_from_ssd),referenced only by J-Lens rounds; not a shared cache; not an active source
/home/moloch/jacobian-lens/research/confirmation_2026-09-09/resources/input_chunks/dc6354df970b29b8312829259ac282c829562aaaf95e45bb43e1bbc5ced5e560/000268435456.part,67108864,28075081dec3568c0bc4768ec531e8039348a57e7129c0bdaeca42104aa26401,28075081dec3568c0bc4768ec531e8039348a57e7129c0bdaeca42104aa26401,/run/media/moloch/ARCH_BACKUP/JLENS_COLD_ARCHIVE_20260911/tree/home/moloch/jacobian-lens/research/confirmation_2026-09-09/resources/input_chunks/dc6354df970b29b8312829259ac282c829562aaaf95e45bb43e1bbc5ced5e560/000268435456.part,28075081dec3568c0bc4768ec531e8039348a57e7129c0bdaeca42104aa26401,1,57049888,True,True,/home/moloch/jacobian-lens/research/closeout_2026-09-11/archive/ACCEPTANCE_RECEIPT.json (restoration_from_ssd),referenced only by J-Lens rounds; not a shared cache; not an active source
/home/moloch/jacobian-lens/research/confirmation_2026-09-09/resources/input_chunks/dc6354df970b29b8312829259ac282c829562aaaf95e45bb43e1bbc5ced5e560/000335544320.part,67108864,1bf2e99980447b84622e76219f1579c6dd7d8c98adfc9522134542e44f0e99c2,1bf2e99980447b84622e76219f1579c6dd7d8c98adfc9522134542e44f0e99c2,/run/media/moloch/ARCH_BACKUP/JLENS_COLD_ARCHIVE_20260911/tree/home/moloch/jacobian-lens/research/confirmation_2026-09-09/resources/input_chunks/dc6354df970b29b8312829259ac282c829562aaaf95e45bb43e1bbc5ced5e560/000335544320.part,1bf2e99980447b84622e76219f1579c6dd7d8c98adfc9522134542e44f0e99c2,1,57049889,True,True,/home/moloch/jacobian-lens/research/closeout_2026-09-11/archive/ACCEPTANCE_RECEIPT.json (restoration_from_ssd),referenced only by J-Lens rounds; not a shared cache; not an active source
/home/moloch/jacobian-lens/research/confirmation_2026-09-09/resources/input_chunks/dc6354df970b29b8312829259ac282c829562aaaf95e45bb43e1bbc5ced5e560/000402653184.part,67108864,1ea5cd6d9cec3db442c9c3b0f18e430bb4f39cb27e30df2a3653cf9f437551e3,1ea5cd6d9cec3db442c9c3b0f18e430bb4f39cb27e30df2a3653cf9f437551e3,/run/media/moloch/ARCH_BACKUP/JLENS_COLD_ARCHIVE_20260911/tree/home/moloch/jacobian-lens/research/confirmation_2026-09-09/resources/input_chunks/dc6354df970b29b8312829259ac282c829562aaaf95e45bb43e1bbc5ced5e560/000402653184.part,1ea5cd6d9cec3db442c9c3b0f18e430bb4f39cb27e30df2a3653cf9f437551e3,1,57049890,True,True,/home/moloch/jacobian-lens/research/closeout_2026-09-11/archive/ACCEPTANCE_RECEIPT.json (restoration_from_ssd),referenced only by J-Lens rounds; not a shared cache; not an active source
/home/moloch/jacobian-lens/research/confirmation_2026-09-09/resources/input_chunks/dc6354df970b29b8312829259ac282c829562aaaf95e45bb43e1bbc5ced5e560/000469762048.part,67108864,9c515d329ef52e1e5d980dff195cdc624986dc717b509c1008d548e7d3d6c7ca,9c515d329ef52e1e5d980dff195cdc624986dc717b509c1008d548e7d3d6c7ca,/run/media/moloch/ARCH_BACKUP/JLENS_COLD_ARCHIVE_20260911/tree/home/moloch/jacobian-lens/research/confirmation_2026-09-09/resources/input_chunks/dc6354df970b29b8312829259ac282c829562aaaf95e45bb43e1bbc5ced5e560/000469762048.part,9c515d329ef52e1e5d980dff195cdc624986dc717b509c1008d548e7d3d6c7ca,1,57049891,True,True,/home/moloch/jacobian-lens/research/closeout_2026-09-11/archive/ACCEPTANCE_RECEIPT.json (restoration_from_ssd),referenced only by J-Lens rounds; not a shared cache; not an active source
/home/moloch/jacobian-lens/research/confirmation_2026-09-09/resources/input_chunks/dc6354df970b29b8312829259ac282c829562aaaf95e45bb43e1bbc5ced5e560/000536870912.part,67108864,cab4ab6aa2e2351d0d78c99c711e2da59aa6c77787691c8c7e5f10e60ce6433f,cab4ab6aa2e2351d0d78c99c711e2da59aa6c77787691c8c7e5f10e60ce6433f,/run/media/moloch/ARCH_BACKUP/JLENS_COLD_ARCHIVE_20260911/tree/home/moloch/jacobian-lens/research/confirmation_2026-09-09/resources/input_chunks/dc6354df970b29b8312829259ac282c829562aaaf95e45bb43e1bbc5ced5e560/000536870912.part,cab4ab6aa2e2351d0d78c99c711e2da59aa6c77787691c8c7e5f10e60ce6433f,1,57049892,True,True,/home/moloch/jacobian-lens/research/closeout_2026-09-11/archive/ACCEPTANCE_RECEIPT.json (restoration_from_ssd),referenced only by J-Lens rounds; not a shared cache; not an active source
/home/moloch/jacobian-lens/research/confirmation_2026-09-09/resources/input_chunks/dc6354df970b29b8312829259ac282c829562aaaf95e45bb43e1bbc5ced5e560/000603979776.part,67108864,6c9ab48cd262d48bac3d48f725caa7cb0dff558e7165ea6290de2208944de5d1,6c9ab48cd262d48bac3d48f725caa7cb0dff558e7165ea6290de2208944de5d1,/run/media/moloch/ARCH_BACKUP/JLENS_COLD_ARCHIVE_20260911/tree/home/moloch/jacobian-lens/research/confirmation_2026-09-09/resources/input_chunks/dc6354df970b29b8312829259ac282c829562aaaf95e45bb43e1bbc5ced5e560/000603979776.part,6c9ab48cd262d48bac3d48f725caa7cb0dff558e7165ea6290de2208944de5d1,1,57049893,True,True,/home/moloch/jacobian-lens/research/closeout_2026-09-11/archive/ACCEPTANCE_RECEIPT.json (restoration_from_ssd),referenced only by J-Lens rounds; not a shared cache; not an active source
/home/moloch/jacobian-lens/research/confirmation_2026-09-09/resources/input_chunks/dc6354df970b29b8312829259ac282c829562aaaf95e45bb43e1bbc5ced5e560/000671088640.part,67108864,b3cc1a3a96c2e4f39754bae2e831d7a63af18205f5242754d874872dc3c64f5b,b3cc1a3a96c2e4f39754bae2e831d7a63af18205f5242754d874872dc3c64f5b,/run/media/moloch/ARCH_BACKUP/JLENS_COLD_ARCHIVE_20260911/tree/home/moloch/jacobian-lens/research/confirmation_2026-09-09/resources/input_chunks/dc6354df970b29b8312829259ac282c829562aaaf95e45bb43e1bbc5ced5e560/000671088640.part,b3cc1a3a96c2e4f39754bae2e831d7a63af18205f5242754d874872dc3c64f5b,1,57049894,True,True,/home/moloch/jacobian-lens/research/closeout_2026-09-11/archive/ACCEPTANCE_RECEIPT.json (restoration_from_ssd),referenced only by J-Lens rounds; not a shared cache; not an active source
/home/moloch/jacobian-lens/research/confirmation_2026-09-09/resources/input_chunks/dc6354df970b29b8312829259ac282c829562aaaf95e45bb43e1bbc5ced5e560/000738197504.part,67108864,bcd375c8a0e0770db76258acd0ff1076cd7a19703e458df0f62c68f3762725a4,bcd375c8a0e0770db76258acd0ff1076cd7a19703e458df0f62c68f3762725a4,/run/media/moloch/ARCH_BACKUP/JLENS_COLD_ARCHIVE_20260911/tree/home/moloch/jacobian-lens/research/confirmation_2026-09-09/resources/input_chunks/dc6354df970b29b8312829259ac282c829562aaaf95e45bb43e1bbc5ced5e560/000738197504.part,bcd375c8a0e0770db76258acd0ff1076cd7a19703e458df0f62c68f3762725a4,1,57049895,True,True,/home/moloch/jacobian-lens/research/closeout_2026-09-11/archive/ACCEPTANCE_RECEIPT.json (restoration_from_ssd),referenced only by J-Lens rounds; not a shared cache; not an active source
/home/moloch/jacobian-lens/research/confirmation_2026-09-09/resources/input_chunks/dc6354df970b29b8312829259ac282c829562aaaf95e45bb43e1bbc5ced5e560/000805306368.part,67108864,44c28ea77075ce7ba84c4f43abab32feffceaecdf0deafbe236be1b1575b9742,44c28ea77075ce7ba84c4f43abab32feffceaecdf0deafbe236be1b1575b9742,/run/media/moloch/ARCH_BACKUP/JLENS_COLD_ARCHIVE_20260911/tree/home/moloch/jacobian-lens/research/confirmation_2026-09-09/resources/input_chunks/dc6354df970b29b8312829259ac282c829562aaaf95e45bb43e1bbc5ced5e560/000805306368.part,44c28ea77075ce7ba84c4f43abab32feffceaecdf0deafbe236be1b1575b9742,1,57049896,True,True,/home/moloch/jacobian-lens/research/closeout_2026-09-11/archive/ACCEPTANCE_RECEIPT.json (restoration_from_ssd),referenced only by J-Lens rounds; not a shared cache; not an active source
/home/moloch/jacobian-lens/research/confirmation_2026-09-09/resources/input_chunks/dc6354df970b29b8312829259ac282c829562aaaf95e45bb43e1bbc5ced5e560/000872415232.part,67108864,289abaaf717da6185670040b8a65a0427dbd782d8b431258b9299c017aa35060,289abaaf717da6185670040b8a65a0427dbd782d8b431258b9299c017aa35060,/run/media/moloch/ARCH_BACKUP/JLENS_COLD_ARCHIVE_20260911/tree/home/moloch/jacobian-lens/research/confirmation_2026-09-09/resources/input_chunks/dc6354df970b29b8312829259ac282c829562aaaf95e45bb43e1bbc5ced5e560/000872415232.part,289abaaf717da6185670040b8a65a0427dbd782d8b431258b9299c017aa35060,1,57049897,True,True,/home/moloch/jacobian-lens/research/closeout_2026-09-11/archive/ACCEPTANCE_RECEIPT.json (restoration_from_ssd),referenced only by J-Lens rounds; not a shared cache; not an active source
/home/moloch/jacobian-lens/research/confirmation_2026-09-09/resources/input_chunks/dc6354df970b29b8312829259ac282c829562aaaf95e45bb43e1bbc5ced5e560/000939524096.part,67108864,4ddf8a636d4610c1a75bac9af412da45f57fc651b5eb4b47f86c0abc58fc9af5,4ddf8a636d4610c1a75bac9af412da45f57fc651b5eb4b47f86c0abc58fc9af5,/run/media/moloch/ARCH_BACKUP/JLENS_COLD_ARCHIVE_20260911/tree/home/moloch/jacobian-lens/research/confirmation_2026-09-09/resources/input_chunks/dc6354df970b29b8312829259ac282c829562aaaf95e45bb43e1bbc5ced5e560/000939524096.part,4ddf8a636d4610c1a75bac9af412da45f57fc651b5eb4b47f86c0abc58fc9af5,1,57049898,True,True,/home/moloch/jacobian-lens/research/closeout_2026-09-11/archive/ACCEPTANCE_RECEIPT.json (restoration_from_ssd),referenced only by J-Lens rounds; not a shared cache; not an active source
/home/moloch/jacobian-lens/research/confirmation_2026-09-09/resources/input_chunks/dc6354df970b29b8312829259ac282c829562aaaf95e45bb43e1bbc5ced5e560/001006632960.part,67108864,dfc16e427af00380d08b8194cd48e4477667ffe1d48004e53297e1fdf3ccaf9e,dfc16e427af00380d08b8194cd48e4477667ffe1d48004e53297e1fdf3ccaf9e,/run/media/moloch/ARCH_BACKUP/JLENS_COLD_ARCHIVE_20260911/tree/home/moloch/jacobian-lens/research/confirmation_2026-09-09/resources/input_chunks/dc6354df970b29b8312829259ac282c829562aaaf95e45bb43e1bbc5ced5e560/001006632960.part,dfc16e427af00380d08b8194cd48e4477667ffe1d48004e53297e1fdf3ccaf9e,1,57049899,True,True,/home/moloch/jacobian-lens/research/closeout_2026-09-11/archive/ACCEPTANCE_RECEIPT.json (restoration_from_ssd),referenced only by J-Lens rounds; not a shared cache; not an active source
/home/moloch/jacobian-lens/research/confirmation_2026-09-09/resources/input_chunks/dc6354df970b29b8312829259ac282c829562aaaf95e45bb43e1bbc5ced5e560/001073741824.part,67108864,b671d757633c09963198f24fe2f6a444db51b7e4ca63d0356dcd89209c8c28d2,b671d757633c09963198f24fe2f6a444db51b7e4ca63d0356dcd89209c8c28d2,/run/media/moloch/ARCH_BACKUP/JLENS_COLD_ARCHIVE_20260911/tree/home/moloch/jacobian-lens/research/confirmation_2026-09-09/resources/input_chunks/dc6354df970b29b8312829259ac282c829562aaaf95e45bb43e1bbc5ced5e560/001073741824.part,b671d757633c09963198f24fe2f6a444db51b7e4ca63d0356dcd89209c8c28d2,1,57049900,True,True,/home/moloch/jacobian-lens/research/closeout_2026-09-11/archive/ACCEPTANCE_RECEIPT.json (restoration_from_ssd),referenced only by J-Lens rounds; not a shared cache; not an active source
/home/moloch/jacobian-lens/research/confirmation_2026-09-09/resources/input_chunks/dc6354df970b29b8312829259ac282c829562aaaf95e45bb43e1bbc5ced5e560/001140850688.part,67108864,9250e07af96fa744d78b5e6771da43ad43fc3434840565778772050de386ceb8,9250e07af96fa744d78b5e6771da43ad43fc3434840565778772050de386ceb8,/run/media/moloch/ARCH_BACKUP/JLENS_COLD_ARCHIVE_20260911/tree/home/moloch/jacobian-lens/research/confirmation_2026-09-09/resources/input_chunks/dc6354df970b29b8312829259ac282c829562aaaf95e45bb43e1bbc5ced5e560/001140850688.part,9250e07af96fa744d78b5e6771da43ad43fc3434840565778772050de386ceb8,1,57049901,True,True,/home/moloch/jacobian-lens/research/closeout_2026-09-11/archive/ACCEPTANCE_RECEIPT.json (restoration_from_ssd),referenced only by J-Lens rounds; not a shared cache; not an active source
/home/moloch/jacobian-lens/research/confirmation_2026-09-09/resources/input_chunks/dc6354df970b29b8312829259ac282c829562aaaf95e45bb43e1bbc5ced5e560/001207959552.part,67108864,daccfbd9a0ce877f538a10d6df0ab7da1c66d936aedaefeadb8bed85eccbd363,daccfbd9a0ce877f538a10d6df0ab7da1c66d936aedaefeadb8bed85eccbd363,/run/media/moloch/ARCH_BACKUP/JLENS_COLD_ARCHIVE_20260911/tree/home/moloch/jacobian-lens/research/confirmation_2026-09-09/resources/input_chunks/dc6354df970b29b8312829259ac282c829562aaaf95e45bb43e1bbc5ced5e560/001207959552.part,daccfbd9a0ce877f538a10d6df0ab7da1c66d936aedaefeadb8bed85eccbd363,1,57049902,True,True,/home/moloch/jacobian-lens/research/closeout_2026-09-11/archive/ACCEPTANCE_RECEIPT.json (restoration_from_ssd),referenced only by J-Lens rounds; not a shared cache; not an active source
/home/moloch/jacobian-lens/research/confirmation_2026-09-09/resources/input_chunks/dc6354df970b29b8312829259ac282c829562aaaf95e45bb43e1bbc5ced5e560/001275068416.part,67108864,5e791a4f8b508359b3b8756d01e0ad67b6fa336e4095dbda47c29a8ec858c843,5e791a4f8b508359b3b8756d01e0ad67b6fa336e4095dbda47c29a8ec858c843,/run/media/moloch/ARCH_BACKUP/JLENS_COLD_ARCHIVE_20260911/tree/home/moloch/jacobian-lens/research/confirmation_2026-09-09/resources/input_chunks/dc6354df970b29b8312829259ac282c829562aaaf95e45bb43e1bbc5ced5e560/001275068416.part,5e791a4f8b508359b3b8756d01e0ad67b6fa336e4095dbda47c29a8ec858c843,1,57049903,True,True,/home/moloch/jacobian-lens/research/closeout_2026-09-11/archive/ACCEPTANCE_RECEIPT.json (restoration_from_ssd),referenced only by J-Lens rounds; not a shared cache; not an active source
/home/moloch/jacobian-lens/research/confirmation_2026-09-09/resources/input_chunks/dc6354df970b29b8312829259ac282c829562aaaf95e45bb43e1bbc5ced5e560/001342177280.part,67108864,f6c7f7090f98da707d7ad829d6cf607ef8dd73afb1222354a86842d621f5b89d,f6c7f7090f98da707d7ad829d6cf607ef8dd73afb1222354a86842d621f5b89d,/run/media/moloch/ARCH_BACKUP/JLENS_COLD_ARCHIVE_20260911/tree/home/moloch/jacobian-lens/research/confirmation_2026-09-09/resources/input_chunks/dc6354df970b29b8312829259ac282c829562aaaf95e45bb43e1bbc5ced5e560/001342177280.part,f6c7f7090f98da707d7ad829d6cf607ef8dd73afb1222354a86842d621f5b89d,1,57049904,True,True,/home/moloch/jacobian-lens/research/closeout_2026-09-11/archive/ACCEPTANCE_RECEIPT.json (restoration_from_ssd),referenced only by J-Lens rounds; not a shared cache; not an active source
/home/moloch/jacobian-lens/research/confirmation_2026-09-09/resources/input_chunks/dc6354df970b29b8312829259ac282c829562aaaf95e45bb43e1bbc5ced5e560/001409286144.part,67108864,66e8dbc2c7f3093f1d4032ae2fdd163bb0a5463960c04c5459fcbe02683690e9,66e8dbc2c7f3093f1d4032ae2fdd163bb0a5463960c04c5459fcbe02683690e9,/run/media/moloch/ARCH_BACKUP/JLENS_COLD_ARCHIVE_20260911/tree/home/moloch/jacobian-lens/research/confirmation_2026-09-09/resources/input_chunks/dc6354df970b29b8312829259ac282c829562aaaf95e45bb43e1bbc5ced5e560/001409286144.part,66e8dbc2c7f3093f1d4032ae2fdd163bb0a5463960c04c5459fcbe02683690e9,1,57049905,True,True,/home/moloch/jacobian-lens/research/closeout_2026-09-11/archive/ACCEPTANCE_RECEIPT.json (restoration_from_ssd),referenced only by J-Lens rounds; not a shared cache; not an active source
/home/moloch/jacobian-lens/research/confirmation_2026-09-09/resources/input_chunks/dc6354df970b29b8312829259ac282c829562aaaf95e45bb43e1bbc5ced5e560/001476395008.part,67108864,1bb0e58e5a51d0aa5dc25cf42cb2218ffe014d09bb29df06d0947be17a6713c7,1bb0e58e5a51d0aa5dc25cf42cb2218ffe014d09bb29df06d0947be17a6713c7,/run/media/moloch/ARCH_BACKUP/JLENS_COLD_ARCHIVE_20260911/tree/home/moloch/jacobian-lens/research/confirmation_2026-09-09/resources/input_chunks/dc6354df970b29b8312829259ac282c829562aaaf95e45bb43e1bbc5ced5e560/001476395008.part,1bb0e58e5a51d0aa5dc25cf42cb2218ffe014d09bb29df06d0947be17a6713c7,1,57049906,True,True,/home/moloch/jacobian-lens/research/closeout_2026-09-11/archive/ACCEPTANCE_RECEIPT.json (restoration_from_ssd),referenced only by J-Lens rounds; not a shared cache; not an active source
/home/moloch/jacobian-lens/research/confirmation_2026-09-09/resources/input_chunks/dc6354df970b29b8312829259ac282c829562aaaf95e45bb43e1bbc5ced5e560/001543503872.part,50384003,79ca903b31c4668b45b46fd71e2c555e88e6bea3cb0357fd7b2f2518f55275e7,79ca903b31c4668b45b46fd71e2c555e88e6bea3cb0357fd7b2f2518f55275e7,/run/media/moloch/ARCH_BACKUP/JLENS_COLD_ARCHIVE_20260911/tree/home/moloch/jacobian-lens/research/confirmation_2026-09-09/resources/input_chunks/dc6354df970b29b8312829259ac282c829562aaaf95e45bb43e1bbc5ced5e560/001543503872.part,79ca903b31c4668b45b46fd71e2c555e88e6bea3cb0357fd7b2f2518f55275e7,1,57049908,True,True,/home/moloch/jacobian-lens/research/closeout_2026-09-11/archive/ACCEPTANCE_RECEIPT.json (restoration_from_ssd),referenced only by J-Lens rounds; not a shared cache; not an active source
/home/moloch/jacobian-lens/research/confirmation_2026-09-09/resources/transfer_probe/part00.bin,8388608,ad68caf230681f0c658ac2dc05248bf4245e50c1bf7438068fd544c52526b662,ad68caf230681f0c658ac2dc05248bf4245e50c1bf7438068fd544c52526b662,/run/media/moloch/ARCH_BACKUP/JLENS_COLD_ARCHIVE_20260911/tree/home/moloch/jacobian-lens/research/confirmation_2026-09-09/resources/transfer_probe/part00.bin,ad68caf230681f0c658ac2dc05248bf4245e50c1bf7438068fd544c52526b662,1,55877597,True,True,/home/moloch/jacobian-lens/research/closeout_2026-09-11/archive/ACCEPTANCE_RECEIPT.json (restoration_from_ssd),referenced only by J-Lens rounds; not a shared cache; not an active source
/home/moloch/jacobian-lens/research/confirmation_2026-09-09/resources/transfer_probe/part01.bin,8388608,ad68caf230681f0c658ac2dc05248bf4245e50c1bf7438068fd544c52526b662,ad68caf230681f0c658ac2dc05248bf4245e50c1bf7438068fd544c52526b662,/run/media/moloch/ARCH_BACKUP/JLENS_COLD_ARCHIVE_20260911/tree/home/moloch/jacobian-lens/research/confirmation_2026-09-09/resources/transfer_probe/part01.bin,ad68caf230681f0c658ac2dc05248bf4245e50c1bf7438068fd544c52526b662,1,55877601,True,True,/home/moloch/jacobian-lens/research/closeout_2026-09-11/archive/ACCEPTANCE_RECEIPT.json (restoration_from_ssd),referenced only by J-Lens rounds; not a shared cache; not an active source
/home/moloch/jacobian-lens/research/confirmation_2026-09-09/resources/transfer_probe/part02.bin,8388608,ad68caf230681f0c658ac2dc05248bf4245e50c1bf7438068fd544c52526b662,ad68caf230681f0c658ac2dc05248bf4245e50c1bf7438068fd544c52526b662,/run/media/moloch/ARCH_BACKUP/JLENS_COLD_ARCHIVE_20260911/tree/home/moloch/jacobian-lens/research/confirmation_2026-09-09/resources/transfer_probe/part02.bin,ad68caf230681f0c658ac2dc05248bf4245e50c1bf7438068fd544c52526b662,1,55877605,True,True,/home/moloch/jacobian-lens/research/closeout_2026-09-11/archive/ACCEPTANCE_RECEIPT.json (restoration_from_ssd),referenced only by J-Lens rounds; not a shared cache; not an active source
/home/moloch/jacobian-lens/research/confirmation_2026-09-09/resources/transfer_probe/part03.bin,8388608,ad68caf230681f0c658ac2dc05248bf4245e50c1bf7438068fd544c52526b662,ad68caf230681f0c658ac2dc05248bf4245e50c1bf7438068fd544c52526b662,/run/media/moloch/ARCH_BACKUP/JLENS_COLD_ARCHIVE_20260911/tree/home/moloch/jacobian-lens/research/confirmation_2026-09-09/resources/transfer_probe/part03.bin,ad68caf230681f0c658ac2dc05248bf4245e50c1bf7438068fd544c52526b662,1,55877606,True,True,/home/moloch/jacobian-lens/research/closeout_2026-09-11/archive/ACCEPTANCE_RECEIPT.json (restoration_from_ssd),referenced only by J-Lens rounds; not a shared cache; not an active source
/home/moloch/jacobian-lens/research/confirmation_2026-09-09/resources/transfer_probe/part04.bin,8388608,ad68caf230681f0c658ac2dc05248bf4245e50c1bf7438068fd544c52526b662,ad68caf230681f0c658ac2dc05248bf4245e50c1bf7438068fd544c52526b662,/run/media/moloch/ARCH_BACKUP/JLENS_COLD_ARCHIVE_20260911/tree/home/moloch/jacobian-lens/research/confirmation_2026-09-09/resources/transfer_probe/part04.bin,ad68caf230681f0c658ac2dc05248bf4245e50c1bf7438068fd544c52526b662,1,55877607,True,True,/home/moloch/jacobian-lens/research/closeout_2026-09-11/archive/ACCEPTANCE_RECEIPT.json (restoration_from_ssd),referenced only by J-Lens rounds; not a shared cache; not an active source
/home/moloch/jacobian-lens/research/confirmation_2026-09-09/resources/transfer_probe/part05.bin,8388608,ad68caf230681f0c658ac2dc05248bf4245e50c1bf7438068fd544c52526b662,ad68caf230681f0c658ac2dc05248bf4245e50c1bf7438068fd544c52526b662,/run/media/moloch/ARCH_BACKUP/JLENS_COLD_ARCHIVE_20260911/tree/home/moloch/jacobian-lens/research/confirmation_2026-09-09/resources/transfer_probe/part05.bin,ad68caf230681f0c658ac2dc05248bf4245e50c1bf7438068fd544c52526b662,1,55877608,True,True,/home/moloch/jacobian-lens/research/closeout_2026-09-11/archive/ACCEPTANCE_RECEIPT.json (restoration_from_ssd),referenced only by J-Lens rounds; not a shared cache; not an active source
/home/moloch/jacobian-lens/research/confirmation_2026-09-09/resources/transfer_probe/part06.bin,8388608,ad68caf230681f0c658ac2dc05248bf4245e50c1bf7438068fd544c52526b662,ad68caf230681f0c658ac2dc05248bf4245e50c1bf7438068fd544c52526b662,/run/media/moloch/ARCH_BACKUP/JLENS_COLD_ARCHIVE_20260911/tree/home/moloch/jacobian-lens/research/confirmation_2026-09-09/resources/transfer_probe/part06.bin,ad68caf230681f0c658ac2dc05248bf4245e50c1bf7438068fd544c52526b662,1,55877609,True,True,/home/moloch/jacobian-lens/research/closeout_2026-09-11/archive/ACCEPTANCE_RECEIPT.json (restoration_from_ssd),referenced only by J-Lens rounds; not a shared cache; not an active source
/home/moloch/jacobian-lens/research/confirmation_2026-09-09/resources/transfer_probe/part07.bin,8388608,ad68caf230681f0c658ac2dc05248bf4245e50c1bf7438068fd544c52526b662,ad68caf230681f0c658ac2dc05248bf4245e50c1bf7438068fd544c52526b662,/run/media/moloch/ARCH_BACKUP/JLENS_COLD_ARCHIVE_20260911/tree/home/moloch/jacobian-lens/research/confirmation_2026-09-09/resources/transfer_probe/part07.bin,ad68caf230681f0c658ac2dc05248bf4245e50c1bf7438068fd544c52526b662,1,55877610,True,True,/home/moloch/jacobian-lens/research/closeout_2026-09-11/archive/ACCEPTANCE_RECEIPT.json (restoration_from_ssd),referenced only by J-Lens rounds; not a shared cache; not an active source
/home/moloch/jacobian-lens/research/confirmation_2026-09-09/resources/transfer_probe_download/part00.bin,8388608,ad68caf230681f0c658ac2dc05248bf4245e50c1bf7438068fd544c52526b662,ad68caf230681f0c658ac2dc05248bf4245e50c1bf7438068fd544c52526b662,/run/media/moloch/ARCH_BACKUP/JLENS_COLD_ARCHIVE_20260911/tree/home/moloch/jacobian-lens/research/confirmation_2026-09-09/resources/transfer_probe_download/part00.bin,ad68caf230681f0c658ac2dc05248bf4245e50c1bf7438068fd544c52526b662,1,55879282,True,True,/home/moloch/jacobian-lens/research/closeout_2026-09-11/archive/ACCEPTANCE_RECEIPT.json (restoration_from_ssd),referenced only by J-Lens rounds; not a shared cache; not an active source
/home/moloch/jacobian-lens/research/confirmation_2026-09-09/resources/transfer_probe_download/part01.bin,8388608,ad68caf230681f0c658ac2dc05248bf4245e50c1bf7438068fd544c52526b662,ad68caf230681f0c658ac2dc05248bf4245e50c1bf7438068fd544c52526b662,/run/media/moloch/ARCH_BACKUP/JLENS_COLD_ARCHIVE_20260911/tree/home/moloch/jacobian-lens/research/confirmation_2026-09-09/resources/transfer_probe_download/part01.bin,ad68caf230681f0c658ac2dc05248bf4245e50c1bf7438068fd544c52526b662,1,55879285,True,True,/home/moloch/jacobian-lens/research/closeout_2026-09-11/archive/ACCEPTANCE_RECEIPT.json (restoration_from_ssd),referenced only by J-Lens rounds; not a shared cache; not an active source
/home/moloch/jacobian-lens/research/confirmation_2026-09-09/resources/transfer_probe_download/part02.bin,8388608,ad68caf230681f0c658ac2dc05248bf4245e50c1bf7438068fd544c52526b662,ad68caf230681f0c658ac2dc05248bf4245e50c1bf7438068fd544c52526b662,/run/media/moloch/ARCH_BACKUP/JLENS_COLD_ARCHIVE_20260911/tree/home/moloch/jacobian-lens/research/confirmation_2026-09-09/resources/transfer_probe_download/part02.bin,ad68caf230681f0c658ac2dc05248bf4245e50c1bf7438068fd544c52526b662,1,55879281,True,True,/home/moloch/jacobian-lens/research/closeout_2026-09-11/archive/ACCEPTANCE_RECEIPT.json (restoration_from_ssd),referenced only by J-Lens rounds; not a shared cache; not an active source
/home/moloch/jacobian-lens/research/confirmation_2026-09-09/resources/transfer_probe_download/part03.bin,8388608,ad68caf230681f0c658ac2dc05248bf4245e50c1bf7438068fd544c52526b662,ad68caf230681f0c658ac2dc05248bf4245e50c1bf7438068fd544c52526b662,/run/media/moloch/ARCH_BACKUP/JLENS_COLD_ARCHIVE_20260911/tree/home/moloch/jacobian-lens/research/confirmation_2026-09-09/resources/transfer_probe_download/part03.bin,ad68caf230681f0c658ac2dc05248bf4245e50c1bf7438068fd544c52526b662,1,55879286,True,True,/home/moloch/jacobian-lens/research/closeout_2026-09-11/archive/ACCEPTANCE_RECEIPT.json (restoration_from_ssd),referenced only by J-Lens rounds; not a shared cache; not an active source
/home/moloch/jacobian-lens/research/confirmation_2026-09-09/resources/transfer_probe_download/part04.bin,8388608,ad68caf230681f0c658ac2dc05248bf4245e50c1bf7438068fd544c52526b662,ad68caf230681f0c658ac2dc05248bf4245e50c1bf7438068fd544c52526b662,/run/media/moloch/ARCH_BACKUP/JLENS_COLD_ARCHIVE_20260911/tree/home/moloch/jacobian-lens/research/confirmation_2026-09-09/resources/transfer_probe_download/part04.bin,ad68caf230681f0c658ac2dc05248bf4245e50c1bf7438068fd544c52526b662,1,55879284,True,True,/home/moloch/jacobian-lens/research/closeout_2026-09-11/archive/ACCEPTANCE_RECEIPT.json (restoration_from_ssd),referenced only by J-Lens rounds; not a shared cache; not an active source
/home/moloch/jacobian-lens/research/confirmation_2026-09-09/resources/transfer_probe_download/part05.bin,8388608,ad68caf230681f0c658ac2dc05248bf4245e50c1bf7438068fd544c52526b662,ad68caf230681f0c658ac2dc05248bf4245e50c1bf7438068fd544c52526b662,/run/media/moloch/ARCH_BACKUP/JLENS_COLD_ARCHIVE_20260911/tree/home/moloch/jacobian-lens/research/confirmation_2026-09-09/resources/transfer_probe_download/part05.bin,ad68caf230681f0c658ac2dc05248bf4245e50c1bf7438068fd544c52526b662,1,55879283,True,True,/home/moloch/jacobian-lens/research/closeout_2026-09-11/archive/ACCEPTANCE_RECEIPT.json (restoration_from_ssd),referenced only by J-Lens rounds; not a shared cache; not an active source
/home/moloch/jacobian-lens/research/confirmation_2026-09-09/resources/transfer_probe_download/part06.bin,8388608,ad68caf230681f0c658ac2dc05248bf4245e50c1bf7438068fd544c52526b662,ad68caf230681f0c658ac2dc05248bf4245e50c1bf7438068fd544c52526b662,/run/media/moloch/ARCH_BACKUP/JLENS_COLD_ARCHIVE_20260911/tree/home/moloch/jacobian-lens/research/confirmation_2026-09-09/resources/transfer_probe_download/part06.bin,ad68caf230681f0c658ac2dc05248bf4245e50c1bf7438068fd544c52526b662,1,55879280,True,True,/home/moloch/jacobian-lens/research/closeout_2026-09-11/archive/ACCEPTANCE_RECEIPT.json (restoration_from_ssd),referenced only by J-Lens rounds; not a shared cache; not an active source
/home/moloch/jacobian-lens/research/confirmation_2026-09-09/resources/transfer_probe_download/part07.bin,8388608,ad68caf230681f0c658ac2dc05248bf4245e50c1bf7438068fd544c52526b662,ad68caf230681f0c658ac2dc05248bf4245e50c1bf7438068fd544c52526b662,/run/media/moloch/ARCH_BACKUP/JLENS_COLD_ARCHIVE_20260911/tree/home/moloch/jacobian-lens/research/confirmation_2026-09-09/resources/transfer_probe_download/part07.bin,ad68caf230681f0c658ac2dc05248bf4245e50c1bf7438068fd544c52526b662,1,55879279,True,True,/home/moloch/jacobian-lens/research/closeout_2026-09-11/archive/ACCEPTANCE_RECEIPT.json (restoration_from_ssd),referenced only by J-Lens rounds; not a shared cache; not an active source
/home/moloch/jacobian-lens/research/refit_round_2026-09-07/audit/cached_pool_index.jsonl,32861095,79137c5c1ffd82f698da9ab217026dc4498b007263bc95083eb57551dbde034e,79137c5c1ffd82f698da9ab217026dc4498b007263bc95083eb57551dbde034e,/run/media/moloch/ARCH_BACKUP/JLENS_COLD_ARCHIVE_20260911/tree/home/moloch/jacobian-lens/research/refit_round_2026-09-07/audit/cached_pool_index.jsonl,79137c5c1ffd82f698da9ab217026dc4498b007263bc95083eb57551dbde034e,1,55466082,True,True,/home/moloch/jacobian-lens/research/closeout_2026-09-11/archive/ACCEPTANCE_RECEIPT.json (restoration_from_ssd),referenced only by J-Lens rounds; not a shared cache; not an active source
/home/moloch/jacobian-lens/research/refit_round_2026-09-07/cloud_leases/attempt_06/prefetch_v3_20260909T134030Z_649dff12/staging/ouro/fit_01/final/cursor_000100_e090a066bc3b4630891f195e7e7d1d29/lens.pt,1602276737,90f01f6afd83512feba4b1c9871052a9ee85de6cb7ab68bdb59d97c7c9d4b52f,90f01f6afd83512feba4b1c9871052a9ee85de6cb7ab68bdb59d97c7c9d4b52f,/run/media/moloch/ARCH_BACKUP/JLENS_COLD_ARCHIVE_20260911/tree/home/moloch/jacobian-lens/research/refit_round_2026-09-07/cloud_leases/attempt_06/prefetch_v3_20260909T134030Z_649dff12/staging/ouro/fit_01/final/cursor_000100_e090a066bc3b4630891f195e7e7d1d29/lens.pt,90f01f6afd83512feba4b1c9871052a9ee85de6cb7ab68bdb59d97c7c9d4b52f,1,55734097,True,True,/home/moloch/jacobian-lens/research/closeout_2026-09-11/archive/ACCEPTANCE_RECEIPT.json (restoration_from_ssd),referenced only by J-Lens rounds; not a shared cache; not an active source
/home/moloch/jacobian-lens/research/refit_round_2026-09-07/cloud_leases/attempt_06/retrieved/controls/ouro_penultimate/fit_01/final/cursor_000100_6d4d010756ab4a1cbca52509c897410c/lens.pt,1593887875,dc6354df970b29b8312829259ac282c829562aaaf95e45bb43e1bbc5ced5e560,dc6354df970b29b8312829259ac282c829562aaaf95e45bb43e1bbc5ced5e560,/run/media/moloch/ARCH_BACKUP/JLENS_COLD_ARCHIVE_20260911/tree/home/moloch/jacobian-lens/research/refit_round_2026-09-07/cloud_leases/attempt_06/retrieved/controls/ouro_penultimate/fit_01/final/cursor_000100_6d4d010756ab4a1cbca52509c897410c/lens.pt,dc6354df970b29b8312829259ac282c829562aaaf95e45bb43e1bbc5ced5e560,1,56919437,True,True,/home/moloch/jacobian-lens/research/closeout_2026-09-11/archive/ACCEPTANCE_RECEIPT.json (restoration_from_ssd),referenced only by J-Lens rounds; not a shared cache; not an active source
/home/moloch/jacobian-lens/research/refit_round_2026-09-07/cloud_leases/attempt_06/retrieved/controls/ouro_positions/fit_01/final/cursor_000100_435bacee56d94ff988ff069b59f2c987/lens.pt,3204553347,b8e8b7d2d3f40030799395dee9e8376fe1fa0bf09f278319d31a0dff4efe6775,b8e8b7d2d3f40030799395dee9e8376fe1fa0bf09f278319d31a0dff4efe6775,/run/media/moloch/ARCH_BACKUP/JLENS_COLD_ARCHIVE_20260911/tree/home/moloch/jacobian-lens/research/refit_round_2026-09-07/cloud_leases/attempt_06/retrieved/controls/ouro_positions/fit_01/final/cursor_000100_435bacee56d94ff988ff069b59f2c987/lens.pt,b8e8b7d2d3f40030799395dee9e8376fe1fa0bf09f278319d31a0dff4efe6775,1,55730328,True,True,/home/moloch/jacobian-lens/research/closeout_2026-09-11/archive/ACCEPTANCE_RECEIPT.json (restoration_from_ssd),referenced only by J-Lens rounds; not a shared cache; not an active source
/home/moloch/jacobian-lens/research/refit_round_2026-09-07/cloud_leases/attempt_06/retrieved/controls_evaluation/comparisons/paired_ranks.npz,15440995,968bf3313ed87dee4b3329ab2d875076ff9dbb7da9513d9fae030e8177e371ff,968bf3313ed87dee4b3329ab2d875076ff9dbb7da9513d9fae030e8177e371ff,/run/media/moloch/ARCH_BACKUP/JLENS_COLD_ARCHIVE_20260911/tree/home/moloch/jacobian-lens/research/refit_round_2026-09-07/cloud_leases/attempt_06/retrieved/controls_evaluation/comparisons/paired_ranks.npz,968bf3313ed87dee4b3329ab2d875076ff9dbb7da9513d9fae030e8177e371ff,1,57305149,True,True,/home/moloch/jacobian-lens/research/closeout_2026-09-11/archive/ACCEPTANCE_RECEIPT.json (restoration_from_ssd),referenced only by J-Lens rounds; not a shared cache; not an active source
/home/moloch/jacobian-lens/research/refit_round_2026-09-07/monitoring/attempt_06/ouro_handoff_20260909T110503Z/results/controls_evaluation/comparisons/paired_ranks.npz,15440995,968bf3313ed87dee4b3329ab2d875076ff9dbb7da9513d9fae030e8177e371ff,968bf3313ed87dee4b3329ab2d875076ff9dbb7da9513d9fae030e8177e371ff,/run/media/moloch/ARCH_BACKUP/JLENS_COLD_ARCHIVE_20260911/tree/home/moloch/jacobian-lens/research/refit_round_2026-09-07/monitoring/attempt_06/ouro_handoff_20260909T110503Z/results/controls_evaluation/comparisons/paired_ranks.npz,968bf3313ed87dee4b3329ab2d875076ff9dbb7da9513d9fae030e8177e371ff,1,57550329,True,True,/home/moloch/jacobian-lens/research/closeout_2026-09-11/archive/ACCEPTANCE_RECEIPT.json (restoration_from_ssd),referenced only by J-Lens rounds; not a shared cache; not an active source
/home/moloch/jacobian-lens/research/refit_round_2026-09-07/optimization/bench_memory.npz,9388842,dca22278cabe2a66bef53627167dd139e5350359f16bc00c4f4b7dfeab440254,dca22278cabe2a66bef53627167dd139e5350359f16bc00c4f4b7dfeab440254,/run/media/moloch/ARCH_BACKUP/JLENS_COLD_ARCHIVE_20260911/tree/home/moloch/jacobian-lens/research/refit_round_2026-09-07/optimization/bench_memory.npz,dca22278cabe2a66bef53627167dd139e5350359f16bc00c4f4b7dfeab440254,1,55472109,True,True,/home/moloch/jacobian-lens/research/closeout_2026-09-11/archive/ACCEPTANCE_RECEIPT.json (restoration_from_ssd),referenced only by J-Lens rounds; not a shared cache; not an active source
/home/moloch/jacobian-lens/research/refit_round_2026-09-07/optimization/bench_memory_small.npz,18777662,1531eecade9ae449435668ec2220c77cddfba829793e26b5ee60c2613735152e,1531eecade9ae449435668ec2220c77cddfba829793e26b5ee60c2613735152e,/run/media/moloch/ARCH_BACKUP/JLENS_COLD_ARCHIVE_20260911/tree/home/moloch/jacobian-lens/research/refit_round_2026-09-07/optimization/bench_memory_small.npz,1531eecade9ae449435668ec2220c77cddfba829793e26b5ee60c2613735152e,1,55472119,True,True,/home/moloch/jacobian-lens/research/closeout_2026-09-11/archive/ACCEPTANCE_RECEIPT.json (restoration_from_ssd),referenced only by J-Lens rounds; not a shared cache; not an active source
/home/moloch/jacobian-lens/research/refit_round_2026-09-07/optimization/bench_memory_v3.npz,12518454,9f4bb1ed60880bd131c73464a7e5dfca3d464a5fd65a769a05b1cb6c4c247633,9f4bb1ed60880bd131c73464a7e5dfca3d464a5fd65a769a05b1cb6c4c247633,/run/media/moloch/ARCH_BACKUP/JLENS_COLD_ARCHIVE_20260911/tree/home/moloch/jacobian-lens/research/refit_round_2026-09-07/optimization/bench_memory_v3.npz,9f4bb1ed60880bd131c73464a7e5dfca3d464a5fd65a769a05b1cb6c4c247633,1,55472114,True,True,/home/moloch/jacobian-lens/research/closeout_2026-09-11/archive/ACCEPTANCE_RECEIPT.json (restoration_from_ssd),referenced only by J-Lens rounds; not a shared cache; not an active source
/home/moloch/jacobian-lens/research/refit_round_2026-09-07/optimization/bench_reduced.npz,18777678,724804ad73285eae4b6d6275247070f0de4874bafe95aac4523117542cf650b3,724804ad73285eae4b6d6275247070f0de4874bafe95aac4523117542cf650b3,/run/media/moloch/ARCH_BACKUP/JLENS_COLD_ARCHIVE_20260911/tree/home/moloch/jacobian-lens/research/refit_round_2026-09-07/optimization/bench_reduced.npz,724804ad73285eae4b6d6275247070f0de4874bafe95aac4523117542cf650b3,1,55472085,True,True,/home/moloch/jacobian-lens/research/closeout_2026-09-11/archive/ACCEPTANCE_RECEIPT.json (restoration_from_ssd),referenced only by J-Lens rounds; not a shared cache; not an active source
/home/moloch/jacobian-lens/research/refit_round_2026-09-07/optimization/bench_vjp.npz,12518406,a1032a91478137ab295daeea50df1da34e50fca4aef99952468b6ec1b62b364c,a1032a91478137ab295daeea50df1da34e50fca4aef99952468b6ec1b62b364c,/run/media/moloch/ARCH_BACKUP/JLENS_COLD_ARCHIVE_20260911/tree/home/moloch/jacobian-lens/research/refit_round_2026-09-07/optimization/bench_vjp.npz,a1032a91478137ab295daeea50df1da34e50fca4aef99952468b6ec1b62b364c,1,55465856,True,True,/home/moloch/jacobian-lens/research/closeout_2026-09-11/archive/ACCEPTANCE_RECEIPT.json (restoration_from_ssd),referenced only by J-Lens rounds; not a shared cache; not an active source
/home/moloch/jacobian-lens/research/refit_round_2026-09-07/optimization/bench_vjp_math.npz,9388812,7aea3c4dfc5f59f0b00e9c5d75cab49f9a9726cf3d385a4c4a65976d8e97bb20,7aea3c4dfc5f59f0b00e9c5d75cab49f9a9726cf3d385a4c4a65976d8e97bb20,/run/media/moloch/ARCH_BACKUP/JLENS_COLD_ARCHIVE_20260911/tree/home/moloch/jacobian-lens/research/refit_round_2026-09-07/optimization/bench_vjp_math.npz,7aea3c4dfc5f59f0b00e9c5d75cab49f9a9726cf3d385a4c4a65976d8e97bb20,1,55465860,True,True,/home/moloch/jacobian-lens/research/closeout_2026-09-11/archive/ACCEPTANCE_RECEIPT.json (restoration_from_ssd),referenced only by J-Lens rounds; not a shared cache; not an active source
/home/moloch/jacobian-lens/research/verification_2026-09-11/gpu_shape_v1/inputs/development.pt,19118320,56024cf80246d0a1426c4741ad564414468021c6851c51d9422a1e86ae853fe5,56024cf80246d0a1426c4741ad564414468021c6851c51d9422a1e86ae853fe5,/run/media/moloch/ARCH_BACKUP/JLENS_COLD_ARCHIVE_20260911/tree/home/moloch/jacobian-lens/research/verification_2026-09-11/gpu_shape_v1/inputs/development.pt,56024cf80246d0a1426c4741ad564414468021c6851c51d9422a1e86ae853fe5,1,55970407,True,True,/home/moloch/jacobian-lens/research/closeout_2026-09-11/archive/ACCEPTANCE_RECEIPT.json (restoration_from_ssd),referenced only by J-Lens rounds; not a shared cache; not an active source
/home/moloch/jacobian-lens/research/verification_2026-09-11/gpu_shape_v1/inputs/fit01_rows.pt,125830761,d83e10d51d0e6b7029054c05a3e0bb005bb0c59253af1edcf7f8ef72d9c77fdb,d83e10d51d0e6b7029054c05a3e0bb005bb0c59253af1edcf7f8ef72d9c77fdb,/run/media/moloch/ARCH_BACKUP/JLENS_COLD_ARCHIVE_20260911/tree/home/moloch/jacobian-lens/research/verification_2026-09-11/gpu_shape_v1/inputs/fit01_rows.pt,d83e10d51d0e6b7029054c05a3e0bb005bb0c59253af1edcf7f8ef72d9c77fdb,1,55970405,True,True,/home/moloch/jacobian-lens/research/closeout_2026-09-11/archive/ACCEPTANCE_RECEIPT.json (restoration_from_ssd),referenced only by J-Lens rounds; not a shared cache; not an active source
/home/moloch/jacobian-lens/research/verification_2026-09-11/gpu_shape_v1/inputs/samples.pt,17902007,aff63aaeef11f71e597fc30fff4d697d8fefea759f221e0aca8bc53535a08f12,aff63aaeef11f71e597fc30fff4d697d8fefea759f221e0aca8bc53535a08f12,/run/media/moloch/ARCH_BACKUP/JLENS_COLD_ARCHIVE_20260911/tree/home/moloch/jacobian-lens/research/verification_2026-09-11/gpu_shape_v1/inputs/samples.pt,aff63aaeef11f71e597fc30fff4d697d8fefea759f221e0aca8bc53535a08f12,1,55970406,True,True,/home/moloch/jacobian-lens/research/closeout_2026-09-11/archive/ACCEPTANCE_RECEIPT.json (restoration_from_ssd),referenced only by J-Lens rounds; not a shared cache; not an active source
/home/moloch/jacobian-lens/research/verification_2026-09-11/gpu_shape_v1/inputs/states.pt,125833705,9a54ac3f250b1ae2eb8c62e8f852b791509a0dd0a45bd09bf0e1bd177e827ae9,9a54ac3f250b1ae2eb8c62e8f852b791509a0dd0a45bd09bf0e1bd177e827ae9,/run/media/moloch/ARCH_BACKUP/JLENS_COLD_ARCHIVE_20260911/tree/home/moloch/jacobian-lens/research/verification_2026-09-11/gpu_shape_v1/inputs/states.pt,9a54ac3f250b1ae2eb8c62e8f852b791509a0dd0a45bd09bf0e1bd177e827ae9,1,55970404,True,True,/home/moloch/jacobian-lens/research/closeout_2026-09-11/archive/ACCEPTANCE_RECEIPT.json (restoration_from_ssd),referenced only by J-Lens rounds; not a shared cache; not an active source
/home/moloch/jacobian-lens/research/verification_2026-09-11/gpu_shape_v1/local_rtx5070ti/development_rows.pt,18103921,2ae9bc23744e07c82394616ba144f2cd8c5fd86430279f7f72f990d387f99ba4,2ae9bc23744e07c82394616ba144f2cd8c5fd86430279f7f72f990d387f99ba4,/run/media/moloch/ARCH_BACKUP/JLENS_COLD_ARCHIVE_20260911/tree/home/moloch/jacobian-lens/research/verification_2026-09-11/gpu_shape_v1/local_rtx5070ti/development_rows.pt,2ae9bc23744e07c82394616ba144f2cd8c5fd86430279f7f72f990d387f99ba4,1,55970464,True,True,/home/moloch/jacobian-lens/research/closeout_2026-09-11/archive/ACCEPTANCE_RECEIPT.json (restoration_from_ssd),referenced only by J-Lens rounds; not a shared cache; not an active source
/home/moloch/jacobian-lens/research/verification_2026-09-11/gpu_shape_v1/local_rtx5070ti/layouts/fit01_executed.npz,18834852,69b98d71a734fc7d426ae0a45e5eb6562f02fefb72a9f56f1a55cf65e83c0e63,69b98d71a734fc7d426ae0a45e5eb6562f02fefb72a9f56f1a55cf65e83c0e63,/run/media/moloch/ARCH_BACKUP/JLENS_COLD_ARCHIVE_20260911/tree/home/moloch/jacobian-lens/research/verification_2026-09-11/gpu_shape_v1/local_rtx5070ti/layouts/fit01_executed.npz,69b98d71a734fc7d426ae0a45e5eb6562f02fefb72a9f56f1a55cf65e83c0e63,1,55970458,True,True,/home/moloch/jacobian-lens/research/closeout_2026-09-11/archive/ACCEPTANCE_RECEIPT.json (restoration_from_ssd),referenced only by J-Lens rounds; not a shared cache; not an active source
/home/moloch/jacobian-lens/research/verification_2026-09-11/gpu_shape_v1/local_rtx5070ti/layouts/raw_executed.npz,19769751,820fd5d4e7501112363ef6aa37bfb8dd9c2a01115ac04dd09a31843f699c6b17,820fd5d4e7501112363ef6aa37bfb8dd9c2a01115ac04dd09a31843f699c6b17,/run/media/moloch/ARCH_BACKUP/JLENS_COLD_ARCHIVE_20260911/tree/home/moloch/jacobian-lens/research/verification_2026-09-11/gpu_shape_v1/local_rtx5070ti/layouts/raw_executed.npz,820fd5d4e7501112363ef6aa37bfb8dd9c2a01115ac04dd09a31843f699c6b17,1,55970452,True,True,/home/moloch/jacobian-lens/research/closeout_2026-09-11/archive/ACCEPTANCE_RECEIPT.json (restoration_from_ssd),referenced only by J-Lens rounds; not a shared cache; not an active source
/home/moloch/jacobian-lens/research/verification_2026-09-11/gpu_shape_v1/local_rtx5070ti/native_logits.pt,15730217,4ddd506a4deaee3b87c97272c0e2e1c82ec76b278b03c6e24d1b7f5fea5e8987,4ddd506a4deaee3b87c97272c0e2e1c82ec76b278b03c6e24d1b7f5fea5e8987,/run/media/moloch/ARCH_BACKUP/JLENS_COLD_ARCHIVE_20260911/tree/home/moloch/jacobian-lens/research/verification_2026-09-11/gpu_shape_v1/local_rtx5070ti/native_logits.pt,4ddd506a4deaee3b87c97272c0e2e1c82ec76b278b03c6e24d1b7f5fea5e8987,1,55970469,True,True,/home/moloch/jacobian-lens/research/closeout_2026-09-11/archive/ACCEPTANCE_RECEIPT.json (restoration_from_ssd),referenced only by J-Lens rounds; not a shared cache; not an active source
/home/moloch/jacobian-lens/research/verification_2026-09-11/gpu_shape_v1/local_rtx5070ti/regenerated_states.pt,125830825,b284e7fdd9d2128600e8db00a0dfa055f2ab13b9d3626df28932ce4c1c0482c5,b284e7fdd9d2128600e8db00a0dfa055f2ab13b9d3626df28932ce4c1c0482c5,/run/media/moloch/ARCH_BACKUP/JLENS_COLD_ARCHIVE_20260911/tree/home/moloch/jacobian-lens/research/verification_2026-09-11/gpu_shape_v1/local_rtx5070ti/regenerated_states.pt,b284e7fdd9d2128600e8db00a0dfa055f2ab13b9d3626df28932ce4c1c0482c5,1,55970470,True,True,/home/moloch/jacobian-lens/research/closeout_2026-09-11/archive/ACCEPTANCE_RECEIPT.json (restoration_from_ssd),referenced only by J-Lens rounds; not a shared cache; not an active source
/home/moloch/jacobian-lens/research/verification_2026-09-11/preservation/bundle/accepted_final_payload/results/common/cache.pt,377492133,e78ba9da7a4e4e07db915e73f59e8d431a8019c10d90f8ed9504236b5351e90e,e78ba9da7a4e4e07db915e73f59e8d431a8019c10d90f8ed9504236b5351e90e,/run/media/moloch/ARCH_BACKUP/JLENS_COLD_ARCHIVE_20260911/tree/home/moloch/jacobian-lens/research/verification_2026-09-11/preservation/bundle/accepted_final_payload/results/common/cache.pt,e78ba9da7a4e4e07db915e73f59e8d431a8019c10d90f8ed9504236b5351e90e,1,55970688,True,True,/home/moloch/jacobian-lens/research/closeout_2026-09-11/archive/ACCEPTANCE_RECEIPT.json (restoration_from_ssd),referenced only by J-Lens rounds; not a shared cache; not an active source
/home/moloch/jacobian-lens/research/verification_2026-09-11/preservation/bundle/accepted_final_payload/results/development/native.pt,15337945,95f8a8b19ffd9564b1dcdf4152d98ebdfb8f7f4619dd1481dc2ccc64069c53ff,95f8a8b19ffd9564b1dcdf4152d98ebdfb8f7f4619dd1481dc2ccc64069c53ff,/run/media/moloch/ARCH_BACKUP/JLENS_COLD_ARCHIVE_20260911/tree/home/moloch/jacobian-lens/research/verification_2026-09-11/preservation/bundle/accepted_final_payload/results/development/native.pt,95f8a8b19ffd9564b1dcdf4152d98ebdfb8f7f4619dd1481dc2ccc64069c53ff,1,55970690,True,True,/home/moloch/jacobian-lens/research/closeout_2026-09-11/archive/ACCEPTANCE_RECEIPT.json (restoration_from_ssd),referenced only by J-Lens rounds; not a shared cache; not an active source
/home/moloch/jacobian-lens/research/verification_2026-09-11/preservation/bundle/accepted_final_payload/results/readouts/diagonal_samples.pt,10841289,e03d07bd6657c0e4d2cba3ee23bfc605fed882906e1a88f5cda768dfeaecdaf4,e03d07bd6657c0e4d2cba3ee23bfc605fed882906e1a88f5cda768dfeaecdaf4,/run/media/moloch/ARCH_BACKUP/JLENS_COLD_ARCHIVE_20260911/tree/home/moloch/jacobian-lens/research/verification_2026-09-11/preservation/bundle/accepted_final_payload/results/readouts/diagonal_samples.pt,e03d07bd6657c0e4d2cba3ee23bfc605fed882906e1a88f5cda768dfeaecdaf4,1,55970695,True,True,/home/moloch/jacobian-lens/research/closeout_2026-09-11/archive/ACCEPTANCE_RECEIPT.json (restoration_from_ssd),referenced only by J-Lens rounds; not a shared cache; not an active source
/home/moloch/jacobian-lens/research/verification_2026-09-11/preservation/bundle/accepted_final_payload/results/readouts/fit01_samples.pt,12045513,f7f21f65590f127c852b427373c6cb12f588b0b199e6d37448e4a6332ec786dc,f7f21f65590f127c852b427373c6cb12f588b0b199e6d37448e4a6332ec786dc,/run/media/moloch/ARCH_BACKUP/JLENS_COLD_ARCHIVE_20260911/tree/home/moloch/jacobian-lens/research/verification_2026-09-11/preservation/bundle/accepted_final_payload/results/readouts/fit01_samples.pt,f7f21f65590f127c852b427373c6cb12f588b0b199e6d37448e4a6332ec786dc,1,55970697,True,True,/home/moloch/jacobian-lens/research/closeout_2026-09-11/archive/ACCEPTANCE_RECEIPT.json (restoration_from_ssd),referenced only by J-Lens rounds; not a shared cache; not an active source
/home/moloch/jacobian-lens/research/verification_2026-09-11/preservation/bundle/accepted_final_payload/results/readouts/fit02_samples.pt,12045513,686d622f05dede2c49f5e107ccf019f26320174aacfaacc971d8aa60c55eab77,686d622f05dede2c49f5e107ccf019f26320174aacfaacc971d8aa60c55eab77,/run/media/moloch/ARCH_BACKUP/JLENS_COLD_ARCHIVE_20260911/tree/home/moloch/jacobian-lens/research/verification_2026-09-11/preservation/bundle/accepted_final_payload/results/readouts/fit02_samples.pt,686d622f05dede2c49f5e107ccf019f26320174aacfaacc971d8aa60c55eab77,1,55970699,True,True,/home/moloch/jacobian-lens/research/closeout_2026-09-11/archive/ACCEPTANCE_RECEIPT.json (restoration_from_ssd),referenced only by J-Lens rounds; not a shared cache; not an active source
/home/moloch/jacobian-lens/research/verification_2026-09-11/preservation/bundle/accepted_final_payload/results/readouts/penultimate_samples.pt,9637065,afe3248a7ad068f1bee3d57ba249a853ced2ffff42fc9ee8468e54f69b2d241f,afe3248a7ad068f1bee3d57ba249a853ced2ffff42fc9ee8468e54f69b2d241f,/run/media/moloch/ARCH_BACKUP/JLENS_COLD_ARCHIVE_20260911/tree/home/moloch/jacobian-lens/research/verification_2026-09-11/preservation/bundle/accepted_final_payload/results/readouts/penultimate_samples.pt,afe3248a7ad068f1bee3d57ba249a853ced2ffff42fc9ee8468e54f69b2d241f,1,55970701,True,True,/home/moloch/jacobian-lens/research/closeout_2026-09-11/archive/ACCEPTANCE_RECEIPT.json (restoration_from_ssd),referenced only by J-Lens rounds; not a shared cache; not an active source
/home/moloch/jacobian-lens/research/verification_2026-09-11/preservation/bundle/accepted_final_payload/results/readouts/raw_samples.pt,12045513,848bdfe7756960182e8ca4e00e184527f804c73ee32f0a14034f17edba6ce9eb,848bdfe7756960182e8ca4e00e184527f804c73ee32f0a14034f17edba6ce9eb,/run/media/moloch/ARCH_BACKUP/JLENS_COLD_ARCHIVE_20260911/tree/home/moloch/jacobian-lens/research/verification_2026-09-11/preservation/bundle/accepted_final_payload/results/readouts/raw_samples.pt,848bdfe7756960182e8ca4e00e184527f804c73ee32f0a14034f17edba6ce9eb,1,55970704,True,True,/home/moloch/jacobian-lens/research/closeout_2026-09-11/archive/ACCEPTANCE_RECEIPT.json (restoration_from_ssd),referenced only by J-Lens rounds; not a shared cache; not an active source
/home/moloch/jacobian-lens/research/verification_2026-09-11/preservation/bundle/accepted_final_payload/results/readouts/sampled_sum_samples.pt,10841289,406dd326d1d2e333b7f95ebce87c8a29fe635e02485425355a33031fa10bb0a5,406dd326d1d2e333b7f95ebce87c8a29fe635e02485425355a33031fa10bb0a5,/run/media/moloch/ARCH_BACKUP/JLENS_COLD_ARCHIVE_20260911/tree/home/moloch/jacobian-lens/research/verification_2026-09-11/preservation/bundle/accepted_final_payload/results/readouts/sampled_sum_samples.pt,406dd326d1d2e333b7f95ebce87c8a29fe635e02485425355a33031fa10bb0a5,1,55970714,True,True,/home/moloch/jacobian-lens/research/closeout_2026-09-11/archive/ACCEPTANCE_RECEIPT.json (restoration_from_ssd),referenced only by J-Lens rounds; not a shared cache; not an active source
/home/moloch/jacobian-lens/research/verification_2026-09-11/preservation/bundle/banks/fit01.pt,1602276737,90f01f6afd83512feba4b1c9871052a9ee85de6cb7ab68bdb59d97c7c9d4b52f,90f01f6afd83512feba4b1c9871052a9ee85de6cb7ab68bdb59d97c7c9d4b52f,/run/media/moloch/ARCH_BACKUP/JLENS_COLD_ARCHIVE_20260911/tree/home/moloch/jacobian-lens/research/verification_2026-09-11/preservation/bundle/banks/fit01.pt,90f01f6afd83512feba4b1c9871052a9ee85de6cb7ab68bdb59d97c7c9d4b52f,1,55970674,True,True,/home/moloch/jacobian-lens/research/closeout_2026-09-11/archive/ACCEPTANCE_RECEIPT.json (restoration_from_ssd),referenced only by J-Lens rounds; not a shared cache; not an active source
/home/moloch/jacobian-lens/research/verification_2026-09-11/preservation/bundle/banks/fit02.pt,1602276737,101f31db6aa56d97fbae7ecb3e2f241ef1805000484d0e22f5eba5fc0b9acde8,101f31db6aa56d97fbae7ecb3e2f241ef1805000484d0e22f5eba5fc0b9acde8,/run/media/moloch/ARCH_BACKUP/JLENS_COLD_ARCHIVE_20260911/tree/home/moloch/jacobian-lens/research/verification_2026-09-11/preservation/bundle/banks/fit02.pt,101f31db6aa56d97fbae7ecb3e2f241ef1805000484d0e22f5eba5fc0b9acde8,1,55970675,True,True,/home/moloch/jacobian-lens/research/closeout_2026-09-11/archive/ACCEPTANCE_RECEIPT.json (restoration_from_ssd),referenced only by J-Lens rounds; not a shared cache; not an active source
/home/moloch/jacobian-lens/research/verification_2026-09-11/preservation/bundle/banks/penultimate.pt,1593887875,dc6354df970b29b8312829259ac282c829562aaaf95e45bb43e1bbc5ced5e560,dc6354df970b29b8312829259ac282c829562aaaf95e45bb43e1bbc5ced5e560,/run/media/moloch/ARCH_BACKUP/JLENS_COLD_ARCHIVE_20260911/tree/home/moloch/jacobian-lens/research/verification_2026-09-11/preservation/bundle/banks/penultimate.pt,dc6354df970b29b8312829259ac282c829562aaaf95e45bb43e1bbc5ced5e560,1,55970676,True,True,/home/moloch/jacobian-lens/research/closeout_2026-09-11/archive/ACCEPTANCE_RECEIPT.json (restoration_from_ssd),referenced only by J-Lens rounds; not a shared cache; not an active source
/home/moloch/jacobian-lens/research/verification_2026-09-11/preservation/bundle/banks/positions.pt,3204553347,b8e8b7d2d3f40030799395dee9e8376fe1fa0bf09f278319d31a0dff4efe6775,b8e8b7d2d3f40030799395dee9e8376fe1fa0bf09f278319d31a0dff4efe6775,/run/media/moloch/ARCH_BACKUP/JLENS_COLD_ARCHIVE_20260911/tree/home/moloch/jacobian-lens/research/verification_2026-09-11/preservation/bundle/banks/positions.pt,b8e8b7d2d3f40030799395dee9e8376fe1fa0bf09f278319d31a0dff4efe6775,1,55970677,True,True,/home/moloch/jacobian-lens/research/closeout_2026-09-11/archive/ACCEPTANCE_RECEIPT.json (restoration_from_ssd),referenced only by J-Lens rounds; not a shared cache; not an active source
/home/moloch/jacobian-lens/research/verification_2026-09-11/preservation/bundle/confirmation_2026-09-09/cloud_leases/attempt_05/handoff/staging/ouro_confirmation_20260910_fixed160_precision1/144c9a935a46a335493e9c8c4fbd695a1b817c957fa81032d911f244cb807ad3/results/development/native.pt,15337945,aa6a79bc89a1f959e26e8a3299294c27fc0ef64e7cbe2929dfa1432afd813213,aa6a79bc89a1f959e26e8a3299294c27fc0ef64e7cbe2929dfa1432afd813213,/run/media/moloch/ARCH_BACKUP/JLENS_COLD_ARCHIVE_20260911/tree/home/moloch/jacobian-lens/research/verification_2026-09-11/preservation/bundle/confirmation_2026-09-09/cloud_leases/attempt_05/handoff/staging/ouro_confirmation_20260910_fixed160_precision1/144c9a935a46a335493e9c8c4fbd695a1b817c957fa81032d911f244cb807ad3/results/development/native.pt,aa6a79bc89a1f959e26e8a3299294c27fc0ef64e7cbe2929dfa1432afd813213,1,55970979,True,True,/home/moloch/jacobian-lens/research/closeout_2026-09-11/archive/ACCEPTANCE_RECEIPT.json (restoration_from_ssd),referenced only by J-Lens rounds; not a shared cache; not an active source
/home/moloch/jacobian-lens/research/verification_2026-09-11/preservation/bundle/confirmation_2026-09-09/cloud_leases/attempt_06/handoff/accepted/ouro_confirmation_20260911_fixed160_native1/2b053cb8d4d0b8e68a3f2c54910046ed1e48cd4e7cbc109045340814314a7c60/results/development/native.pt,15337945,95f8a8b19ffd9564b1dcdf4152d98ebdfb8f7f4619dd1481dc2ccc64069c53ff,95f8a8b19ffd9564b1dcdf4152d98ebdfb8f7f4619dd1481dc2ccc64069c53ff,/run/media/moloch/ARCH_BACKUP/JLENS_COLD_ARCHIVE_20260911/tree/home/moloch/jacobian-lens/research/verification_2026-09-11/preservation/bundle/confirmation_2026-09-09/cloud_leases/attempt_06/handoff/accepted/ouro_confirmation_20260911_fixed160_native1/2b053cb8d4d0b8e68a3f2c54910046ed1e48cd4e7cbc109045340814314a7c60/results/development/native.pt,95f8a8b19ffd9564b1dcdf4152d98ebdfb8f7f4619dd1481dc2ccc64069c53ff,1,55971015,True,True,/home/moloch/jacobian-lens/research/closeout_2026-09-11/archive/ACCEPTANCE_RECEIPT.json (restoration_from_ssd),referenced only by J-Lens rounds; not a shared cache; not an active source
/home/moloch/jacobian-lens/research/verification_2026-09-11/preservation/bundle/confirmation_2026-09-09/cloud_leases/attempt_06/handoff/accepted/ouro_confirmation_20260911_fixed160_native1/7a81122c19b07e916d3ed5a804d4bb2c0309ab06eafeea53900e742fb22c4304/results/development/native.pt,15337945,95f8a8b19ffd9564b1dcdf4152d98ebdfb8f7f4619dd1481dc2ccc64069c53ff,95f8a8b19ffd9564b1dcdf4152d98ebdfb8f7f4619dd1481dc2ccc64069c53ff,/run/media/moloch/ARCH_BACKUP/JLENS_COLD_ARCHIVE_20260911/tree/home/moloch/jacobian-lens/research/verification_2026-09-11/preservation/bundle/confirmation_2026-09-09/cloud_leases/attempt_06/handoff/accepted/ouro_confirmation_20260911_fixed160_native1/7a81122c19b07e916d3ed5a804d4bb2c0309ab06eafeea53900e742fb22c4304/results/development/native.pt,95f8a8b19ffd9564b1dcdf4152d98ebdfb8f7f4619dd1481dc2ccc64069c53ff,1,55971028,True,True,/home/moloch/jacobian-lens/research/closeout_2026-09-11/archive/ACCEPTANCE_RECEIPT.json (restoration_from_ssd),referenced only by J-Lens rounds; not a shared cache; not an active source
/home/moloch/jacobian-lens/research/verification_2026-09-11/preservation/bundle/confirmation_2026-09-09/cloud_leases/attempt_06/handoff/accepted/ouro_confirmation_20260911_fixed160_native1/7a81122c19b07e916d3ed5a804d4bb2c0309ab06eafeea53900e742fb22c4304/results/readouts/fit02_samples.pt,12045513,686d622f05dede2c49f5e107ccf019f26320174aacfaacc971d8aa60c55eab77,686d622f05dede2c49f5e107ccf019f26320174aacfaacc971d8aa60c55eab77,/run/media/moloch/ARCH_BACKUP/JLENS_COLD_ARCHIVE_20260911/tree/home/moloch/jacobian-lens/research/verification_2026-09-11/preservation/bundle/confirmation_2026-09-09/cloud_leases/attempt_06/handoff/accepted/ouro_confirmation_20260911_fixed160_native1/7a81122c19b07e916d3ed5a804d4bb2c0309ab06eafeea53900e742fb22c4304/results/readouts/fit02_samples.pt,686d622f05dede2c49f5e107ccf019f26320174aacfaacc971d8aa60c55eab77,1,55971033,True,True,/home/moloch/jacobian-lens/research/closeout_2026-09-11/archive/ACCEPTANCE_RECEIPT.json (restoration_from_ssd),referenced only by J-Lens rounds; not a shared cache; not an active source
/home/moloch/jacobian-lens/research/verification_2026-09-11/preservation/bundle/confirmation_2026-09-09/cloud_leases/attempt_06/handoff/accepted/ouro_confirmation_20260911_fixed160_native1/7af7ca0721bc3d2fdd2aad3e7914293b97e97402a6af3f1d216d56e84eb868de/results/development/native.pt,15337945,95f8a8b19ffd9564b1dcdf4152d98ebdfb8f7f4619dd1481dc2ccc64069c53ff,95f8a8b19ffd9564b1dcdf4152d98ebdfb8f7f4619dd1481dc2ccc64069c53ff,/run/media/moloch/ARCH_BACKUP/JLENS_COLD_ARCHIVE_20260911/tree/home/moloch/jacobian-lens/research/verification_2026-09-11/preservation/bundle/confirmation_2026-09-09/cloud_leases/attempt_06/handoff/accepted/ouro_confirmation_20260911_fixed160_native1/7af7ca0721bc3d2fdd2aad3e7914293b97e97402a6af3f1d216d56e84eb868de/results/development/native.pt,95f8a8b19ffd9564b1dcdf4152d98ebdfb8f7f4619dd1481dc2ccc64069c53ff,1,55971044,True,True,/home/moloch/jacobian-lens/research/closeout_2026-09-11/archive/ACCEPTANCE_RECEIPT.json (restoration_from_ssd),referenced only by J-Lens rounds; not a shared cache; not an active source
/home/moloch/jacobian-lens/research/verification_2026-09-11/preservation/bundle/confirmation_2026-09-09/cloud_leases/attempt_06/handoff/accepted/ouro_confirmation_20260911_fixed160_native1/7af7ca0721bc3d2fdd2aad3e7914293b97e97402a6af3f1d216d56e84eb868de/results/readouts/raw_samples.pt,12045513,848bdfe7756960182e8ca4e00e184527f804c73ee32f0a14034f17edba6ce9eb,848bdfe7756960182e8ca4e00e184527f804c73ee32f0a14034f17edba6ce9eb,/run/media/moloch/ARCH_BACKUP/JLENS_COLD_ARCHIVE_20260911/tree/home/moloch/jacobian-lens/research/verification_2026-09-11/preservation/bundle/confirmation_2026-09-09/cloud_leases/attempt_06/handoff/accepted/ouro_confirmation_20260911_fixed160_native1/7af7ca0721bc3d2fdd2aad3e7914293b97e97402a6af3f1d216d56e84eb868de/results/readouts/raw_samples.pt,848bdfe7756960182e8ca4e00e184527f804c73ee32f0a14034f17edba6ce9eb,1,55971049,True,True,/home/moloch/jacobian-lens/research/closeout_2026-09-11/archive/ACCEPTANCE_RECEIPT.json (restoration_from_ssd),referenced only by J-Lens rounds; not a shared cache; not an active source
/home/moloch/jacobian-lens/research/verification_2026-09-11/preservation/bundle/confirmation_2026-09-09/cloud_leases/attempt_06/handoff/accepted/ouro_confirmation_20260911_fixed160_native1/89e8f70a4faea25ce105b911f011ae2901e3b1d3015e2f7165a790f30c75a77d/results/development/native.pt,15337945,95f8a8b19ffd9564b1dcdf4152d98ebdfb8f7f4619dd1481dc2ccc64069c53ff,95f8a8b19ffd9564b1dcdf4152d98ebdfb8f7f4619dd1481dc2ccc64069c53ff,/run/media/moloch/ARCH_BACKUP/JLENS_COLD_ARCHIVE_20260911/tree/home/moloch/jacobian-lens/research/verification_2026-09-11/preservation/bundle/confirmation_2026-09-09/cloud_leases/attempt_06/handoff/accepted/ouro_confirmation_20260911_fixed160_native1/89e8f70a4faea25ce105b911f011ae2901e3b1d3015e2f7165a790f30c75a77d/results/development/native.pt,95f8a8b19ffd9564b1dcdf4152d98ebdfb8f7f4619dd1481dc2ccc64069c53ff,1,55971060,True,True,/home/moloch/jacobian-lens/research/closeout_2026-09-11/archive/ACCEPTANCE_RECEIPT.json (restoration_from_ssd),referenced only by J-Lens rounds; not a shared cache; not an active source
/home/moloch/jacobian-lens/research/verification_2026-09-11/preservation/bundle/confirmation_2026-09-09/cloud_leases/attempt_06/handoff/accepted/ouro_confirmation_20260911_fixed160_native1/89e8f70a4faea25ce105b911f011ae2901e3b1d3015e2f7165a790f30c75a77d/results/readouts/diagonal_samples.pt,10841289,e03d07bd6657c0e4d2cba3ee23bfc605fed882906e1a88f5cda768dfeaecdaf4,e03d07bd6657c0e4d2cba3ee23bfc605fed882906e1a88f5cda768dfeaecdaf4,/run/media/moloch/ARCH_BACKUP/JLENS_COLD_ARCHIVE_20260911/tree/home/moloch/jacobian-lens/research/verification_2026-09-11/preservation/bundle/confirmation_2026-09-09/cloud_leases/attempt_06/handoff/accepted/ouro_confirmation_20260911_fixed160_native1/89e8f70a4faea25ce105b911f011ae2901e3b1d3015e2f7165a790f30c75a77d/results/readouts/diagonal_samples.pt,e03d07bd6657c0e4d2cba3ee23bfc605fed882906e1a88f5cda768dfeaecdaf4,1,55971065,True,True,/home/moloch/jacobian-lens/research/closeout_2026-09-11/archive/ACCEPTANCE_RECEIPT.json (restoration_from_ssd),referenced only by J-Lens rounds; not a shared cache; not an active source
/home/moloch/jacobian-lens/research/verification_2026-09-11/preservation/bundle/confirmation_2026-09-09/cloud_leases/attempt_06/handoff/accepted/ouro_confirmation_20260911_fixed160_native1/8f6822bc80c1552827580e04aaf52235108b7cd940d839bfca2ff5219b88302e/results/development/native.pt,15337945,95f8a8b19ffd9564b1dcdf4152d98ebdfb8f7f4619dd1481dc2ccc64069c53ff,95f8a8b19ffd9564b1dcdf4152d98ebdfb8f7f4619dd1481dc2ccc64069c53ff,/run/media/moloch/ARCH_BACKUP/JLENS_COLD_ARCHIVE_20260911/tree/home/moloch/jacobian-lens/research/verification_2026-09-11/preservation/bundle/confirmation_2026-09-09/cloud_leases/attempt_06/handoff/accepted/ouro_confirmation_20260911_fixed160_native1/8f6822bc80c1552827580e04aaf52235108b7cd940d839bfca2ff5219b88302e/results/development/native.pt,95f8a8b19ffd9564b1dcdf4152d98ebdfb8f7f4619dd1481dc2ccc64069c53ff,1,55971076,True,True,/home/moloch/jacobian-lens/research/closeout_2026-09-11/archive/ACCEPTANCE_RECEIPT.json (restoration_from_ssd),referenced only by J-Lens rounds; not a shared cache; not an active source
/home/moloch/jacobian-lens/research/verification_2026-09-11/preservation/bundle/confirmation_2026-09-09/cloud_leases/attempt_06/handoff/accepted/ouro_confirmation_20260911_fixed160_native1/8f6822bc80c1552827580e04aaf52235108b7cd940d839bfca2ff5219b88302e/results/readouts/penultimate_samples.pt,9637065,afe3248a7ad068f1bee3d57ba249a853ced2ffff42fc9ee8468e54f69b2d241f,afe3248a7ad068f1bee3d57ba249a853ced2ffff42fc9ee8468e54f69b2d241f,/run/media/moloch/ARCH_BACKUP/JLENS_COLD_ARCHIVE_20260911/tree/home/moloch/jacobian-lens/research/verification_2026-09-11/preservation/bundle/confirmation_2026-09-09/cloud_leases/attempt_06/handoff/accepted/ouro_confirmation_20260911_fixed160_native1/8f6822bc80c1552827580e04aaf52235108b7cd940d839bfca2ff5219b88302e/results/readouts/penultimate_samples.pt,afe3248a7ad068f1bee3d57ba249a853ced2ffff42fc9ee8468e54f69b2d241f,1,55971081,True,True,/home/moloch/jacobian-lens/research/closeout_2026-09-11/archive/ACCEPTANCE_RECEIPT.json (restoration_from_ssd),referenced only by J-Lens rounds; not a shared cache; not an active source
/home/moloch/jacobian-lens/research/verification_2026-09-11/preservation/bundle/confirmation_2026-09-09/cloud_leases/attempt_06/handoff/accepted/ouro_confirmation_20260911_fixed160_native1/a1085fbb390195a4a5690b9e9e615cc2883da1ce6bc9177ce0f9a6bc7fa98c2f/results/development/native.pt,15337945,95f8a8b19ffd9564b1dcdf4152d98ebdfb8f7f4619dd1481dc2ccc64069c53ff,95f8a8b19ffd9564b1dcdf4152d98ebdfb8f7f4619dd1481dc2ccc64069c53ff,/run/media/moloch/ARCH_BACKUP/JLENS_COLD_ARCHIVE_20260911/tree/home/moloch/jacobian-lens/research/verification_2026-09-11/preservation/bundle/confirmation_2026-09-09/cloud_leases/attempt_06/handoff/accepted/ouro_confirmation_20260911_fixed160_native1/a1085fbb390195a4a5690b9e9e615cc2883da1ce6bc9177ce0f9a6bc7fa98c2f/results/development/native.pt,95f8a8b19ffd9564b1dcdf4152d98ebdfb8f7f4619dd1481dc2ccc64069c53ff,1,55971092,True,True,/home/moloch/jacobian-lens/research/closeout_2026-09-11/archive/ACCEPTANCE_RECEIPT.json (restoration_from_ssd),referenced only by J-Lens rounds; not a shared cache; not an active source
/home/moloch/jacobian-lens/research/verification_2026-09-11/preservation/bundle/confirmation_2026-09-09/cloud_leases/attempt_06/handoff/accepted/ouro_confirmation_20260911_fixed160_native1/a1085fbb390195a4a5690b9e9e615cc2883da1ce6bc9177ce0f9a6bc7fa98c2f/results/readouts/sampled_sum_samples.pt,10841289,406dd326d1d2e333b7f95ebce87c8a29fe635e02485425355a33031fa10bb0a5,406dd326d1d2e333b7f95ebce87c8a29fe635e02485425355a33031fa10bb0a5,/run/media/moloch/ARCH_BACKUP/JLENS_COLD_ARCHIVE_20260911/tree/home/moloch/jacobian-lens/research/verification_2026-09-11/preservation/bundle/confirmation_2026-09-09/cloud_leases/attempt_06/handoff/accepted/ouro_confirmation_20260911_fixed160_native1/a1085fbb390195a4a5690b9e9e615cc2883da1ce6bc9177ce0f9a6bc7fa98c2f/results/readouts/sampled_sum_samples.pt,406dd326d1d2e333b7f95ebce87c8a29fe635e02485425355a33031fa10bb0a5,1,55971097,True,True,/home/moloch/jacobian-lens/research/closeout_2026-09-11/archive/ACCEPTANCE_RECEIPT.json (restoration_from_ssd),referenced only by J-Lens rounds; not a shared cache; not an active source
/home/moloch/jacobian-lens/research/verification_2026-09-11/preservation/bundle/confirmation_2026-09-09/cloud_leases/attempt_06/handoff/accepted/ouro_confirmation_20260911_fixed160_native1/b355a0ea76244df587e8ea2865e40d125ba28eff09d1d8cc9a6f10e2c41aae9e/results/development/native.pt,15337945,95f8a8b19ffd9564b1dcdf4152d98ebdfb8f7f4619dd1481dc2ccc64069c53ff,95f8a8b19ffd9564b1dcdf4152d98ebdfb8f7f4619dd1481dc2ccc64069c53ff,/run/media/moloch/ARCH_BACKUP/JLENS_COLD_ARCHIVE_20260911/tree/home/moloch/jacobian-lens/research/verification_2026-09-11/preservation/bundle/confirmation_2026-09-09/cloud_leases/attempt_06/handoff/accepted/ouro_confirmation_20260911_fixed160_native1/b355a0ea76244df587e8ea2865e40d125ba28eff09d1d8cc9a6f10e2c41aae9e/results/development/native.pt,95f8a8b19ffd9564b1dcdf4152d98ebdfb8f7f4619dd1481dc2ccc64069c53ff,1,55971108,True,True,/home/moloch/jacobian-lens/research/closeout_2026-09-11/archive/ACCEPTANCE_RECEIPT.json (restoration_from_ssd),referenced only by J-Lens rounds; not a shared cache; not an active source
/home/moloch/jacobian-lens/research/verification_2026-09-11/preservation/bundle/confirmation_2026-09-09/cloud_leases/attempt_06/handoff/accepted/ouro_confirmation_20260911_fixed160_native1/b355a0ea76244df587e8ea2865e40d125ba28eff09d1d8cc9a6f10e2c41aae9e/results/readouts/fit01_samples.pt,12045513,f7f21f65590f127c852b427373c6cb12f588b0b199e6d37448e4a6332ec786dc,f7f21f65590f127c852b427373c6cb12f588b0b199e6d37448e4a6332ec786dc,/run/media/moloch/ARCH_BACKUP/JLENS_COLD_ARCHIVE_20260911/tree/home/moloch/jacobian-lens/research/verification_2026-09-11/preservation/bundle/confirmation_2026-09-09/cloud_leases/attempt_06/handoff/accepted/ouro_confirmation_20260911_fixed160_native1/b355a0ea76244df587e8ea2865e40d125ba28eff09d1d8cc9a6f10e2c41aae9e/results/readouts/fit01_samples.pt,f7f21f65590f127c852b427373c6cb12f588b0b199e6d37448e4a6332ec786dc,1,55971113,True,True,/home/moloch/jacobian-lens/research/closeout_2026-09-11/archive/ACCEPTANCE_RECEIPT.json (restoration_from_ssd),referenced only by J-Lens rounds; not a shared cache; not an active source
/home/moloch/jacobian-lens/research/verification_2026-09-11/preservation/bundle/confirmation_2026-09-09/cloud_leases/attempt_06/handoff/accepted/ouro_confirmation_20260911_fixed160_native1/ff7c0769b2b0dbe2e53b120daf7f0729434fe65e54c013288771f5052ffd4cef/results/development/native.pt,15337945,95f8a8b19ffd9564b1dcdf4152d98ebdfb8f7f4619dd1481dc2ccc64069c53ff,95f8a8b19ffd9564b1dcdf4152d98ebdfb8f7f4619dd1481dc2ccc64069c53ff,/run/media/moloch/ARCH_BACKUP/JLENS_COLD_ARCHIVE_20260911/tree/home/moloch/jacobian-lens/research/verification_2026-09-11/preservation/bundle/confirmation_2026-09-09/cloud_leases/attempt_06/handoff/accepted/ouro_confirmation_20260911_fixed160_native1/ff7c0769b2b0dbe2e53b120daf7f0729434fe65e54c013288771f5052ffd4cef/results/development/native.pt,95f8a8b19ffd9564b1dcdf4152d98ebdfb8f7f4619dd1481dc2ccc64069c53ff,1,55971124,True,True,/home/moloch/jacobian-lens/research/closeout_2026-09-11/archive/ACCEPTANCE_RECEIPT.json (restoration_from_ssd),referenced only by J-Lens rounds; not a shared cache; not an active source
/home/moloch/jacobian-lens/research/verification_2026-09-11/preservation/bundle/confirmation_2026-09-09/cloud_leases/attempt_06/handoff/accepted/ouro_confirmation_20260911_fixed160_native1/ff7c0769b2b0dbe2e53b120daf7f0729434fe65e54c013288771f5052ffd4cef/results/readouts/diagonal_samples.pt,10841289,e03d07bd6657c0e4d2cba3ee23bfc605fed882906e1a88f5cda768dfeaecdaf4,e03d07bd6657c0e4d2cba3ee23bfc605fed882906e1a88f5cda768dfeaecdaf4,/run/media/moloch/ARCH_BACKUP/JLENS_COLD_ARCHIVE_20260911/tree/home/moloch/jacobian-lens/research/verification_2026-09-11/preservation/bundle/confirmation_2026-09-09/cloud_leases/attempt_06/handoff/accepted/ouro_confirmation_20260911_fixed160_native1/ff7c0769b2b0dbe2e53b120daf7f0729434fe65e54c013288771f5052ffd4cef/results/readouts/diagonal_samples.pt,e03d07bd6657c0e4d2cba3ee23bfc605fed882906e1a88f5cda768dfeaecdaf4,1,55971129,True,True,/home/moloch/jacobian-lens/research/closeout_2026-09-11/archive/ACCEPTANCE_RECEIPT.json (restoration_from_ssd),referenced only by J-Lens rounds; not a shared cache; not an active source
/home/moloch/jacobian-lens/research/verification_2026-09-11/preservation/bundle/confirmation_2026-09-09/cloud_leases/attempt_06/handoff/accepted/ouro_confirmation_20260911_fixed160_native1/ff7c0769b2b0dbe2e53b120daf7f0729434fe65e54c013288771f5052ffd4cef/results/readouts/fit01_samples.pt,12045513,f7f21f65590f127c852b427373c6cb12f588b0b199e6d37448e4a6332ec786dc,f7f21f65590f127c852b427373c6cb12f588b0b199e6d37448e4a6332ec786dc,/run/media/moloch/ARCH_BACKUP/JLENS_COLD_ARCHIVE_20260911/tree/home/moloch/jacobian-lens/research/verification_2026-09-11/preservation/bundle/confirmation_2026-09-09/cloud_leases/attempt_06/handoff/accepted/ouro_confirmation_20260911_fixed160_native1/ff7c0769b2b0dbe2e53b120daf7f0729434fe65e54c013288771f5052ffd4cef/results/readouts/fit01_samples.pt,f7f21f65590f127c852b427373c6cb12f588b0b199e6d37448e4a6332ec786dc,1,55971131,True,True,/home/moloch/jacobian-lens/research/closeout_2026-09-11/archive/ACCEPTANCE_RECEIPT.json (restoration_from_ssd),referenced only by J-Lens rounds; not a shared cache; not an active source
/home/moloch/jacobian-lens/research/verification_2026-09-11/preservation/bundle/confirmation_2026-09-09/cloud_leases/attempt_06/handoff/accepted/ouro_confirmation_20260911_fixed160_native1/ff7c0769b2b0dbe2e53b120daf7f0729434fe65e54c013288771f5052ffd4cef/results/readouts/fit02_samples.pt,12045513,686d622f05dede2c49f5e107ccf019f26320174aacfaacc971d8aa60c55eab77,686d622f05dede2c49f5e107ccf019f26320174aacfaacc971d8aa60c55eab77,/run/media/moloch/ARCH_BACKUP/JLENS_COLD_ARCHIVE_20260911/tree/home/moloch/jacobian-lens/research/verification_2026-09-11/preservation/bundle/confirmation_2026-09-09/cloud_leases/attempt_06/handoff/accepted/ouro_confirmation_20260911_fixed160_native1/ff7c0769b2b0dbe2e53b120daf7f0729434fe65e54c013288771f5052ffd4cef/results/readouts/fit02_samples.pt,686d622f05dede2c49f5e107ccf019f26320174aacfaacc971d8aa60c55eab77,1,55971133,True,True,/home/moloch/jacobian-lens/research/closeout_2026-09-11/archive/ACCEPTANCE_RECEIPT.json (restoration_from_ssd),referenced only by J-Lens rounds; not a shared cache; not an active source
/home/moloch/jacobian-lens/research/verification_2026-09-11/preservation/bundle/confirmation_2026-09-09/cloud_leases/attempt_06/handoff/accepted/ouro_confirmation_20260911_fixed160_native1/ff7c0769b2b0dbe2e53b120daf7f0729434fe65e54c013288771f5052ffd4cef/results/readouts/penultimate_samples.pt,9637065,afe3248a7ad068f1bee3d57ba249a853ced2ffff42fc9ee8468e54f69b2d241f,afe3248a7ad068f1bee3d57ba249a853ced2ffff42fc9ee8468e54f69b2d241f,/run/media/moloch/ARCH_BACKUP/JLENS_COLD_ARCHIVE_20260911/tree/home/moloch/jacobian-lens/research/verification_2026-09-11/preservation/bundle/confirmation_2026-09-09/cloud_leases/attempt_06/handoff/accepted/ouro_confirmation_20260911_fixed160_native1/ff7c0769b2b0dbe2e53b120daf7f0729434fe65e54c013288771f5052ffd4cef/results/readouts/penultimate_samples.pt,afe3248a7ad068f1bee3d57ba249a853ced2ffff42fc9ee8468e54f69b2d241f,1,55971135,True,True,/home/moloch/jacobian-lens/research/closeout_2026-09-11/archive/ACCEPTANCE_RECEIPT.json (restoration_from_ssd),referenced only by J-Lens rounds; not a shared cache; not an active source
/home/moloch/jacobian-lens/research/verification_2026-09-11/preservation/bundle/confirmation_2026-09-09/cloud_leases/attempt_06/handoff/accepted/ouro_confirmation_20260911_fixed160_native1/ff7c0769b2b0dbe2e53b120daf7f0729434fe65e54c013288771f5052ffd4cef/results/readouts/raw_samples.pt,12045513,848bdfe7756960182e8ca4e00e184527f804c73ee32f0a14034f17edba6ce9eb,848bdfe7756960182e8ca4e00e184527f804c73ee32f0a14034f17edba6ce9eb,/run/media/moloch/ARCH_BACKUP/JLENS_COLD_ARCHIVE_20260911/tree/home/moloch/jacobian-lens/research/verification_2026-09-11/preservation/bundle/confirmation_2026-09-09/cloud_leases/attempt_06/handoff/accepted/ouro_confirmation_20260911_fixed160_native1/ff7c0769b2b0dbe2e53b120daf7f0729434fe65e54c013288771f5052ffd4cef/results/readouts/raw_samples.pt,848bdfe7756960182e8ca4e00e184527f804c73ee32f0a14034f17edba6ce9eb,1,55971137,True,True,/home/moloch/jacobian-lens/research/closeout_2026-09-11/archive/ACCEPTANCE_RECEIPT.json (restoration_from_ssd),referenced only by J-Lens rounds; not a shared cache; not an active source
/home/moloch/jacobian-lens/research/verification_2026-09-11/preservation/bundle/confirmation_2026-09-09/cloud_leases/attempt_06/handoff/accepted/ouro_confirmation_20260911_fixed160_native1/ff7c0769b2b0dbe2e53b120daf7f0729434fe65e54c013288771f5052ffd4cef/results/readouts/sampled_sum_samples.pt,10841289,406dd326d1d2e333b7f95ebce87c8a29fe635e02485425355a33031fa10bb0a5,406dd326d1d2e333b7f95ebce87c8a29fe635e02485425355a33031fa10bb0a5,/run/media/moloch/ARCH_BACKUP/JLENS_COLD_ARCHIVE_20260911/tree/home/moloch/jacobian-lens/research/verification_2026-09-11/preservation/bundle/confirmation_2026-09-09/cloud_leases/attempt_06/handoff/accepted/ouro_confirmation_20260911_fixed160_native1/ff7c0769b2b0dbe2e53b120daf7f0729434fe65e54c013288771f5052ffd4cef/results/readouts/sampled_sum_samples.pt,406dd326d1d2e333b7f95ebce87c8a29fe635e02485425355a33031fa10bb0a5,1,55971139,True,True,/home/moloch/jacobian-lens/research/closeout_2026-09-11/archive/ACCEPTANCE_RECEIPT.json (restoration_from_ssd),referenced only by J-Lens rounds; not a shared cache; not an active source
/home/moloch/jacobian-lens/research/verification_2026-09-11/preservation/bundle/confirmation_2026-09-09/cloud_leases/diagnostic_native_logit_v1/handoff/accepted/ouro_native_logit_diagnostic_v1/f9751036b1fa746fc8a37287c755093cde92238ead58347f78869eeb949063e6/results/development/native.pt,15337945,aa6a79bc89a1f959e26e8a3299294c27fc0ef64e7cbe2929dfa1432afd813213,aa6a79bc89a1f959e26e8a3299294c27fc0ef64e7cbe2929dfa1432afd813213,/run/media/moloch/ARCH_BACKUP/JLENS_COLD_ARCHIVE_20260911/tree/home/moloch/jacobian-lens/research/verification_2026-09-11/preservation/bundle/confirmation_2026-09-09/cloud_leases/diagnostic_native_logit_v1/handoff/accepted/ouro_native_logit_diagnostic_v1/f9751036b1fa746fc8a37287c755093cde92238ead58347f78869eeb949063e6/results/development/native.pt,aa6a79bc89a1f959e26e8a3299294c27fc0ef64e7cbe2929dfa1432afd813213,1,55971173,True,True,/home/moloch/jacobian-lens/research/closeout_2026-09-11/archive/ACCEPTANCE_RECEIPT.json (restoration_from_ssd),referenced only by J-Lens rounds; not a shared cache; not an active source
/home/moloch/jacobian-lens/research/verification_2026-09-11/preservation/bundle/confirmation_2026-09-09/cloud_leases/diagnostic_native_logit_v1/handoff/accepted/ouro_native_logit_diagnostic_v1/f9751036b1fa746fc8a37287c755093cde92238ead58347f78869eeb949063e6/results/diagnostic/tensors.pt,30970733,f603a41b98109be93f3294c9d0e171cfcfb2bc83b1ce731bbc27615cfdefb0af,f603a41b98109be93f3294c9d0e171cfcfb2bc83b1ce731bbc27615cfdefb0af,/run/media/moloch/ARCH_BACKUP/JLENS_COLD_ARCHIVE_20260911/tree/home/moloch/jacobian-lens/research/verification_2026-09-11/preservation/bundle/confirmation_2026-09-09/cloud_leases/diagnostic_native_logit_v1/handoff/accepted/ouro_native_logit_diagnostic_v1/f9751036b1fa746fc8a37287c755093cde92238ead58347f78869eeb949063e6/results/diagnostic/tensors.pt,f603a41b98109be93f3294c9d0e171cfcfb2bc83b1ce731bbc27615cfdefb0af,1,55971176,True,True,/home/moloch/jacobian-lens/research/closeout_2026-09-11/archive/ACCEPTANCE_RECEIPT.json (restoration_from_ssd),referenced only by J-Lens rounds; not a shared cache; not an active source
/home/moloch/jacobian-lens/research/verification_2026-09-11/preservation/bundle/confirmation_2026-09-09/huginn_verification/bundle/prerequisites/controls_evaluation/comparisons/paired_ranks.npz,15440995,968bf3313ed87dee4b3329ab2d875076ff9dbb7da9513d9fae030e8177e371ff,968bf3313ed87dee4b3329ab2d875076ff9dbb7da9513d9fae030e8177e371ff,/run/media/moloch/ARCH_BACKUP/JLENS_COLD_ARCHIVE_20260911/tree/home/moloch/jacobian-lens/research/verification_2026-09-11/preservation/bundle/confirmation_2026-09-09/huginn_verification/bundle/prerequisites/controls_evaluation/comparisons/paired_ranks.npz,968bf3313ed87dee4b3329ab2d875076ff9dbb7da9513d9fae030e8177e371ff,1,55973262,True,True,/home/moloch/jacobian-lens/research/closeout_2026-09-11/archive/ACCEPTANCE_RECEIPT.json (restoration_from_ssd),referenced only by J-Lens rounds; not a shared cache; not an active source
/home/moloch/jacobian-lens/research/verification_2026-09-11/preservation/bundle/confirmation_2026-09-09/huginn_verification/resources/contract_probe/prerequisites/controls_evaluation/comparisons/paired_ranks.npz,15440995,968bf3313ed87dee4b3329ab2d875076ff9dbb7da9513d9fae030e8177e371ff,968bf3313ed87dee4b3329ab2d875076ff9dbb7da9513d9fae030e8177e371ff,/run/media/moloch/ARCH_BACKUP/JLENS_COLD_ARCHIVE_20260911/tree/home/moloch/jacobian-lens/research/verification_2026-09-11/preservation/bundle/confirmation_2026-09-09/huginn_verification/resources/contract_probe/prerequisites/controls_evaluation/comparisons/paired_ranks.npz,968bf3313ed87dee4b3329ab2d875076ff9dbb7da9513d9fae030e8177e371ff,1,55975535,True,True,/home/moloch/jacobian-lens/research/closeout_2026-09-11/archive/ACCEPTANCE_RECEIPT.json (restoration_from_ssd),referenced only by J-Lens rounds; not a shared cache; not an active source
/home/moloch/jacobian-lens/research/verification_2026-09-11/preservation/bundle/confirmation_2026-09-09/resources/ATTEMPT05_NATIVE_FAILURE_PRESERVED.json,22440180,4e386e5ad3475f5d1a70b2a844316c9927cce88f5606c4a567409b3099cc72f9,4e386e5ad3475f5d1a70b2a844316c9927cce88f5606c4a567409b3099cc72f9,/run/media/moloch/ARCH_BACKUP/JLENS_COLD_ARCHIVE_20260911/tree/home/moloch/jacobian-lens/research/verification_2026-09-11/preservation/bundle/confirmation_2026-09-09/resources/ATTEMPT05_NATIVE_FAILURE_PRESERVED.json,4e386e5ad3475f5d1a70b2a844316c9927cce88f5606c4a567409b3099cc72f9,1,55975709,True,True,/home/moloch/jacobian-lens/research/closeout_2026-09-11/archive/ACCEPTANCE_RECEIPT.json (restoration_from_ssd),referenced only by J-Lens rounds; not a shared cache; not an active source
/home/moloch/jacobian-lens/research/verification_2026-09-11/preservation/bundle/confirmation_2026-09-09/resources/input_chunks/b8e8b7d2d3f40030799395dee9e8376fe1fa0bf09f278319d31a0dff4efe6775/003154116608.part,50436739,897fef1aa984946d602335cf377af85d7b946591816ca456f44791f764cc12ab,897fef1aa984946d602335cf377af85d7b946591816ca456f44791f764cc12ab,/run/media/moloch/ARCH_BACKUP/JLENS_COLD_ARCHIVE_20260911/tree/home/moloch/jacobian-lens/research/verification_2026-09-11/preservation/bundle/confirmation_2026-09-09/resources/input_chunks/b8e8b7d2d3f40030799395dee9e8376fe1fa0bf09f278319d31a0dff4efe6775/003154116608.part,897fef1aa984946d602335cf377af85d7b946591816ca456f44791f764cc12ab,1,55975747,True,True,/home/moloch/jacobian-lens/research/closeout_2026-09-11/archive/ACCEPTANCE_RECEIPT.json (restoration_from_ssd),referenced only by J-Lens rounds; not a shared cache; not an active source
/home/moloch/jacobian-lens/research/verification_2026-09-11/preservation/bundle/confirmation_2026-09-09/resources/input_chunks/dc6354df970b29b8312829259ac282c829562aaaf95e45bb43e1bbc5ced5e560/001543503872.part,50384003,79ca903b31c4668b45b46fd71e2c555e88e6bea3cb0357fd7b2f2518f55275e7,79ca903b31c4668b45b46fd71e2c555e88e6bea3cb0357fd7b2f2518f55275e7,/run/media/moloch/ARCH_BACKUP/JLENS_COLD_ARCHIVE_20260911/tree/home/moloch/jacobian-lens/research/verification_2026-09-11/preservation/bundle/confirmation_2026-09-09/resources/input_chunks/dc6354df970b29b8312829259ac282c829562aaaf95e45bb43e1bbc5ced5e560/001543503872.part,79ca903b31c4668b45b46fd71e2c555e88e6bea3cb0357fd7b2f2518f55275e7,1,55975751,True,True,/home/moloch/jacobian-lens/research/closeout_2026-09-11/archive/ACCEPTANCE_RECEIPT.json (restoration_from_ssd),referenced only by J-Lens rounds; not a shared cache; not an active source
/home/moloch/jacobian-lens/research/verification_2026-09-11/preservation/bundle/confirmation_2026-09-09/resources/transfer_probe/part00.bin,8388608,ad68caf230681f0c658ac2dc05248bf4245e50c1bf7438068fd544c52526b662,ad68caf230681f0c658ac2dc05248bf4245e50c1bf7438068fd544c52526b662,/run/media/moloch/ARCH_BACKUP/JLENS_COLD_ARCHIVE_20260911/tree/home/moloch/jacobian-lens/research/verification_2026-09-11/preservation/bundle/confirmation_2026-09-09/resources/transfer_probe/part00.bin,ad68caf230681f0c658ac2dc05248bf4245e50c1bf7438068fd544c52526b662,1,55975826,True,True,/home/moloch/jacobian-lens/research/closeout_2026-09-11/archive/ACCEPTANCE_RECEIPT.json (restoration_from_ssd),referenced only by J-Lens rounds; not a shared cache; not an active source
/home/moloch/jacobian-lens/research/verification_2026-09-11/preservation/bundle/confirmation_2026-09-09/resources/transfer_probe/part01.bin,8388608,ad68caf230681f0c658ac2dc05248bf4245e50c1bf7438068fd544c52526b662,ad68caf230681f0c658ac2dc05248bf4245e50c1bf7438068fd544c52526b662,/run/media/moloch/ARCH_BACKUP/JLENS_COLD_ARCHIVE_20260911/tree/home/moloch/jacobian-lens/research/verification_2026-09-11/preservation/bundle/confirmation_2026-09-09/resources/transfer_probe/part01.bin,ad68caf230681f0c658ac2dc05248bf4245e50c1bf7438068fd544c52526b662,1,55975827,True,True,/home/moloch/jacobian-lens/research/closeout_2026-09-11/archive/ACCEPTANCE_RECEIPT.json (restoration_from_ssd),referenced only by J-Lens rounds; not a shared cache; not an active source
/home/moloch/jacobian-lens/research/verification_2026-09-11/preservation/bundle/confirmation_2026-09-09/resources/transfer_probe/part02.bin,8388608,ad68caf230681f0c658ac2dc05248bf4245e50c1bf7438068fd544c52526b662,ad68caf230681f0c658ac2dc05248bf4245e50c1bf7438068fd544c52526b662,/run/media/moloch/ARCH_BACKUP/JLENS_COLD_ARCHIVE_20260911/tree/home/moloch/jacobian-lens/research/verification_2026-09-11/preservation/bundle/confirmation_2026-09-09/resources/transfer_probe/part02.bin,ad68caf230681f0c658ac2dc05248bf4245e50c1bf7438068fd544c52526b662,1,55975828,True,True,/home/moloch/jacobian-lens/research/closeout_2026-09-11/archive/ACCEPTANCE_RECEIPT.json (restoration_from_ssd),referenced only by J-Lens rounds; not a shared cache; not an active source
/home/moloch/jacobian-lens/research/verification_2026-09-11/preservation/bundle/confirmation_2026-09-09/resources/transfer_probe/part03.bin,8388608,ad68caf230681f0c658ac2dc05248bf4245e50c1bf7438068fd544c52526b662,ad68caf230681f0c658ac2dc05248bf4245e50c1bf7438068fd544c52526b662,/run/media/moloch/ARCH_BACKUP/JLENS_COLD_ARCHIVE_20260911/tree/home/moloch/jacobian-lens/research/verification_2026-09-11/preservation/bundle/confirmation_2026-09-09/resources/transfer_probe/part03.bin,ad68caf230681f0c658ac2dc05248bf4245e50c1bf7438068fd544c52526b662,1,55975829,True,True,/home/moloch/jacobian-lens/research/closeout_2026-09-11/archive/ACCEPTANCE_RECEIPT.json (restoration_from_ssd),referenced only by J-Lens rounds; not a shared cache; not an active source
/home/moloch/jacobian-lens/research/verification_2026-09-11/preservation/bundle/confirmation_2026-09-09/resources/transfer_probe/part04.bin,8388608,ad68caf230681f0c658ac2dc05248bf4245e50c1bf7438068fd544c52526b662,ad68caf230681f0c658ac2dc05248bf4245e50c1bf7438068fd544c52526b662,/run/media/moloch/ARCH_BACKUP/JLENS_COLD_ARCHIVE_20260911/tree/home/moloch/jacobian-lens/research/verification_2026-09-11/preservation/bundle/confirmation_2026-09-09/resources/transfer_probe/part04.bin,ad68caf230681f0c658ac2dc05248bf4245e50c1bf7438068fd544c52526b662,1,55975830,True,True,/home/moloch/jacobian-lens/research/closeout_2026-09-11/archive/ACCEPTANCE_RECEIPT.json (restoration_from_ssd),referenced only by J-Lens rounds; not a shared cache; not an active source
/home/moloch/jacobian-lens/research/verification_2026-09-11/preservation/bundle/confirmation_2026-09-09/resources/transfer_probe/part05.bin,8388608,ad68caf230681f0c658ac2dc05248bf4245e50c1bf7438068fd544c52526b662,ad68caf230681f0c658ac2dc05248bf4245e50c1bf7438068fd544c52526b662,/run/media/moloch/ARCH_BACKUP/JLENS_COLD_ARCHIVE_20260911/tree/home/moloch/jacobian-lens/research/verification_2026-09-11/preservation/bundle/confirmation_2026-09-09/resources/transfer_probe/part05.bin,ad68caf230681f0c658ac2dc05248bf4245e50c1bf7438068fd544c52526b662,1,55975831,True,True,/home/moloch/jacobian-lens/research/closeout_2026-09-11/archive/ACCEPTANCE_RECEIPT.json (restoration_from_ssd),referenced only by J-Lens rounds; not a shared cache; not an active source
/home/moloch/jacobian-lens/research/verification_2026-09-11/preservation/bundle/confirmation_2026-09-09/resources/transfer_probe/part06.bin,8388608,ad68caf230681f0c658ac2dc05248bf4245e50c1bf7438068fd544c52526b662,ad68caf230681f0c658ac2dc05248bf4245e50c1bf7438068fd544c52526b662,/run/media/moloch/ARCH_BACKUP/JLENS_COLD_ARCHIVE_20260911/tree/home/moloch/jacobian-lens/research/verification_2026-09-11/preservation/bundle/confirmation_2026-09-09/resources/transfer_probe/part06.bin,ad68caf230681f0c658ac2dc05248bf4245e50c1bf7438068fd544c52526b662,1,55975832,True,True,/home/moloch/jacobian-lens/research/closeout_2026-09-11/archive/ACCEPTANCE_RECEIPT.json (restoration_from_ssd),referenced only by J-Lens rounds; not a shared cache; not an active source
/home/moloch/jacobian-lens/research/verification_2026-09-11/preservation/bundle/confirmation_2026-09-09/resources/transfer_probe/part07.bin,8388608,ad68caf230681f0c658ac2dc05248bf4245e50c1bf7438068fd544c52526b662,ad68caf230681f0c658ac2dc05248bf4245e50c1bf7438068fd544c52526b662,/run/media/moloch/ARCH_BACKUP/JLENS_COLD_ARCHIVE_20260911/tree/home/moloch/jacobian-lens/research/verification_2026-09-11/preservation/bundle/confirmation_2026-09-09/resources/transfer_probe/part07.bin,ad68caf230681f0c658ac2dc05248bf4245e50c1bf7438068fd544c52526b662,1,55975833,True,True,/home/moloch/jacobian-lens/research/closeout_2026-09-11/archive/ACCEPTANCE_RECEIPT.json (restoration_from_ssd),referenced only by J-Lens rounds; not a shared cache; not an active source
/home/moloch/jacobian-lens/research/verification_2026-09-11/preservation/bundle/confirmation_2026-09-09/resources/transfer_probe_download/part00.bin,8388608,ad68caf230681f0c658ac2dc05248bf4245e50c1bf7438068fd544c52526b662,ad68caf230681f0c658ac2dc05248bf4245e50c1bf7438068fd544c52526b662,/run/media/moloch/ARCH_BACKUP/JLENS_COLD_ARCHIVE_20260911/tree/home/moloch/jacobian-lens/research/verification_2026-09-11/preservation/bundle/confirmation_2026-09-09/resources/transfer_probe_download/part00.bin,ad68caf230681f0c658ac2dc05248bf4245e50c1bf7438068fd544c52526b662,1,55975838,True,True,/home/moloch/jacobian-lens/research/closeout_2026-09-11/archive/ACCEPTANCE_RECEIPT.json (restoration_from_ssd),referenced only by J-Lens rounds; not a shared cache; not an active source
/home/moloch/jacobian-lens/research/verification_2026-09-11/preservation/bundle/confirmation_2026-09-09/resources/transfer_probe_download/part01.bin,8388608,ad68caf230681f0c658ac2dc05248bf4245e50c1bf7438068fd544c52526b662,ad68caf230681f0c658ac2dc05248bf4245e50c1bf7438068fd544c52526b662,/run/media/moloch/ARCH_BACKUP/JLENS_COLD_ARCHIVE_20260911/tree/home/moloch/jacobian-lens/research/verification_2026-09-11/preservation/bundle/confirmation_2026-09-09/resources/transfer_probe_download/part01.bin,ad68caf230681f0c658ac2dc05248bf4245e50c1bf7438068fd544c52526b662,1,55975839,True,True,/home/moloch/jacobian-lens/research/closeout_2026-09-11/archive/ACCEPTANCE_RECEIPT.json (restoration_from_ssd),referenced only by J-Lens rounds; not a shared cache; not an active source
/home/moloch/jacobian-lens/research/verification_2026-09-11/preservation/bundle/confirmation_2026-09-09/resources/transfer_probe_download/part02.bin,8388608,ad68caf230681f0c658ac2dc05248bf4245e50c1bf7438068fd544c52526b662,ad68caf230681f0c658ac2dc05248bf4245e50c1bf7438068fd544c52526b662,/run/media/moloch/ARCH_BACKUP/JLENS_COLD_ARCHIVE_20260911/tree/home/moloch/jacobian-lens/research/verification_2026-09-11/preservation/bundle/confirmation_2026-09-09/resources/transfer_probe_download/part02.bin,ad68caf230681f0c658ac2dc05248bf4245e50c1bf7438068fd544c52526b662,1,55975840,True,True,/home/moloch/jacobian-lens/research/closeout_2026-09-11/archive/ACCEPTANCE_RECEIPT.json (restoration_from_ssd),referenced only by J-Lens rounds; not a shared cache; not an active source
/home/moloch/jacobian-lens/research/verification_2026-09-11/preservation/bundle/confirmation_2026-09-09/resources/transfer_probe_download/part03.bin,8388608,ad68caf230681f0c658ac2dc05248bf4245e50c1bf7438068fd544c52526b662,ad68caf230681f0c658ac2dc05248bf4245e50c1bf7438068fd544c52526b662,/run/media/moloch/ARCH_BACKUP/JLENS_COLD_ARCHIVE_20260911/tree/home/moloch/jacobian-lens/research/verification_2026-09-11/preservation/bundle/confirmation_2026-09-09/resources/transfer_probe_download/part03.bin,ad68caf230681f0c658ac2dc05248bf4245e50c1bf7438068fd544c52526b662,1,55975841,True,True,/home/moloch/jacobian-lens/research/closeout_2026-09-11/archive/ACCEPTANCE_RECEIPT.json (restoration_from_ssd),referenced only by J-Lens rounds; not a shared cache; not an active source
/home/moloch/jacobian-lens/research/verification_2026-09-11/preservation/bundle/confirmation_2026-09-09/resources/transfer_probe_download/part04.bin,8388608,ad68caf230681f0c658ac2dc05248bf4245e50c1bf7438068fd544c52526b662,ad68caf230681f0c658ac2dc05248bf4245e50c1bf7438068fd544c52526b662,/run/media/moloch/ARCH_BACKUP/JLENS_COLD_ARCHIVE_20260911/tree/home/moloch/jacobian-lens/research/verification_2026-09-11/preservation/bundle/confirmation_2026-09-09/resources/transfer_probe_download/part04.bin,ad68caf230681f0c658ac2dc05248bf4245e50c1bf7438068fd544c52526b662,1,55975842,True,True,/home/moloch/jacobian-lens/research/closeout_2026-09-11/archive/ACCEPTANCE_RECEIPT.json (restoration_from_ssd),referenced only by J-Lens rounds; not a shared cache; not an active source
/home/moloch/jacobian-lens/research/verification_2026-09-11/preservation/bundle/confirmation_2026-09-09/resources/transfer_probe_download/part05.bin,8388608,ad68caf230681f0c658ac2dc05248bf4245e50c1bf7438068fd544c52526b662,ad68caf230681f0c658ac2dc05248bf4245e50c1bf7438068fd544c52526b662,/run/media/moloch/ARCH_BACKUP/JLENS_COLD_ARCHIVE_20260911/tree/home/moloch/jacobian-lens/research/verification_2026-09-11/preservation/bundle/confirmation_2026-09-09/resources/transfer_probe_download/part05.bin,ad68caf230681f0c658ac2dc05248bf4245e50c1bf7438068fd544c52526b662,1,55975843,True,True,/home/moloch/jacobian-lens/research/closeout_2026-09-11/archive/ACCEPTANCE_RECEIPT.json (restoration_from_ssd),referenced only by J-Lens rounds; not a shared cache; not an active source
/home/moloch/jacobian-lens/research/verification_2026-09-11/preservation/bundle/confirmation_2026-09-09/resources/transfer_probe_download/part06.bin,8388608,ad68caf230681f0c658ac2dc05248bf4245e50c1bf7438068fd544c52526b662,ad68caf230681f0c658ac2dc05248bf4245e50c1bf7438068fd544c52526b662,/run/media/moloch/ARCH_BACKUP/JLENS_COLD_ARCHIVE_20260911/tree/home/moloch/jacobian-lens/research/verification_2026-09-11/preservation/bundle/confirmation_2026-09-09/resources/transfer_probe_download/part06.bin,ad68caf230681f0c658ac2dc05248bf4245e50c1bf7438068fd544c52526b662,1,55975844,True,True,/home/moloch/jacobian-lens/research/closeout_2026-09-11/archive/ACCEPTANCE_RECEIPT.json (restoration_from_ssd),referenced only by J-Lens rounds; not a shared cache; not an active source
/home/moloch/jacobian-lens/research/verification_2026-09-11/preservation/bundle/confirmation_2026-09-09/resources/transfer_probe_download/part07.bin,8388608,ad68caf230681f0c658ac2dc05248bf4245e50c1bf7438068fd544c52526b662,ad68caf230681f0c658ac2dc05248bf4245e50c1bf7438068fd544c52526b662,/run/media/moloch/ARCH_BACKUP/JLENS_COLD_ARCHIVE_20260911/tree/home/moloch/jacobian-lens/research/verification_2026-09-11/preservation/bundle/confirmation_2026-09-09/resources/transfer_probe_download/part07.bin,ad68caf230681f0c658ac2dc05248bf4245e50c1bf7438068fd544c52526b662,1,55975845,True,True,/home/moloch/jacobian-lens/research/closeout_2026-09-11/archive/ACCEPTANCE_RECEIPT.json (restoration_from_ssd),referenced only by J-Lens rounds; not a shared cache; not an active source
/home/moloch/jacobian-lens/research/verification_2026-09-11/preservation/bundle/model_snapshot/model.safetensors,5336011242,2fdf9805a3510b7dc82959a2db4872ef767a5bdc55520c6a1b54fc3e463c1bba,2fdf9805a3510b7dc82959a2db4872ef767a5bdc55520c6a1b54fc3e463c1bba,/run/media/moloch/ARCH_BACKUP/JLENS_COLD_ARCHIVE_20260911/tree/home/moloch/jacobian-lens/research/verification_2026-09-11/preservation/bundle/model_snapshot/model.safetensors,2fdf9805a3510b7dc82959a2db4872ef767a5bdc55520c6a1b54fc3e463c1bba,1,55970744,True,True,/home/moloch/jacobian-lens/research/closeout_2026-09-11/archive/ACCEPTANCE_RECEIPT.json (restoration_from_ssd),referenced only by J-Lens rounds; not a shared cache; not an active source
/home/moloch/jacobian-lens/research/verification_2026-09-11/preservation/bundle/refit_round_2026-09-07/audit/cached_pool_index.jsonl,32861095,79137c5c1ffd82f698da9ab217026dc4498b007263bc95083eb57551dbde034e,79137c5c1ffd82f698da9ab217026dc4498b007263bc95083eb57551dbde034e,/run/media/moloch/ARCH_BACKUP/JLENS_COLD_ARCHIVE_20260911/tree/home/moloch/jacobian-lens/research/verification_2026-09-11/preservation/bundle/refit_round_2026-09-07/audit/cached_pool_index.jsonl,79137c5c1ffd82f698da9ab217026dc4498b007263bc95083eb57551dbde034e,1,55976017,True,True,/home/moloch/jacobian-lens/research/closeout_2026-09-11/archive/ACCEPTANCE_RECEIPT.json (restoration_from_ssd),referenced only by J-Lens rounds; not a shared cache; not an active source
/home/moloch/jacobian-lens/research/verification_2026-09-11/preservation/bundle/refit_round_2026-09-07/cloud_leases/attempt_06/retrieved/controls_evaluation/comparisons/paired_ranks.npz,15440995,968bf3313ed87dee4b3329ab2d875076ff9dbb7da9513d9fae030e8177e371ff,968bf3313ed87dee4b3329ab2d875076ff9dbb7da9513d9fae030e8177e371ff,/run/media/moloch/ARCH_BACKUP/JLENS_COLD_ARCHIVE_20260911/tree/home/moloch/jacobian-lens/research/verification_2026-09-11/preservation/bundle/refit_round_2026-09-07/cloud_leases/attempt_06/retrieved/controls_evaluation/comparisons/paired_ranks.npz,968bf3313ed87dee4b3329ab2d875076ff9dbb7da9513d9fae030e8177e371ff,1,55979425,True,True,/home/moloch/jacobian-lens/research/closeout_2026-09-11/archive/ACCEPTANCE_RECEIPT.json (restoration_from_ssd),referenced only by J-Lens rounds; not a shared cache; not an active source
/home/moloch/jacobian-lens/research/verification_2026-09-11/preservation/bundle/refit_round_2026-09-07/monitoring/attempt_06/ouro_handoff_20260909T110503Z/results/controls_evaluation/comparisons/paired_ranks.npz,15440995,968bf3313ed87dee4b3329ab2d875076ff9dbb7da9513d9fae030e8177e371ff,968bf3313ed87dee4b3329ab2d875076ff9dbb7da9513d9fae030e8177e371ff,/run/media/moloch/ARCH_BACKUP/JLENS_COLD_ARCHIVE_20260911/tree/home/moloch/jacobian-lens/research/verification_2026-09-11/preservation/bundle/refit_round_2026-09-07/monitoring/attempt_06/ouro_handoff_20260909T110503Z/results/controls_evaluation/comparisons/paired_ranks.npz,968bf3313ed87dee4b3329ab2d875076ff9dbb7da9513d9fae030e8177e371ff,1,55979865,True,True,/home/moloch/jacobian-lens/research/closeout_2026-09-11/archive/ACCEPTANCE_RECEIPT.json (restoration_from_ssd),referenced only by J-Lens rounds; not a shared cache; not an active source
/home/moloch/jacobian-lens/research/verification_2026-09-11/preservation/bundle/refit_round_2026-09-07/optimization/bench_memory.npz,9388842,dca22278cabe2a66bef53627167dd139e5350359f16bc00c4f4b7dfeab440254,dca22278cabe2a66bef53627167dd139e5350359f16bc00c4f4b7dfeab440254,/run/media/moloch/ARCH_BACKUP/JLENS_COLD_ARCHIVE_20260911/tree/home/moloch/jacobian-lens/research/verification_2026-09-11/preservation/bundle/refit_round_2026-09-07/optimization/bench_memory.npz,dca22278cabe2a66bef53627167dd139e5350359f16bc00c4f4b7dfeab440254,1,55980016,True,True,/home/moloch/jacobian-lens/research/closeout_2026-09-11/archive/ACCEPTANCE_RECEIPT.json (restoration_from_ssd),referenced only by J-Lens rounds; not a shared cache; not an active source
/home/moloch/jacobian-lens/research/verification_2026-09-11/preservation/bundle/refit_round_2026-09-07/optimization/bench_memory_small.npz,18777662,1531eecade9ae449435668ec2220c77cddfba829793e26b5ee60c2613735152e,1531eecade9ae449435668ec2220c77cddfba829793e26b5ee60c2613735152e,/run/media/moloch/ARCH_BACKUP/JLENS_COLD_ARCHIVE_20260911/tree/home/moloch/jacobian-lens/research/verification_2026-09-11/preservation/bundle/refit_round_2026-09-07/optimization/bench_memory_small.npz,1531eecade9ae449435668ec2220c77cddfba829793e26b5ee60c2613735152e,1,55980020,True,True,/home/moloch/jacobian-lens/research/closeout_2026-09-11/archive/ACCEPTANCE_RECEIPT.json (restoration_from_ssd),referenced only by J-Lens rounds; not a shared cache; not an active source
/home/moloch/jacobian-lens/research/verification_2026-09-11/preservation/bundle/refit_round_2026-09-07/optimization/bench_memory_v3.npz,12518454,9f4bb1ed60880bd131c73464a7e5dfca3d464a5fd65a769a05b1cb6c4c247633,9f4bb1ed60880bd131c73464a7e5dfca3d464a5fd65a769a05b1cb6c4c247633,/run/media/moloch/ARCH_BACKUP/JLENS_COLD_ARCHIVE_20260911/tree/home/moloch/jacobian-lens/research/verification_2026-09-11/preservation/bundle/refit_round_2026-09-07/optimization/bench_memory_v3.npz,9f4bb1ed60880bd131c73464a7e5dfca3d464a5fd65a769a05b1cb6c4c247633,1,55980023,True,True,/home/moloch/jacobian-lens/research/closeout_2026-09-11/archive/ACCEPTANCE_RECEIPT.json (restoration_from_ssd),referenced only by J-Lens rounds; not a shared cache; not an active source
/home/moloch/jacobian-lens/research/verification_2026-09-11/preservation/bundle/refit_round_2026-09-07/optimization/bench_reduced.npz,18777678,724804ad73285eae4b6d6275247070f0de4874bafe95aac4523117542cf650b3,724804ad73285eae4b6d6275247070f0de4874bafe95aac4523117542cf650b3,/run/media/moloch/ARCH_BACKUP/JLENS_COLD_ARCHIVE_20260911/tree/home/moloch/jacobian-lens/research/verification_2026-09-11/preservation/bundle/refit_round_2026-09-07/optimization/bench_reduced.npz,724804ad73285eae4b6d6275247070f0de4874bafe95aac4523117542cf650b3,1,55980027,True,True,/home/moloch/jacobian-lens/research/closeout_2026-09-11/archive/ACCEPTANCE_RECEIPT.json (restoration_from_ssd),referenced only by J-Lens rounds; not a shared cache; not an active source
/home/moloch/jacobian-lens/research/verification_2026-09-11/preservation/bundle/refit_round_2026-09-07/optimization/bench_vjp.npz,12518406,a1032a91478137ab295daeea50df1da34e50fca4aef99952468b6ec1b62b364c,a1032a91478137ab295daeea50df1da34e50fca4aef99952468b6ec1b62b364c,/run/media/moloch/ARCH_BACKUP/JLENS_COLD_ARCHIVE_20260911/tree/home/moloch/jacobian-lens/research/verification_2026-09-11/preservation/bundle/refit_round_2026-09-07/optimization/bench_vjp.npz,a1032a91478137ab295daeea50df1da34e50fca4aef99952468b6ec1b62b364c,1,55980031,True,True,/home/moloch/jacobian-lens/research/closeout_2026-09-11/archive/ACCEPTANCE_RECEIPT.json (restoration_from_ssd),referenced only by J-Lens rounds; not a shared cache; not an active source
/home/moloch/jacobian-lens/research/verification_2026-09-11/preservation/bundle/refit_round_2026-09-07/optimization/bench_vjp_math.npz,9388812,7aea3c4dfc5f59f0b00e9c5d75cab49f9a9726cf3d385a4c4a65976d8e97bb20,7aea3c4dfc5f59f0b00e9c5d75cab49f9a9726cf3d385a4c4a65976d8e97bb20,/run/media/moloch/ARCH_BACKUP/JLENS_COLD_ARCHIVE_20260911/tree/home/moloch/jacobian-lens/research/verification_2026-09-11/preservation/bundle/refit_round_2026-09-07/optimization/bench_vjp_math.npz,7aea3c4dfc5f59f0b00e9c5d75cab49f9a9726cf3d385a4c4a65976d8e97bb20,1,55980035,True,True,/home/moloch/jacobian-lens/research/closeout_2026-09-11/archive/ACCEPTANCE_RECEIPT.json (restoration_from_ssd),referenced only by J-Lens rounds; not a shared cache; not an active source
/home/moloch/jacobian-lens/research/verification_2026-09-11/preservation/bundle/verification_2026-09-11/gpu_shape_v1/local_rtx5070ti/development_rows.pt,18103921,2ae9bc23744e07c82394616ba144f2cd8c5fd86430279f7f72f990d387f99ba4,2ae9bc23744e07c82394616ba144f2cd8c5fd86430279f7f72f990d387f99ba4,/run/media/moloch/ARCH_BACKUP/JLENS_COLD_ARCHIVE_20260911/tree/home/moloch/jacobian-lens/research/verification_2026-09-11/preservation/bundle/verification_2026-09-11/gpu_shape_v1/local_rtx5070ti/development_rows.pt,2ae9bc23744e07c82394616ba144f2cd8c5fd86430279f7f72f990d387f99ba4,1,55980258,True,True,/home/moloch/jacobian-lens/research/closeout_2026-09-11/archive/ACCEPTANCE_RECEIPT.json (restoration_from_ssd),referenced only by J-Lens rounds; not a shared cache; not an active source
/home/moloch/jacobian-lens/research/verification_2026-09-11/preservation/bundle/verification_2026-09-11/gpu_shape_v1/local_rtx5070ti/native_logits.pt,15730217,4ddd506a4deaee3b87c97272c0e2e1c82ec76b278b03c6e24d1b7f5fea5e8987,4ddd506a4deaee3b87c97272c0e2e1c82ec76b278b03c6e24d1b7f5fea5e8987,/run/media/moloch/ARCH_BACKUP/JLENS_COLD_ARCHIVE_20260911/tree/home/moloch/jacobian-lens/research/verification_2026-09-11/preservation/bundle/verification_2026-09-11/gpu_shape_v1/local_rtx5070ti/native_logits.pt,4ddd506a4deaee3b87c97272c0e2e1c82ec76b278b03c6e24d1b7f5fea5e8987,1,55980259,True,True,/home/moloch/jacobian-lens/research/closeout_2026-09-11/archive/ACCEPTANCE_RECEIPT.json (restoration_from_ssd),referenced only by J-Lens rounds; not a shared cache; not an active source
/home/moloch/jacobian-lens/research/verification_2026-09-11/replay/local_cpu_fp64/fp64/diagonal.npz,37883262,3882a50d666801ea83437873a29b2a72be1878b5c37a0c44ae3519fb5088462d,3882a50d666801ea83437873a29b2a72be1878b5c37a0c44ae3519fb5088462d,/run/media/moloch/ARCH_BACKUP/JLENS_COLD_ARCHIVE_20260911/tree/home/moloch/jacobian-lens/research/verification_2026-09-11/replay/local_cpu_fp64/fp64/diagonal.npz,3882a50d666801ea83437873a29b2a72be1878b5c37a0c44ae3519fb5088462d,1,55970410,True,True,/home/moloch/jacobian-lens/research/closeout_2026-09-11/archive/ACCEPTANCE_RECEIPT.json (restoration_from_ssd),referenced only by J-Lens rounds; not a shared cache; not an active source
/home/moloch/jacobian-lens/research/verification_2026-09-11/replay/local_cpu_fp64/fp64/fit01.npz,38370215,bda2950db7ce046ad92909bde460b6284b5351c85bf31f4639039f700e0d29db,bda2950db7ce046ad92909bde460b6284b5351c85bf31f4639039f700e0d29db,/run/media/moloch/ARCH_BACKUP/JLENS_COLD_ARCHIVE_20260911/tree/home/moloch/jacobian-lens/research/verification_2026-09-11/replay/local_cpu_fp64/fp64/fit01.npz,bda2950db7ce046ad92909bde460b6284b5351c85bf31f4639039f700e0d29db,1,55969971,True,True,/home/moloch/jacobian-lens/research/closeout_2026-09-11/archive/ACCEPTANCE_RECEIPT.json (restoration_from_ssd),referenced only by J-Lens rounds; not a shared cache; not an active source
/home/moloch/jacobian-lens/research/verification_2026-09-11/replay/local_cpu_fp64/fp64/fit02.npz,38268929,67ca59c8079c5c3dcff7982307ad32ee3f95f361fed53f4b54f54800f1cc09c2,67ca59c8079c5c3dcff7982307ad32ee3f95f361fed53f4b54f54800f1cc09c2,/run/media/moloch/ARCH_BACKUP/JLENS_COLD_ARCHIVE_20260911/tree/home/moloch/jacobian-lens/research/verification_2026-09-11/replay/local_cpu_fp64/fp64/fit02.npz,67ca59c8079c5c3dcff7982307ad32ee3f95f361fed53f4b54f54800f1cc09c2,1,55970229,True,True,/home/moloch/jacobian-lens/research/closeout_2026-09-11/archive/ACCEPTANCE_RECEIPT.json (restoration_from_ssd),referenced only by J-Lens rounds; not a shared cache; not an active source
/home/moloch/jacobian-lens/research/verification_2026-09-11/replay/local_cpu_fp64/fp64/penultimate.npz,38310891,4829b6775149d6082403d5e0d066e85ae73b762272ada0c5c1a6ce625db09558,4829b6775149d6082403d5e0d066e85ae73b762272ada0c5c1a6ce625db09558,/run/media/moloch/ARCH_BACKUP/JLENS_COLD_ARCHIVE_20260911/tree/home/moloch/jacobian-lens/research/verification_2026-09-11/replay/local_cpu_fp64/fp64/penultimate.npz,4829b6775149d6082403d5e0d066e85ae73b762272ada0c5c1a6ce625db09558,1,55970328,True,True,/home/moloch/jacobian-lens/research/closeout_2026-09-11/archive/ACCEPTANCE_RECEIPT.json (restoration_from_ssd),referenced only by J-Lens rounds; not a shared cache; not an active source
/home/moloch/jacobian-lens/research/verification_2026-09-11/replay/local_cpu_fp64/fp64/raw.npz,39347402,aef5efbcca2937fba075c11fc75bfed8a8c8ae4d2960c32ff760b80289fef5de,aef5efbcca2937fba075c11fc75bfed8a8c8ae4d2960c32ff760b80289fef5de,/run/media/moloch/ARCH_BACKUP/JLENS_COLD_ARCHIVE_20260911/tree/home/moloch/jacobian-lens/research/verification_2026-09-11/replay/local_cpu_fp64/fp64/raw.npz,aef5efbcca2937fba075c11fc75bfed8a8c8ae4d2960c32ff760b80289fef5de,1,55969969,True,True,/home/moloch/jacobian-lens/research/closeout_2026-09-11/archive/ACCEPTANCE_RECEIPT.json (restoration_from_ssd),referenced only by J-Lens rounds; not a shared cache; not an active source
/home/moloch/jacobian-lens/research/verification_2026-09-11/replay/local_cpu_fp64/fp64/sampled_sum.npz,38298185,ef2563c79226338e63f8c94f3e6494c38630e031d4e0ed8e0cf7c4d78c52fd77,ef2563c79226338e63f8c94f3e6494c38630e031d4e0ed8e0cf7c4d78c52fd77,/run/media/moloch/ARCH_BACKUP/JLENS_COLD_ARCHIVE_20260911/tree/home/moloch/jacobian-lens/research/verification_2026-09-11/replay/local_cpu_fp64/fp64/sampled_sum.npz,ef2563c79226338e63f8c94f3e6494c38630e031d4e0ed8e0cf7c4d78c52fd77,1,55970400,True,True,/home/moloch/jacobian-lens/research/closeout_2026-09-11/archive/ACCEPTANCE_RECEIPT.json (restoration_from_ssd),referenced only by J-Lens rounds; not a shared cache; not an active source
/home/moloch/jacobian-lens/research/verification_2026-09-11/replay/local_cuda_regenerated_states/executed/diagonal.npz,23051888,dfa79dd70405c29a316e39af086b265b3dfe0417df19ce996f3a35e0ce0bd57a,dfa79dd70405c29a316e39af086b265b3dfe0417df19ce996f3a35e0ce0bd57a,/run/media/moloch/ARCH_BACKUP/JLENS_COLD_ARCHIVE_20260911/tree/home/moloch/jacobian-lens/research/verification_2026-09-11/replay/local_cuda_regenerated_states/executed/diagonal.npz,dfa79dd70405c29a316e39af086b265b3dfe0417df19ce996f3a35e0ce0bd57a,1,55970496,True,True,/home/moloch/jacobian-lens/research/closeout_2026-09-11/archive/ACCEPTANCE_RECEIPT.json (restoration_from_ssd),referenced only by J-Lens rounds; not a shared cache; not an active source
/home/moloch/jacobian-lens/research/verification_2026-09-11/replay/local_cuda_regenerated_states/executed/fit01.npz,23606645,8bcf4191ea0b2807062034221fde324e1b0d24013ba510f3cc0f620909fde879,8bcf4191ea0b2807062034221fde324e1b0d24013ba510f3cc0f620909fde879,/run/media/moloch/ARCH_BACKUP/JLENS_COLD_ARCHIVE_20260911/tree/home/moloch/jacobian-lens/research/verification_2026-09-11/replay/local_cuda_regenerated_states/executed/fit01.npz,8bcf4191ea0b2807062034221fde324e1b0d24013ba510f3cc0f620909fde879,1,55970480,True,True,/home/moloch/jacobian-lens/research/closeout_2026-09-11/archive/ACCEPTANCE_RECEIPT.json (restoration_from_ssd),referenced only by J-Lens rounds; not a shared cache; not an active source
/home/moloch/jacobian-lens/research/verification_2026-09-11/replay/local_cuda_regenerated_states/executed/fit02.npz,23480241,8a6eb98355f200328861f04f722608b260c20193580128277f09611f2ae495aa,8a6eb98355f200328861f04f722608b260c20193580128277f09611f2ae495aa,/run/media/moloch/ARCH_BACKUP/JLENS_COLD_ARCHIVE_20260911/tree/home/moloch/jacobian-lens/research/verification_2026-09-11/replay/local_cuda_regenerated_states/executed/fit02.npz,8a6eb98355f200328861f04f722608b260c20193580128277f09611f2ae495aa,1,55970483,True,True,/home/moloch/jacobian-lens/research/closeout_2026-09-11/archive/ACCEPTANCE_RECEIPT.json (restoration_from_ssd),referenced only by J-Lens rounds; not a shared cache; not an active source
/home/moloch/jacobian-lens/research/verification_2026-09-11/replay/local_cuda_regenerated_states/executed/penultimate.npz,23788248,99789e72eca8c247e1f0bed8a45273b6a8bd2aba6940496dfb27543b81c6f217,99789e72eca8c247e1f0bed8a45273b6a8bd2aba6940496dfb27543b81c6f217,/run/media/moloch/ARCH_BACKUP/JLENS_COLD_ARCHIVE_20260911/tree/home/moloch/jacobian-lens/research/verification_2026-09-11/replay/local_cuda_regenerated_states/executed/penultimate.npz,99789e72eca8c247e1f0bed8a45273b6a8bd2aba6940496dfb27543b81c6f217,1,55970489,True,True,/home/moloch/jacobian-lens/research/closeout_2026-09-11/archive/ACCEPTANCE_RECEIPT.json (restoration_from_ssd),referenced only by J-Lens rounds; not a shared cache; not an active source
/home/moloch/jacobian-lens/research/verification_2026-09-11/replay/local_cuda_regenerated_states/executed/raw.npz,24830630,c1e0af6c21d8cdf02405851471f96096a12ba1ee12553f6def4d07351e74f503,c1e0af6c21d8cdf02405851471f96096a12ba1ee12553f6def4d07351e74f503,/run/media/moloch/ARCH_BACKUP/JLENS_COLD_ARCHIVE_20260911/tree/home/moloch/jacobian-lens/research/verification_2026-09-11/replay/local_cuda_regenerated_states/executed/raw.npz,c1e0af6c21d8cdf02405851471f96096a12ba1ee12553f6def4d07351e74f503,1,55970476,True,True,/home/moloch/jacobian-lens/research/closeout_2026-09-11/archive/ACCEPTANCE_RECEIPT.json (restoration_from_ssd),referenced only by J-Lens rounds; not a shared cache; not an active source
/home/moloch/jacobian-lens/research/verification_2026-09-11/replay/local_cuda_regenerated_states/executed/sampled_sum.npz,23666510,96d77271cd8fe415bf9d0910de6a747456f1d35bbbee0551a05545dced237d35,96d77271cd8fe415bf9d0910de6a747456f1d35bbbee0551a05545dced237d35,/run/media/moloch/ARCH_BACKUP/JLENS_COLD_ARCHIVE_20260911/tree/home/moloch/jacobian-lens/research/verification_2026-09-11/replay/local_cuda_regenerated_states/executed/sampled_sum.npz,96d77271cd8fe415bf9d0910de6a747456f1d35bbbee0551a05545dced237d35,1,55970492,True,True,/home/moloch/jacobian-lens/research/closeout_2026-09-11/archive/ACCEPTANCE_RECEIPT.json (restoration_from_ssd),referenced only by J-Lens rounds; not a shared cache; not an active source
/home/moloch/jacobian-lens/research/verification_2026-09-11/replay/local_cuda_rtx5070ti/col160/diagonal.npz,18499143,91a342f55b19f069e1defb0477c9543cde81a85de0245aee6a49d6d0c9a66f20,91a342f55b19f069e1defb0477c9543cde81a85de0245aee6a49d6d0c9a66f20,/run/media/moloch/ARCH_BACKUP/JLENS_COLD_ARCHIVE_20260911/tree/home/moloch/jacobian-lens/research/verification_2026-09-11/replay/local_cuda_rtx5070ti/col160/diagonal.npz,91a342f55b19f069e1defb0477c9543cde81a85de0245aee6a49d6d0c9a66f20,1,55969931,True,True,/home/moloch/jacobian-lens/research/closeout_2026-09-11/archive/ACCEPTANCE_RECEIPT.json (restoration_from_ssd),referenced only by J-Lens rounds; not a shared cache; not an active source
/home/moloch/jacobian-lens/research/verification_2026-09-11/replay/local_cuda_rtx5070ti/col160/fit01.npz,18834852,5a80d05a56a76bf770ad9ce641b1c22790580d7e9c858f1a2344463d5110a5b9,5a80d05a56a76bf770ad9ce641b1c22790580d7e9c858f1a2344463d5110a5b9,/run/media/moloch/ARCH_BACKUP/JLENS_COLD_ARCHIVE_20260911/tree/home/moloch/jacobian-lens/research/verification_2026-09-11/replay/local_cuda_rtx5070ti/col160/fit01.npz,5a80d05a56a76bf770ad9ce641b1c22790580d7e9c858f1a2344463d5110a5b9,1,55968208,True,True,/home/moloch/jacobian-lens/research/closeout_2026-09-11/archive/ACCEPTANCE_RECEIPT.json (restoration_from_ssd),referenced only by J-Lens rounds; not a shared cache; not an active source
/home/moloch/jacobian-lens/research/verification_2026-09-11/replay/local_cuda_rtx5070ti/col160/fit02.npz,18747426,3ac60d265fb213dd50b55a359bd99cdab0611b4bdbce388c8541f43fc2a05d8c,3ac60d265fb213dd50b55a359bd99cdab0611b4bdbce388c8541f43fc2a05d8c,/run/media/moloch/ARCH_BACKUP/JLENS_COLD_ARCHIVE_20260911/tree/home/moloch/jacobian-lens/research/verification_2026-09-11/replay/local_cuda_rtx5070ti/col160/fit02.npz,3ac60d265fb213dd50b55a359bd99cdab0611b4bdbce388c8541f43fc2a05d8c,1,55968274,True,True,/home/moloch/jacobian-lens/research/closeout_2026-09-11/archive/ACCEPTANCE_RECEIPT.json (restoration_from_ssd),referenced only by J-Lens rounds; not a shared cache; not an active source
/home/moloch/jacobian-lens/research/verification_2026-09-11/replay/local_cuda_rtx5070ti/col160/penultimate.npz,18930650,0538a90d991d066a048241714c4be2129cfacd6cdb75af6d63f2fc5f0e67212c,0538a90d991d066a048241714c4be2129cfacd6cdb75af6d63f2fc5f0e67212c,/run/media/moloch/ARCH_BACKUP/JLENS_COLD_ARCHIVE_20260911/tree/home/moloch/jacobian-lens/research/verification_2026-09-11/replay/local_cuda_rtx5070ti/col160/penultimate.npz,0538a90d991d066a048241714c4be2129cfacd6cdb75af6d63f2fc5f0e67212c,1,55968448,True,True,/home/moloch/jacobian-lens/research/closeout_2026-09-11/archive/ACCEPTANCE_RECEIPT.json (restoration_from_ssd),referenced only by J-Lens rounds; not a shared cache; not an active source
/home/moloch/jacobian-lens/research/verification_2026-09-11/replay/local_cuda_rtx5070ti/col160/raw.npz,19769751,5db3c20da0d4409edd013d9119e8163b2a0d6897f873c525a58b96858c9ce3c3,5db3c20da0d4409edd013d9119e8163b2a0d6897f873c525a58b96858c9ce3c3,/run/media/moloch/ARCH_BACKUP/JLENS_COLD_ARCHIVE_20260911/tree/home/moloch/jacobian-lens/research/verification_2026-09-11/replay/local_cuda_rtx5070ti/col160/raw.npz,5db3c20da0d4409edd013d9119e8163b2a0d6897f873c525a58b96858c9ce3c3,1,55968175,True,True,/home/moloch/jacobian-lens/research/closeout_2026-09-11/archive/ACCEPTANCE_RECEIPT.json (restoration_from_ssd),referenced only by J-Lens rounds; not a shared cache; not an active source
/home/moloch/jacobian-lens/research/verification_2026-09-11/replay/local_cuda_rtx5070ti/col160/sampled_sum.npz,18865223,a4964f12557e81235e7579e32aef6a4f4bcdf4be743544dfcc3aea49623e30b0,a4964f12557e81235e7579e32aef6a4f4bcdf4be743544dfcc3aea49623e30b0,/run/media/moloch/ARCH_BACKUP/JLENS_COLD_ARCHIVE_20260911/tree/home/moloch/jacobian-lens/research/verification_2026-09-11/replay/local_cuda_rtx5070ti/col160/sampled_sum.npz,a4964f12557e81235e7579e32aef6a4f4bcdf4be743544dfcc3aea49623e30b0,1,55968705,True,True,/home/moloch/jacobian-lens/research/closeout_2026-09-11/archive/ACCEPTANCE_RECEIPT.json (restoration_from_ssd),referenced only by J-Lens rounds; not a shared cache; not an active source
/home/moloch/jacobian-lens/research/verification_2026-09-11/replay/local_cuda_rtx5070ti/executed/diagonal.npz,23050310,c93fa5884ea3ddca1e641f2efbf324fe22a54b57301fc1eb3014c89f112c95db,c93fa5884ea3ddca1e641f2efbf324fe22a54b57301fc1eb3014c89f112c95db,/run/media/moloch/ARCH_BACKUP/JLENS_COLD_ARCHIVE_20260911/tree/home/moloch/jacobian-lens/research/verification_2026-09-11/replay/local_cuda_rtx5070ti/executed/diagonal.npz,c93fa5884ea3ddca1e641f2efbf324fe22a54b57301fc1eb3014c89f112c95db,1,55969858,True,True,/home/moloch/jacobian-lens/research/closeout_2026-09-11/archive/ACCEPTANCE_RECEIPT.json (restoration_from_ssd),referenced only by J-Lens rounds; not a shared cache; not an active source
/home/moloch/jacobian-lens/research/verification_2026-09-11/replay/local_cuda_rtx5070ti/executed/fit01.npz,23605102,3c6f4a5ee229ebc45c1ed6ab3254166cb58ca1a850643c03a499f71435f61be0,3c6f4a5ee229ebc45c1ed6ab3254166cb58ca1a850643c03a499f71435f61be0,/run/media/moloch/ARCH_BACKUP/JLENS_COLD_ARCHIVE_20260911/tree/home/moloch/jacobian-lens/research/verification_2026-09-11/replay/local_cuda_rtx5070ti/executed/fit01.npz,3c6f4a5ee229ebc45c1ed6ab3254166cb58ca1a850643c03a499f71435f61be0,1,55968193,True,True,/home/moloch/jacobian-lens/research/closeout_2026-09-11/archive/ACCEPTANCE_RECEIPT.json (restoration_from_ssd),referenced only by J-Lens rounds; not a shared cache; not an active source
/home/moloch/jacobian-lens/research/verification_2026-09-11/replay/local_cuda_rtx5070ti/executed/fit02.npz,23479019,78ae10c9ea12b178dbec6b31fc008d82210c7790a11e8072f3d6fa13fb742f8d,78ae10c9ea12b178dbec6b31fc008d82210c7790a11e8072f3d6fa13fb742f8d,/run/media/moloch/ARCH_BACKUP/JLENS_COLD_ARCHIVE_20260911/tree/home/moloch/jacobian-lens/research/verification_2026-09-11/replay/local_cuda_rtx5070ti/executed/fit02.npz,78ae10c9ea12b178dbec6b31fc008d82210c7790a11e8072f3d6fa13fb742f8d,1,55968267,True,True,/home/moloch/jacobian-lens/research/closeout_2026-09-11/archive/ACCEPTANCE_RECEIPT.json (restoration_from_ssd),referenced only by J-Lens rounds; not a shared cache; not an active source
/home/moloch/jacobian-lens/research/verification_2026-09-11/replay/local_cuda_rtx5070ti/executed/penultimate.npz,23786663,6007db797c7e378beef207900bebdef706a3bd51d9ff979d1a930b8c23f86d59,6007db797c7e378beef207900bebdef706a3bd51d9ff979d1a930b8c23f86d59,/run/media/moloch/ARCH_BACKUP/JLENS_COLD_ARCHIVE_20260911/tree/home/moloch/jacobian-lens/research/verification_2026-09-11/replay/local_cuda_rtx5070ti/executed/penultimate.npz,6007db797c7e378beef207900bebdef706a3bd51d9ff979d1a930b8c23f86d59,1,55968245,True,True,/home/moloch/jacobian-lens/research/closeout_2026-09-11/archive/ACCEPTANCE_RECEIPT.json (restoration_from_ssd),referenced only by J-Lens rounds; not a shared cache; not an active source
/home/moloch/jacobian-lens/research/verification_2026-09-11/replay/local_cuda_rtx5070ti/executed/raw.npz,24831220,7b6930034e7512c95a3ad5c15bb2f392a98511c19ce9a29526f05fa638c67679,7b6930034e7512c95a3ad5c15bb2f392a98511c19ce9a29526f05fa638c67679,/run/media/moloch/ARCH_BACKUP/JLENS_COLD_ARCHIVE_20260911/tree/home/moloch/jacobian-lens/research/verification_2026-09-11/replay/local_cuda_rtx5070ti/executed/raw.npz,7b6930034e7512c95a3ad5c15bb2f392a98511c19ce9a29526f05fa638c67679,1,55968164,True,True,/home/moloch/jacobian-lens/research/closeout_2026-09-11/archive/ACCEPTANCE_RECEIPT.json (restoration_from_ssd),referenced only by J-Lens rounds; not a shared cache; not an active source
/home/moloch/jacobian-lens/research/verification_2026-09-11/replay/local_cuda_rtx5070ti/executed/sampled_sum.npz,23667609,5d23892b4520e38ea838e76cb12b8b408990f347ed79bd0e97e83f6003f1da6e,5d23892b4520e38ea838e76cb12b8b408990f347ed79bd0e97e83f6003f1da6e,/run/media/moloch/ARCH_BACKUP/JLENS_COLD_ARCHIVE_20260911/tree/home/moloch/jacobian-lens/research/verification_2026-09-11/replay/local_cuda_rtx5070ti/executed/sampled_sum.npz,5d23892b4520e38ea838e76cb12b8b408990f347ed79bd0e97e83f6003f1da6e,1,55968598,True,True,/home/moloch/jacobian-lens/research/closeout_2026-09-11/archive/ACCEPTANCE_RECEIPT.json (restoration_from_ssd),referenced only by J-Lens rounds; not a shared cache; not an active source
/home/moloch/jacobian-lens/research/verification_2026-09-11/replay/local_cuda_rtx5070ti/fp32/diagonal.npz,29274942,0ea2d97bd46a81b3a2fa4c4b556707d6ae24ec3c47304454b63a1d43c042d2bb,0ea2d97bd46a81b3a2fa4c4b556707d6ae24ec3c47304454b63a1d43c042d2bb,/run/media/moloch/ARCH_BACKUP/JLENS_COLD_ARCHIVE_20260911/tree/home/moloch/jacobian-lens/research/verification_2026-09-11/replay/local_cuda_rtx5070ti/fp32/diagonal.npz,0ea2d97bd46a81b3a2fa4c4b556707d6ae24ec3c47304454b63a1d43c042d2bb,1,55969960,True,True,/home/moloch/jacobian-lens/research/closeout_2026-09-11/archive/ACCEPTANCE_RECEIPT.json (restoration_from_ssd),referenced only by J-Lens rounds; not a shared cache; not an active source
/home/moloch/jacobian-lens/research/verification_2026-09-11/replay/local_cuda_rtx5070ti/fp32/fit01.npz,29751928,9b2d52da9c07182a4e918ab541a955f2ba397c279ca83895acc28a5aeb09945f,9b2d52da9c07182a4e918ab541a955f2ba397c279ca83895acc28a5aeb09945f,/run/media/moloch/ARCH_BACKUP/JLENS_COLD_ARCHIVE_20260911/tree/home/moloch/jacobian-lens/research/verification_2026-09-11/replay/local_cuda_rtx5070ti/fp32/fit01.npz,9b2d52da9c07182a4e918ab541a955f2ba397c279ca83895acc28a5aeb09945f,1,55968211,True,True,/home/moloch/jacobian-lens/research/closeout_2026-09-11/archive/ACCEPTANCE_RECEIPT.json (restoration_from_ssd),referenced only by J-Lens rounds; not a shared cache; not an active source
/home/moloch/jacobian-lens/research/verification_2026-09-11/replay/local_cuda_rtx5070ti/fp32/fit02.npz,29646063,9e8b4f9070d123517946b572e321ffcaae442438f318a29bf1fd74ed729113c9,9e8b4f9070d123517946b572e321ffcaae442438f318a29bf1fd74ed729113c9,/run/media/moloch/ARCH_BACKUP/JLENS_COLD_ARCHIVE_20260911/tree/home/moloch/jacobian-lens/research/verification_2026-09-11/replay/local_cuda_rtx5070ti/fp32/fit02.npz,9e8b4f9070d123517946b572e321ffcaae442438f318a29bf1fd74ed729113c9,1,55968275,True,True,/home/moloch/jacobian-lens/research/closeout_2026-09-11/archive/ACCEPTANCE_RECEIPT.json (restoration_from_ssd),referenced only by J-Lens rounds; not a shared cache; not an active source
/home/moloch/jacobian-lens/research/verification_2026-09-11/replay/local_cuda_rtx5070ti/fp32/penultimate.npz,29823445,ac7b5c2957fbc17a1cb7980812160f0c534b19f9ae732bff0b2efcb88dfa5b1c,ac7b5c2957fbc17a1cb7980812160f0c534b19f9ae732bff0b2efcb88dfa5b1c,/run/media/moloch/ARCH_BACKUP/JLENS_COLD_ARCHIVE_20260911/tree/home/moloch/jacobian-lens/research/verification_2026-09-11/replay/local_cuda_rtx5070ti/fp32/penultimate.npz,ac7b5c2957fbc17a1cb7980812160f0c534b19f9ae732bff0b2efcb88dfa5b1c,1,55968464,True,True,/home/moloch/jacobian-lens/research/closeout_2026-09-11/archive/ACCEPTANCE_RECEIPT.json (restoration_from_ssd),referenced only by J-Lens rounds; not a shared cache; not an active source
/home/moloch/jacobian-lens/research/verification_2026-09-11/replay/local_cuda_rtx5070ti/fp32/raw.npz,30845535,4f549606bb1e9390ed8ae5e18cb2d538cc2e880b14e1075e6af15e9f7f858977,4f549606bb1e9390ed8ae5e18cb2d538cc2e880b14e1075e6af15e9f7f858977,/run/media/moloch/ARCH_BACKUP/JLENS_COLD_ARCHIVE_20260911/tree/home/moloch/jacobian-lens/research/verification_2026-09-11/replay/local_cuda_rtx5070ti/fp32/raw.npz,4f549606bb1e9390ed8ae5e18cb2d538cc2e880b14e1075e6af15e9f7f858977,1,55968188,True,True,/home/moloch/jacobian-lens/research/closeout_2026-09-11/archive/ACCEPTANCE_RECEIPT.json (restoration_from_ssd),referenced only by J-Lens rounds; not a shared cache; not an active source
/home/moloch/jacobian-lens/research/verification_2026-09-11/replay/local_cuda_rtx5070ti/fp32/sampled_sum.npz,29751464,715a5a67af84dd9da21dae6ae624292340a46cdbbfc9f284419bee9881b429e9,715a5a67af84dd9da21dae6ae624292340a46cdbbfc9f284419bee9881b429e9,/run/media/moloch/ARCH_BACKUP/JLENS_COLD_ARCHIVE_20260911/tree/home/moloch/jacobian-lens/research/verification_2026-09-11/replay/local_cuda_rtx5070ti/fp32/sampled_sum.npz,715a5a67af84dd9da21dae6ae624292340a46cdbbfc9f284419bee9881b429e9,1,55968710,True,True,/home/moloch/jacobian-lens/research/closeout_2026-09-11/archive/ACCEPTANCE_RECEIPT.json (restoration_from_ssd),referenced only by J-Lens rounds; not a shared cache; not an active source
/home/moloch/jacobian-lens/research/verification_2026-09-11/replay/local_cuda_rtx5070ti/fp64/diagonal.npz,37889475,3e043b863ddae805ebf2eb904aed74d9617d869961fd14e79604104e1111ff6b,3e043b863ddae805ebf2eb904aed74d9617d869961fd14e79604104e1111ff6b,/run/media/moloch/ARCH_BACKUP/JLENS_COLD_ARCHIVE_20260911/tree/home/moloch/jacobian-lens/research/verification_2026-09-11/replay/local_cuda_rtx5070ti/fp64/diagonal.npz,3e043b863ddae805ebf2eb904aed74d9617d869961fd14e79604104e1111ff6b,1,55969962,True,True,/home/moloch/jacobian-lens/research/closeout_2026-09-11/archive/ACCEPTANCE_RECEIPT.json (restoration_from_ssd),referenced only by J-Lens rounds; not a shared cache; not an active source
/home/moloch/jacobian-lens/research/verification_2026-09-11/replay/local_cuda_rtx5070ti/fp64/fit01.npz,38376376,d3d96bc8705bfc81bc73dbbf08883ef790fd83d18043441ce6f681adb85a3478,d3d96bc8705bfc81bc73dbbf08883ef790fd83d18043441ce6f681adb85a3478,/run/media/moloch/ARCH_BACKUP/JLENS_COLD_ARCHIVE_20260911/tree/home/moloch/jacobian-lens/research/verification_2026-09-11/replay/local_cuda_rtx5070ti/fp64/fit01.npz,d3d96bc8705bfc81bc73dbbf08883ef790fd83d18043441ce6f681adb85a3478,1,55968220,True,True,/home/moloch/jacobian-lens/research/closeout_2026-09-11/archive/ACCEPTANCE_RECEIPT.json (restoration_from_ssd),referenced only by J-Lens rounds; not a shared cache; not an active source
/home/moloch/jacobian-lens/research/verification_2026-09-11/replay/local_cuda_rtx5070ti/fp64/fit02.npz,38275764,c1fd873431b84d9ee4cbb61fceed0df7aed9750bfe286df3eeb9e00fcc444068,c1fd873431b84d9ee4cbb61fceed0df7aed9750bfe286df3eeb9e00fcc444068,/run/media/moloch/ARCH_BACKUP/JLENS_COLD_ARCHIVE_20260911/tree/home/moloch/jacobian-lens/research/verification_2026-09-11/replay/local_cuda_rtx5070ti/fp64/fit02.npz,c1fd873431b84d9ee4cbb61fceed0df7aed9750bfe286df3eeb9e00fcc444068,1,55968289,True,True,/home/moloch/jacobian-lens/research/closeout_2026-09-11/archive/ACCEPTANCE_RECEIPT.json (restoration_from_ssd),referenced only by J-Lens rounds; not a shared cache; not an active source
/home/moloch/jacobian-lens/research/verification_2026-09-11/replay/local_cuda_rtx5070ti/fp64/penultimate.npz,38318620,ee2966b8168e5313d05ae7b530c1f3b107fa8014929bf64bc73e059ef7990b65,ee2966b8168e5313d05ae7b530c1f3b107fa8014929bf64bc73e059ef7990b65,/run/media/moloch/ARCH_BACKUP/JLENS_COLD_ARCHIVE_20260911/tree/home/moloch/jacobian-lens/research/verification_2026-09-11/replay/local_cuda_rtx5070ti/fp64/penultimate.npz,ee2966b8168e5313d05ae7b530c1f3b107fa8014929bf64bc73e059ef7990b65,1,55968522,True,True,/home/moloch/jacobian-lens/research/closeout_2026-09-11/archive/ACCEPTANCE_RECEIPT.json (restoration_from_ssd),referenced only by J-Lens rounds; not a shared cache; not an active source
/home/moloch/jacobian-lens/research/verification_2026-09-11/replay/local_cuda_rtx5070ti/fp64/raw.npz,39355155,c5852d38b36fcf7bdf468da5b6fedab5e4db8ddb0d714a813f7905d48c0a8e6a,c5852d38b36fcf7bdf468da5b6fedab5e4db8ddb0d714a813f7905d48c0a8e6a,/run/media/moloch/ARCH_BACKUP/JLENS_COLD_ARCHIVE_20260911/tree/home/moloch/jacobian-lens/research/verification_2026-09-11/replay/local_cuda_rtx5070ti/fp64/raw.npz,c5852d38b36fcf7bdf468da5b6fedab5e4db8ddb0d714a813f7905d48c0a8e6a,1,55968190,True,True,/home/moloch/jacobian-lens/research/closeout_2026-09-11/archive/ACCEPTANCE_RECEIPT.json (restoration_from_ssd),referenced only by J-Lens rounds; not a shared cache; not an active source
/home/moloch/jacobian-lens/research/verification_2026-09-11/replay/local_cuda_rtx5070ti/fp64/sampled_sum.npz,38304767,44652a2b0e7c6d5df439595c0e47f5982d0c1ae2dbe82ed264729759dfd282de,44652a2b0e7c6d5df439595c0e47f5982d0c1ae2dbe82ed264729759dfd282de,/run/media/moloch/ARCH_BACKUP/JLENS_COLD_ARCHIVE_20260911/tree/home/moloch/jacobian-lens/research/verification_2026-09-11/replay/local_cuda_rtx5070ti/fp64/sampled_sum.npz,44652a2b0e7c6d5df439595c0e47f5982d0c1ae2dbe82ed264729759dfd282de,1,55969853,True,True,/home/moloch/jacobian-lens/research/closeout_2026-09-11/archive/ACCEPTANCE_RECEIPT.json (restoration_from_ssd),referenced only by J-Lens rounds; not a shared cache; not an active source
/home/moloch/jacobian-lens/research/verification_2026-09-11/replay/local_cuda_rtx5070ti/fp64_head/diagonal.npz,37888992,088a976e4d14174d9be847f33dee7dc169b85bf6ea47eae646281a8bad951b99,088a976e4d14174d9be847f33dee7dc169b85bf6ea47eae646281a8bad951b99,/run/media/moloch/ARCH_BACKUP/JLENS_COLD_ARCHIVE_20260911/tree/home/moloch/jacobian-lens/research/verification_2026-09-11/replay/local_cuda_rtx5070ti/fp64_head/diagonal.npz,088a976e4d14174d9be847f33dee7dc169b85bf6ea47eae646281a8bad951b99,1,55969961,True,True,/home/moloch/jacobian-lens/research/closeout_2026-09-11/archive/ACCEPTANCE_RECEIPT.json (restoration_from_ssd),referenced only by J-Lens rounds; not a shared cache; not an active source
/home/moloch/jacobian-lens/research/verification_2026-09-11/replay/local_cuda_rtx5070ti/fp64_head/fit01.npz,38376062,8c0308d6701dc5193c830cb75e64cd2d2e9cede0c629f95243cd577e16320229,8c0308d6701dc5193c830cb75e64cd2d2e9cede0c629f95243cd577e16320229,/run/media/moloch/ARCH_BACKUP/JLENS_COLD_ARCHIVE_20260911/tree/home/moloch/jacobian-lens/research/verification_2026-09-11/replay/local_cuda_rtx5070ti/fp64_head/fit01.npz,8c0308d6701dc5193c830cb75e64cd2d2e9cede0c629f95243cd577e16320229,1,55968214,True,True,/home/moloch/jacobian-lens/research/closeout_2026-09-11/archive/ACCEPTANCE_RECEIPT.json (restoration_from_ssd),referenced only by J-Lens rounds; not a shared cache; not an active source
/home/moloch/jacobian-lens/research/verification_2026-09-11/replay/local_cuda_rtx5070ti/fp64_head/fit02.npz,38275227,1b03dc8174ac2cdb1c48b1e9f556745d122de54dc40c073d8a925be5d1613b13,1b03dc8174ac2cdb1c48b1e9f556745d122de54dc40c073d8a925be5d1613b13,/run/media/moloch/ARCH_BACKUP/JLENS_COLD_ARCHIVE_20260911/tree/home/moloch/jacobian-lens/research/verification_2026-09-11/replay/local_cuda_rtx5070ti/fp64_head/fit02.npz,1b03dc8174ac2cdb1c48b1e9f556745d122de54dc40c073d8a925be5d1613b13,1,55968281,True,True,/home/moloch/jacobian-lens/research/closeout_2026-09-11/archive/ACCEPTANCE_RECEIPT.json (restoration_from_ssd),referenced only by J-Lens rounds; not a shared cache; not an active source
/home/moloch/jacobian-lens/research/verification_2026-09-11/replay/local_cuda_rtx5070ti/fp64_head/penultimate.npz,38318761,dc7ca08eaca018f566aa757294223102127b0d53fbb32862d6c80ab8ded7de07,dc7ca08eaca018f566aa757294223102127b0d53fbb32862d6c80ab8ded7de07,/run/media/moloch/ARCH_BACKUP/JLENS_COLD_ARCHIVE_20260911/tree/home/moloch/jacobian-lens/research/verification_2026-09-11/replay/local_cuda_rtx5070ti/fp64_head/penultimate.npz,dc7ca08eaca018f566aa757294223102127b0d53fbb32862d6c80ab8ded7de07,1,55968477,True,True,/home/moloch/jacobian-lens/research/closeout_2026-09-11/archive/ACCEPTANCE_RECEIPT.json (restoration_from_ssd),referenced only by J-Lens rounds; not a shared cache; not an active source
/home/moloch/jacobian-lens/research/verification_2026-09-11/replay/local_cuda_rtx5070ti/fp64_head/raw.npz,39355155,c5852d38b36fcf7bdf468da5b6fedab5e4db8ddb0d714a813f7905d48c0a8e6a,c5852d38b36fcf7bdf468da5b6fedab5e4db8ddb0d714a813f7905d48c0a8e6a,/run/media/moloch/ARCH_BACKUP/JLENS_COLD_ARCHIVE_20260911/tree/home/moloch/jacobian-lens/research/verification_2026-09-11/replay/local_cuda_rtx5070ti/fp64_head/raw.npz,c5852d38b36fcf7bdf468da5b6fedab5e4db8ddb0d714a813f7905d48c0a8e6a,1,55968189,True,True,/home/moloch/jacobian-lens/research/closeout_2026-09-11/archive/ACCEPTANCE_RECEIPT.json (restoration_from_ssd),referenced only by J-Lens rounds; not a shared cache; not an active source
/home/moloch/jacobian-lens/research/verification_2026-09-11/replay/local_cuda_rtx5070ti/fp64_head/sampled_sum.npz,38304837,4775c5678d8e38b5a4941a4eb3ff48e9f4eb89ec0162ef3f4530e68219f864fe,4775c5678d8e38b5a4941a4eb3ff48e9f4eb89ec0162ef3f4530e68219f864fe,/run/media/moloch/ARCH_BACKUP/JLENS_COLD_ARCHIVE_20260911/tree/home/moloch/jacobian-lens/research/verification_2026-09-11/replay/local_cuda_rtx5070ti/fp64_head/sampled_sum.npz,4775c5678d8e38b5a4941a4eb3ff48e9f4eb89ec0162ef3f4530e68219f864fe,1,55968910,True,True,/home/moloch/jacobian-lens/research/closeout_2026-09-11/archive/ACCEPTANCE_RECEIPT.json (restoration_from_ssd),referenced only by J-Lens rounds; not a shared cache; not an active source
/home/moloch/jacobian-lens/research/verification_2026-09-11/replay/local_cuda_rtx5070ti/row1/diagonal.npz,18500779,145e21406dde0cedd0250336eec799a35246738a9feb50cfb8558a70e9a356f2,145e21406dde0cedd0250336eec799a35246738a9feb50cfb8558a70e9a356f2,/run/media/moloch/ARCH_BACKUP/JLENS_COLD_ARCHIVE_20260911/tree/home/moloch/jacobian-lens/research/verification_2026-09-11/replay/local_cuda_rtx5070ti/row1/diagonal.npz,145e21406dde0cedd0250336eec799a35246738a9feb50cfb8558a70e9a356f2,1,55969863,True,True,/home/moloch/jacobian-lens/research/closeout_2026-09-11/archive/ACCEPTANCE_RECEIPT.json (restoration_from_ssd),referenced only by J-Lens rounds; not a shared cache; not an active source
/home/moloch/jacobian-lens/research/verification_2026-09-11/replay/local_cuda_rtx5070ti/row1/fit01.npz,18836645,7acaab5ab2d8fbbb0e6a5d0527313268ebee7652465f2f9a29f4a827f8fe8a44,7acaab5ab2d8fbbb0e6a5d0527313268ebee7652465f2f9a29f4a827f8fe8a44,/run/media/moloch/ARCH_BACKUP/JLENS_COLD_ARCHIVE_20260911/tree/home/moloch/jacobian-lens/research/verification_2026-09-11/replay/local_cuda_rtx5070ti/row1/fit01.npz,7acaab5ab2d8fbbb0e6a5d0527313268ebee7652465f2f9a29f4a827f8fe8a44,1,55968194,True,True,/home/moloch/jacobian-lens/research/closeout_2026-09-11/archive/ACCEPTANCE_RECEIPT.json (restoration_from_ssd),referenced only by J-Lens rounds; not a shared cache; not an active source
/home/moloch/jacobian-lens/research/verification_2026-09-11/replay/local_cuda_rtx5070ti/row1/fit02.npz,18748756,92c4e67beacc663a8dd4ab94cfd2d1e37430bf2dde13beae9c9268eba6fd3855,92c4e67beacc663a8dd4ab94cfd2d1e37430bf2dde13beae9c9268eba6fd3855,/run/media/moloch/ARCH_BACKUP/JLENS_COLD_ARCHIVE_20260911/tree/home/moloch/jacobian-lens/research/verification_2026-09-11/replay/local_cuda_rtx5070ti/row1/fit02.npz,92c4e67beacc663a8dd4ab94cfd2d1e37430bf2dde13beae9c9268eba6fd3855,1,55968268,True,True,/home/moloch/jacobian-lens/research/closeout_2026-09-11/archive/ACCEPTANCE_RECEIPT.json (restoration_from_ssd),referenced only by J-Lens rounds; not a shared cache; not an active source
/home/moloch/jacobian-lens/research/verification_2026-09-11/replay/local_cuda_rtx5070ti/row1/penultimate.npz,18932470,d15ae2e035d848e96279ce94404909abc985582040d7356746b2af5a6c59dc0d,d15ae2e035d848e96279ce94404909abc985582040d7356746b2af5a6c59dc0d,/run/media/moloch/ARCH_BACKUP/JLENS_COLD_ARCHIVE_20260911/tree/home/moloch/jacobian-lens/research/verification_2026-09-11/replay/local_cuda_rtx5070ti/row1/penultimate.npz,d15ae2e035d848e96279ce94404909abc985582040d7356746b2af5a6c59dc0d,1,55968297,True,True,/home/moloch/jacobian-lens/research/closeout_2026-09-11/archive/ACCEPTANCE_RECEIPT.json (restoration_from_ssd),referenced only by J-Lens rounds; not a shared cache; not an active source
/home/moloch/jacobian-lens/research/verification_2026-09-11/replay/local_cuda_rtx5070ti/row1/raw.npz,19771493,a1f9a7d0451f729924d33e6bd4213a6cd8c6451202366232bdcdad8e18d64719,a1f9a7d0451f729924d33e6bd4213a6cd8c6451202366232bdcdad8e18d64719,/run/media/moloch/ARCH_BACKUP/JLENS_COLD_ARCHIVE_20260911/tree/home/moloch/jacobian-lens/research/verification_2026-09-11/replay/local_cuda_rtx5070ti/row1/raw.npz,a1f9a7d0451f729924d33e6bd4213a6cd8c6451202366232bdcdad8e18d64719,1,55968167,True,True,/home/moloch/jacobian-lens/research/closeout_2026-09-11/archive/ACCEPTANCE_RECEIPT.json (restoration_from_ssd),referenced only by J-Lens rounds; not a shared cache; not an active source
/home/moloch/jacobian-lens/research/verification_2026-09-11/replay/local_cuda_rtx5070ti/row1/sampled_sum.npz,18867213,27ebd554a98c3c26c28f98f5ada4e67d7071c51e63abd2daa3117ec9b764a97a,27ebd554a98c3c26c28f98f5ada4e67d7071c51e63abd2daa3117ec9b764a97a,/run/media/moloch/ARCH_BACKUP/JLENS_COLD_ARCHIVE_20260911/tree/home/moloch/jacobian-lens/research/verification_2026-09-11/replay/local_cuda_rtx5070ti/row1/sampled_sum.npz,27ebd554a98c3c26c28f98f5ada4e67d7071c51e63abd2daa3117ec9b764a97a,1,55968700,True,True,/home/moloch/jacobian-lens/research/closeout_2026-09-11/archive/ACCEPTANCE_RECEIPT.json (restoration_from_ssd),referenced only by J-Lens rounds; not a shared cache; not an active source
/home/moloch/jacobian-lens/research/verification_2026-09-11/replay/local_cuda_rtx5070ti/rows190/diagonal.npz,18499143,91a342f55b19f069e1defb0477c9543cde81a85de0245aee6a49d6d0c9a66f20,91a342f55b19f069e1defb0477c9543cde81a85de0245aee6a49d6d0c9a66f20,/run/media/moloch/ARCH_BACKUP/JLENS_COLD_ARCHIVE_20260911/tree/home/moloch/jacobian-lens/research/verification_2026-09-11/replay/local_cuda_rtx5070ti/rows190/diagonal.npz,91a342f55b19f069e1defb0477c9543cde81a85de0245aee6a49d6d0c9a66f20,1,55969864,True,True,/home/moloch/jacobian-lens/research/closeout_2026-09-11/archive/ACCEPTANCE_RECEIPT.json (restoration_from_ssd),referenced only by J-Lens rounds; not a shared cache; not an active source
/home/moloch/jacobian-lens/research/verification_2026-09-11/replay/local_cuda_rtx5070ti/rows190/fit01.npz,18834852,5a80d05a56a76bf770ad9ce641b1c22790580d7e9c858f1a2344463d5110a5b9,5a80d05a56a76bf770ad9ce641b1c22790580d7e9c858f1a2344463d5110a5b9,/run/media/moloch/ARCH_BACKUP/JLENS_COLD_ARCHIVE_20260911/tree/home/moloch/jacobian-lens/research/verification_2026-09-11/replay/local_cuda_rtx5070ti/rows190/fit01.npz,5a80d05a56a76bf770ad9ce641b1c22790580d7e9c858f1a2344463d5110a5b9,1,55968195,True,True,/home/moloch/jacobian-lens/research/closeout_2026-09-11/archive/ACCEPTANCE_RECEIPT.json (restoration_from_ssd),referenced only by J-Lens rounds; not a shared cache; not an active source
/home/moloch/jacobian-lens/research/verification_2026-09-11/replay/local_cuda_rtx5070ti/rows190/fit02.npz,18747426,3ac60d265fb213dd50b55a359bd99cdab0611b4bdbce388c8541f43fc2a05d8c,3ac60d265fb213dd50b55a359bd99cdab0611b4bdbce388c8541f43fc2a05d8c,/run/media/moloch/ARCH_BACKUP/JLENS_COLD_ARCHIVE_20260911/tree/home/moloch/jacobian-lens/research/verification_2026-09-11/replay/local_cuda_rtx5070ti/rows190/fit02.npz,3ac60d265fb213dd50b55a359bd99cdab0611b4bdbce388c8541f43fc2a05d8c,1,55968269,True,True,/home/moloch/jacobian-lens/research/closeout_2026-09-11/archive/ACCEPTANCE_RECEIPT.json (restoration_from_ssd),referenced only by J-Lens rounds; not a shared cache; not an active source
/home/moloch/jacobian-lens/research/verification_2026-09-11/replay/local_cuda_rtx5070ti/rows190/penultimate.npz,18930650,0538a90d991d066a048241714c4be2129cfacd6cdb75af6d63f2fc5f0e67212c,0538a90d991d066a048241714c4be2129cfacd6cdb75af6d63f2fc5f0e67212c,/run/media/moloch/ARCH_BACKUP/JLENS_COLD_ARCHIVE_20260911/tree/home/moloch/jacobian-lens/research/verification_2026-09-11/replay/local_cuda_rtx5070ti/rows190/penultimate.npz,0538a90d991d066a048241714c4be2129cfacd6cdb75af6d63f2fc5f0e67212c,1,55968299,True,True,/home/moloch/jacobian-lens/research/closeout_2026-09-11/archive/ACCEPTANCE_RECEIPT.json (restoration_from_ssd),referenced only by J-Lens rounds; not a shared cache; not an active source
/home/moloch/jacobian-lens/research/verification_2026-09-11/replay/local_cuda_rtx5070ti/rows190/raw.npz,19769751,5db3c20da0d4409edd013d9119e8163b2a0d6897f873c525a58b96858c9ce3c3,5db3c20da0d4409edd013d9119e8163b2a0d6897f873c525a58b96858c9ce3c3,/run/media/moloch/ARCH_BACKUP/JLENS_COLD_ARCHIVE_20260911/tree/home/moloch/jacobian-lens/research/verification_2026-09-11/replay/local_cuda_rtx5070ti/rows190/raw.npz,5db3c20da0d4409edd013d9119e8163b2a0d6897f873c525a58b96858c9ce3c3,1,55968170,True,True,/home/moloch/jacobian-lens/research/closeout_2026-09-11/archive/ACCEPTANCE_RECEIPT.json (restoration_from_ssd),referenced only by J-Lens rounds; not a shared cache; not an active source
/home/moloch/jacobian-lens/research/verification_2026-09-11/replay/local_cuda_rtx5070ti/rows190/sampled_sum.npz,18865223,a4964f12557e81235e7579e32aef6a4f4bcdf4be743544dfcc3aea49623e30b0,a4964f12557e81235e7579e32aef6a4f4bcdf4be743544dfcc3aea49623e30b0,/run/media/moloch/ARCH_BACKUP/JLENS_COLD_ARCHIVE_20260911/tree/home/moloch/jacobian-lens/research/verification_2026-09-11/replay/local_cuda_rtx5070ti/rows190/sampled_sum.npz,a4964f12557e81235e7579e32aef6a4f4bcdf4be743544dfcc3aea49623e30b0,1,55968702,True,True,/home/moloch/jacobian-lens/research/closeout_2026-09-11/archive/ACCEPTANCE_RECEIPT.json (restoration_from_ssd),referenced only by J-Lens rounds; not a shared cache; not an active source
/home/moloch/jacobian-lens/research/verification_2026-09-11/replay/local_cuda_rtx5070ti/rows191/diagonal.npz,18499143,91a342f55b19f069e1defb0477c9543cde81a85de0245aee6a49d6d0c9a66f20,91a342f55b19f069e1defb0477c9543cde81a85de0245aee6a49d6d0c9a66f20,/run/media/moloch/ARCH_BACKUP/JLENS_COLD_ARCHIVE_20260911/tree/home/moloch/jacobian-lens/research/verification_2026-09-11/replay/local_cuda_rtx5070ti/rows191/diagonal.npz,91a342f55b19f069e1defb0477c9543cde81a85de0245aee6a49d6d0c9a66f20,1,55969865,True,True,/home/moloch/jacobian-lens/research/closeout_2026-09-11/archive/ACCEPTANCE_RECEIPT.json (restoration_from_ssd),referenced only by J-Lens rounds; not a shared cache; not an active source
/home/moloch/jacobian-lens/research/verification_2026-09-11/replay/local_cuda_rtx5070ti/rows191/fit01.npz,18834852,5a80d05a56a76bf770ad9ce641b1c22790580d7e9c858f1a2344463d5110a5b9,5a80d05a56a76bf770ad9ce641b1c22790580d7e9c858f1a2344463d5110a5b9,/run/media/moloch/ARCH_BACKUP/JLENS_COLD_ARCHIVE_20260911/tree/home/moloch/jacobian-lens/research/verification_2026-09-11/replay/local_cuda_rtx5070ti/rows191/fit01.npz,5a80d05a56a76bf770ad9ce641b1c22790580d7e9c858f1a2344463d5110a5b9,1,55968202,True,True,/home/moloch/jacobian-lens/research/closeout_2026-09-11/archive/ACCEPTANCE_RECEIPT.json (restoration_from_ssd),referenced only by J-Lens rounds; not a shared cache; not an active source
/home/moloch/jacobian-lens/research/verification_2026-09-11/replay/local_cuda_rtx5070ti/rows191/fit02.npz,18747426,3ac60d265fb213dd50b55a359bd99cdab0611b4bdbce388c8541f43fc2a05d8c,3ac60d265fb213dd50b55a359bd99cdab0611b4bdbce388c8541f43fc2a05d8c,/run/media/moloch/ARCH_BACKUP/JLENS_COLD_ARCHIVE_20260911/tree/home/moloch/jacobian-lens/research/verification_2026-09-11/replay/local_cuda_rtx5070ti/rows191/fit02.npz,3ac60d265fb213dd50b55a359bd99cdab0611b4bdbce388c8541f43fc2a05d8c,1,55968270,True,True,/home/moloch/jacobian-lens/research/closeout_2026-09-11/archive/ACCEPTANCE_RECEIPT.json (restoration_from_ssd),referenced only by J-Lens rounds; not a shared cache; not an active source
/home/moloch/jacobian-lens/research/verification_2026-09-11/replay/local_cuda_rtx5070ti/rows191/penultimate.npz,18930650,0538a90d991d066a048241714c4be2129cfacd6cdb75af6d63f2fc5f0e67212c,0538a90d991d066a048241714c4be2129cfacd6cdb75af6d63f2fc5f0e67212c,/run/media/moloch/ARCH_BACKUP/JLENS_COLD_ARCHIVE_20260911/tree/home/moloch/jacobian-lens/research/verification_2026-09-11/replay/local_cuda_rtx5070ti/rows191/penultimate.npz,0538a90d991d066a048241714c4be2129cfacd6cdb75af6d63f2fc5f0e67212c,1,55968300,True,True,/home/moloch/jacobian-lens/research/closeout_2026-09-11/archive/ACCEPTANCE_RECEIPT.json (restoration_from_ssd),referenced only by J-Lens rounds; not a shared cache; not an active source
/home/moloch/jacobian-lens/research/verification_2026-09-11/replay/local_cuda_rtx5070ti/rows191/raw.npz,19769751,5db3c20da0d4409edd013d9119e8163b2a0d6897f873c525a58b96858c9ce3c3,5db3c20da0d4409edd013d9119e8163b2a0d6897f873c525a58b96858c9ce3c3,/run/media/moloch/ARCH_BACKUP/JLENS_COLD_ARCHIVE_20260911/tree/home/moloch/jacobian-lens/research/verification_2026-09-11/replay/local_cuda_rtx5070ti/rows191/raw.npz,5db3c20da0d4409edd013d9119e8163b2a0d6897f873c525a58b96858c9ce3c3,1,55968173,True,True,/home/moloch/jacobian-lens/research/closeout_2026-09-11/archive/ACCEPTANCE_RECEIPT.json (restoration_from_ssd),referenced only by J-Lens rounds; not a shared cache; not an active source
/home/moloch/jacobian-lens/research/verification_2026-09-11/replay/local_cuda_rtx5070ti/rows191/sampled_sum.npz,18865223,a4964f12557e81235e7579e32aef6a4f4bcdf4be743544dfcc3aea49623e30b0,a4964f12557e81235e7579e32aef6a4f4bcdf4be743544dfcc3aea49623e30b0,/run/media/moloch/ARCH_BACKUP/JLENS_COLD_ARCHIVE_20260911/tree/home/moloch/jacobian-lens/research/verification_2026-09-11/replay/local_cuda_rtx5070ti/rows191/sampled_sum.npz,a4964f12557e81235e7579e32aef6a4f4bcdf4be743544dfcc3aea49623e30b0,1,55968703,True,True,/home/moloch/jacobian-lens/research/closeout_2026-09-11/archive/ACCEPTANCE_RECEIPT.json (restoration_from_ssd),referenced only by J-Lens rounds; not a shared cache; not an active source
/home/moloch/jacobian-lens/research/verification_2026-09-11/replay/local_cuda_rtx5070ti/rows192/diagonal.npz,18499143,91a342f55b19f069e1defb0477c9543cde81a85de0245aee6a49d6d0c9a66f20,91a342f55b19f069e1defb0477c9543cde81a85de0245aee6a49d6d0c9a66f20,/run/media/moloch/ARCH_BACKUP/JLENS_COLD_ARCHIVE_20260911/tree/home/moloch/jacobian-lens/research/verification_2026-09-11/replay/local_cuda_rtx5070ti/rows192/diagonal.npz,91a342f55b19f069e1defb0477c9543cde81a85de0245aee6a49d6d0c9a66f20,1,55969866,True,True,/home/moloch/jacobian-lens/research/closeout_2026-09-11/archive/ACCEPTANCE_RECEIPT.json (restoration_from_ssd),referenced only by J-Lens rounds; not a shared cache; not an active source
/home/moloch/jacobian-lens/research/verification_2026-09-11/replay/local_cuda_rtx5070ti/rows192/fit01.npz,18834852,5a80d05a56a76bf770ad9ce641b1c22790580d7e9c858f1a2344463d5110a5b9,5a80d05a56a76bf770ad9ce641b1c22790580d7e9c858f1a2344463d5110a5b9,/run/media/moloch/ARCH_BACKUP/JLENS_COLD_ARCHIVE_20260911/tree/home/moloch/jacobian-lens/research/verification_2026-09-11/replay/local_cuda_rtx5070ti/rows192/fit01.npz,5a80d05a56a76bf770ad9ce641b1c22790580d7e9c858f1a2344463d5110a5b9,1,55968203,True,True,/home/moloch/jacobian-lens/research/closeout_2026-09-11/archive/ACCEPTANCE_RECEIPT.json (restoration_from_ssd),referenced only by J-Lens rounds; not a shared cache; not an active source
/home/moloch/jacobian-lens/research/verification_2026-09-11/replay/local_cuda_rtx5070ti/rows192/fit02.npz,18747426,3ac60d265fb213dd50b55a359bd99cdab0611b4bdbce388c8541f43fc2a05d8c,3ac60d265fb213dd50b55a359bd99cdab0611b4bdbce388c8541f43fc2a05d8c,/run/media/moloch/ARCH_BACKUP/JLENS_COLD_ARCHIVE_20260911/tree/home/moloch/jacobian-lens/research/verification_2026-09-11/replay/local_cuda_rtx5070ti/rows192/fit02.npz,3ac60d265fb213dd50b55a359bd99cdab0611b4bdbce388c8541f43fc2a05d8c,1,55968271,True,True,/home/moloch/jacobian-lens/research/closeout_2026-09-11/archive/ACCEPTANCE_RECEIPT.json (restoration_from_ssd),referenced only by J-Lens rounds; not a shared cache; not an active source
/home/moloch/jacobian-lens/research/verification_2026-09-11/replay/local_cuda_rtx5070ti/rows192/penultimate.npz,18930650,0538a90d991d066a048241714c4be2129cfacd6cdb75af6d63f2fc5f0e67212c,0538a90d991d066a048241714c4be2129cfacd6cdb75af6d63f2fc5f0e67212c,/run/media/moloch/ARCH_BACKUP/JLENS_COLD_ARCHIVE_20260911/tree/home/moloch/jacobian-lens/research/verification_2026-09-11/replay/local_cuda_rtx5070ti/rows192/penultimate.npz,0538a90d991d066a048241714c4be2129cfacd6cdb75af6d63f2fc5f0e67212c,1,55968307,True,True,/home/moloch/jacobian-lens/research/closeout_2026-09-11/archive/ACCEPTANCE_RECEIPT.json (restoration_from_ssd),referenced only by J-Lens rounds; not a shared cache; not an active source
/home/moloch/jacobian-lens/research/verification_2026-09-11/replay/local_cuda_rtx5070ti/rows192/raw.npz,19769751,5db3c20da0d4409edd013d9119e8163b2a0d6897f873c525a58b96858c9ce3c3,5db3c20da0d4409edd013d9119e8163b2a0d6897f873c525a58b96858c9ce3c3,/run/media/moloch/ARCH_BACKUP/JLENS_COLD_ARCHIVE_20260911/tree/home/moloch/jacobian-lens/research/verification_2026-09-11/replay/local_cuda_rtx5070ti/rows192/raw.npz,5db3c20da0d4409edd013d9119e8163b2a0d6897f873c525a58b96858c9ce3c3,1,55968174,True,True,/home/moloch/jacobian-lens/research/closeout_2026-09-11/archive/ACCEPTANCE_RECEIPT.json (restoration_from_ssd),referenced only by J-Lens rounds; not a shared cache; not an active source
/home/moloch/jacobian-lens/research/verification_2026-09-11/replay/local_cuda_rtx5070ti/rows192/sampled_sum.npz,18865223,a4964f12557e81235e7579e32aef6a4f4bcdf4be743544dfcc3aea49623e30b0,a4964f12557e81235e7579e32aef6a4f4bcdf4be743544dfcc3aea49623e30b0,/run/media/moloch/ARCH_BACKUP/JLENS_COLD_ARCHIVE_20260911/tree/home/moloch/jacobian-lens/research/verification_2026-09-11/replay/local_cuda_rtx5070ti/rows192/sampled_sum.npz,a4964f12557e81235e7579e32aef6a4f4bcdf4be743544dfcc3aea49623e30b0,1,55968704,True,True,/home/moloch/jacobian-lens/research/closeout_2026-09-11/archive/ACCEPTANCE_RECEIPT.json (restoration_from_ssd),referenced only by J-Lens rounds; not a shared cache; not an active source
/home/moloch/ouro_project/artifacts/jlens/eval/b300_local_allexits/arrays.npz,33402618,76b489f13223f87e5ffc3bd36c7fc4777d78a90a4dc41d463b94e6b3218951d7,76b489f13223f87e5ffc3bd36c7fc4777d78a90a4dc41d463b94e6b3218951d7,/run/media/moloch/ARCH_BACKUP/JLENS_COLD_ARCHIVE_20260911/tree/home/moloch/ouro_project/artifacts/jlens/eval/b300_local_allexits/arrays.npz,76b489f13223f87e5ffc3bd36c7fc4777d78a90a4dc41d463b94e6b3218951d7,1,55840915,True,True,/home/moloch/jacobian-lens/research/closeout_2026-09-11/archive/ACCEPTANCE_RECEIPT.json (restoration_from_ssd),referenced only by J-Lens rounds; not a shared cache; not an active source
/home/moloch/ouro_project/artifacts/jlens/eval/b300_local_allexits_pos-2_strict/arrays.npz,33572478,f220b08af2123ab05c278787ffeee16f56ca49ca420a11622315e55257d42054,f220b08af2123ab05c278787ffeee16f56ca49ca420a11622315e55257d42054,/run/media/moloch/ARCH_BACKUP/JLENS_COLD_ARCHIVE_20260911/tree/home/moloch/ouro_project/artifacts/jlens/eval/b300_local_allexits_pos-2_strict/arrays.npz,f220b08af2123ab05c278787ffeee16f56ca49ca420a11622315e55257d42054,1,55840947,True,True,/home/moloch/jacobian-lens/research/closeout_2026-09-11/archive/ACCEPTANCE_RECEIPT.json (restoration_from_ssd),referenced only by J-Lens rounds; not a shared cache; not an active source
/home/moloch/ouro_project/artifacts/jlens/eval/b300_local_allexits_strict/arrays.npz,33402618,76b489f13223f87e5ffc3bd36c7fc4777d78a90a4dc41d463b94e6b3218951d7,76b489f13223f87e5ffc3bd36c7fc4777d78a90a4dc41d463b94e6b3218951d7,/run/media/moloch/ARCH_BACKUP/JLENS_COLD_ARCHIVE_20260911/tree/home/moloch/ouro_project/artifacts/jlens/eval/b300_local_allexits_strict/arrays.npz,76b489f13223f87e5ffc3bd36c7fc4777d78a90a4dc41d463b94e6b3218951d7,1,55840931,True,True,/home/moloch/jacobian-lens/research/closeout_2026-09-11/archive/ACCEPTANCE_RECEIPT.json (restoration_from_ssd),referenced only by J-Lens rounds; not a shared cache; not an active source
/home/moloch/ouro_project/artifacts/jlens/eval/b300_pod_fitsize_n32/arrays.npz,21607059,2ee98749b6b3435e1eaaaf9f41bd326b38e522a9e1ff58e086efa4f113820931,2ee98749b6b3435e1eaaaf9f41bd326b38e522a9e1ff58e086efa4f113820931,/run/media/moloch/ARCH_BACKUP/JLENS_COLD_ARCHIVE_20260911/tree/home/moloch/ouro_project/artifacts/jlens/eval/b300_pod_fitsize_n32/arrays.npz,2ee98749b6b3435e1eaaaf9f41bd326b38e522a9e1ff58e086efa4f113820931,1,55840799,True,True,/home/moloch/jacobian-lens/research/closeout_2026-09-11/archive/ACCEPTANCE_RECEIPT.json (restoration_from_ssd),referenced only by J-Lens rounds; not a shared cache; not an active source
/home/moloch/ouro_project/artifacts/jlens/eval/b300_pod_fitsize_n56/arrays.npz,21490095,5bffc095f10eedb4b347733a695b35c53ceff6193d33f223c335588b066760cd,5bffc095f10eedb4b347733a695b35c53ceff6193d33f223c335588b066760cd,/run/media/moloch/ARCH_BACKUP/JLENS_COLD_ARCHIVE_20260911/tree/home/moloch/ouro_project/artifacts/jlens/eval/b300_pod_fitsize_n56/arrays.npz,5bffc095f10eedb4b347733a695b35c53ceff6193d33f223c335588b066760cd,1,55840803,True,True,/home/moloch/jacobian-lens/research/closeout_2026-09-11/archive/ACCEPTANCE_RECEIPT.json (restoration_from_ssd),referenced only by J-Lens rounds; not a shared cache; not an active source
/home/moloch/ouro_project/artifacts/jlens/eval/b300_pod_fitsize_n8/arrays.npz,21760406,ee32f30dde35fc16407cfe48fdd4403a48e2dacb6c8a8baf04b0e724ae7333c5,ee32f30dde35fc16407cfe48fdd4403a48e2dacb6c8a8baf04b0e724ae7333c5,/run/media/moloch/ARCH_BACKUP/JLENS_COLD_ARCHIVE_20260911/tree/home/moloch/ouro_project/artifacts/jlens/eval/b300_pod_fitsize_n8/arrays.npz,ee32f30dde35fc16407cfe48fdd4403a48e2dacb6c8a8baf04b0e724ae7333c5,1,55840792,True,True,/home/moloch/jacobian-lens/research/closeout_2026-09-11/archive/ACCEPTANCE_RECEIPT.json (restoration_from_ssd),referenced only by J-Lens rounds; not a shared cache; not an active source
/home/moloch/ouro_project/artifacts/jlens/eval/b300_pod_fitsize_n80/arrays.npz,21403329,42743deb2523bdc14d3b749a1bb6518639e482336279bf5626ebdd9aa1f9113a,42743deb2523bdc14d3b749a1bb6518639e482336279bf5626ebdd9aa1f9113a,/run/media/moloch/ARCH_BACKUP/JLENS_COLD_ARCHIVE_20260911/tree/home/moloch/ouro_project/artifacts/jlens/eval/b300_pod_fitsize_n80/arrays.npz,42743deb2523bdc14d3b749a1bb6518639e482336279bf5626ebdd9aa1f9113a,1,55840808,True,True,/home/moloch/jacobian-lens/research/closeout_2026-09-11/archive/ACCEPTANCE_RECEIPT.json (restoration_from_ssd),referenced only by J-Lens rounds; not a shared cache; not an active source
/home/moloch/ouro_project/artifacts/jlens/eval/b300_pod_n100_exit3/arrays.npz,21334939,5f71ef3751031af3fe7330b0ad2714fe342692c8d520a6ea8d549e7f32163218,5f71ef3751031af3fe7330b0ad2714fe342692c8d520a6ea8d549e7f32163218,/run/media/moloch/ARCH_BACKUP/JLENS_COLD_ARCHIVE_20260911/tree/home/moloch/ouro_project/artifacts/jlens/eval/b300_pod_n100_exit3/arrays.npz,5f71ef3751031af3fe7330b0ad2714fe342692c8d520a6ea8d549e7f32163218,1,55840770,True,True,/home/moloch/jacobian-lens/research/closeout_2026-09-11/archive/ACCEPTANCE_RECEIPT.json (restoration_from_ssd),referenced only by J-Lens rounds; not a shared cache; not an active source
/home/moloch/ouro_project/artifacts/jlens/eval/fitsize_n32/arrays.npz,21320499,bad57e9f8293ff7b1bab13d02c6b3e144f27c5ca807eb032e95edb8607aad0ce,bad57e9f8293ff7b1bab13d02c6b3e144f27c5ca807eb032e95edb8607aad0ce,/run/media/moloch/ARCH_BACKUP/JLENS_COLD_ARCHIVE_20260911/tree/home/moloch/ouro_project/artifacts/jlens/eval/fitsize_n32/arrays.npz,bad57e9f8293ff7b1bab13d02c6b3e144f27c5ca807eb032e95edb8607aad0ce,1,55838334,True,True,/home/moloch/jacobian-lens/research/closeout_2026-09-11/archive/ACCEPTANCE_RECEIPT.json (restoration_from_ssd),referenced only by J-Lens rounds; not a shared cache; not an active source
/home/moloch/ouro_project/artifacts/jlens/eval/fitsize_n56/arrays.npz,21247223,ff4880494e1b72934cf6bc98e3d93078ff38b48215f877438b75c111c681fec8,ff4880494e1b72934cf6bc98e3d93078ff38b48215f877438b75c111c681fec8,/run/media/moloch/ARCH_BACKUP/JLENS_COLD_ARCHIVE_20260911/tree/home/moloch/ouro_project/artifacts/jlens/eval/fitsize_n56/arrays.npz,ff4880494e1b72934cf6bc98e3d93078ff38b48215f877438b75c111c681fec8,1,55838324,True,True,/home/moloch/jacobian-lens/research/closeout_2026-09-11/archive/ACCEPTANCE_RECEIPT.json (restoration_from_ssd),referenced only by J-Lens rounds; not a shared cache; not an active source
/home/moloch/ouro_project/artifacts/jlens/eval/fitsize_n8/arrays.npz,21750150,045cbce0a0da9d18f983eaeed9743b25de2a0d3e4b0bcf4ff35fab2584228da8,045cbce0a0da9d18f983eaeed9743b25de2a0d3e4b0bcf4ff35fab2584228da8,/run/media/moloch/ARCH_BACKUP/JLENS_COLD_ARCHIVE_20260911/tree/home/moloch/ouro_project/artifacts/jlens/eval/fitsize_n8/arrays.npz,045cbce0a0da9d18f983eaeed9743b25de2a0d3e4b0bcf4ff35fab2584228da8,1,55838317,True,True,/home/moloch/jacobian-lens/research/closeout_2026-09-11/archive/ACCEPTANCE_RECEIPT.json (restoration_from_ssd),referenced only by J-Lens rounds; not a shared cache; not an active source
/home/moloch/ouro_project/artifacts/jlens/eval/fitsize_n80/arrays.npz,21162024,c6787554d0175cc63bc540471827e3dece81d3c3a644d82b3e96b5c81e92d629,c6787554d0175cc63bc540471827e3dece81d3c3a644d82b3e96b5c81e92d629,/run/media/moloch/ARCH_BACKUP/JLENS_COLD_ARCHIVE_20260911/tree/home/moloch/ouro_project/artifacts/jlens/eval/fitsize_n80/arrays.npz,c6787554d0175cc63bc540471827e3dece81d3c3a644d82b3e96b5c81e92d629,1,55838352,True,True,/home/moloch/jacobian-lens/research/closeout_2026-09-11/archive/ACCEPTANCE_RECEIPT.json (restoration_from_ssd),referenced only by J-Lens rounds; not a shared cache; not an active source
/home/moloch/ouro_project/artifacts/jlens/eval/pilot_exit3/arrays.npz,21750150,045cbce0a0da9d18f983eaeed9743b25de2a0d3e4b0bcf4ff35fab2584228da8,045cbce0a0da9d18f983eaeed9743b25de2a0d3e4b0bcf4ff35fab2584228da8,/run/media/moloch/ARCH_BACKUP/JLENS_COLD_ARCHIVE_20260911/tree/home/moloch/ouro_project/artifacts/jlens/eval/pilot_exit3/arrays.npz,045cbce0a0da9d18f983eaeed9743b25de2a0d3e4b0bcf4ff35fab2584228da8,1,55838237,True,True,/home/moloch/jacobian-lens/research/closeout_2026-09-11/archive/ACCEPTANCE_RECEIPT.json (restoration_from_ssd),referenced only by J-Lens rounds; not a shared cache; not an active source
/home/moloch/ouro_project/artifacts/jlens/eval/round1_exit3x32/arrays.npz,33445751,7ab042dabca011ff2e21a1ae8d3e138c9e5e02b32c6cc6c0a90570713e8d0d18,7ab042dabca011ff2e21a1ae8d3e138c9e5e02b32c6cc6c0a90570713e8d0d18,/run/media/moloch/ARCH_BACKUP/JLENS_COLD_ARCHIVE_20260911/tree/home/moloch/ouro_project/artifacts/jlens/eval/round1_exit3x32/arrays.npz,7ab042dabca011ff2e21a1ae8d3e138c9e5e02b32c6cc6c0a90570713e8d0d18,1,55838283,True,True,/home/moloch/jacobian-lens/research/closeout_2026-09-11/archive/ACCEPTANCE_RECEIPT.json (restoration_from_ssd),referenced only by J-Lens rounds; not a shared cache; not an active source
/home/moloch/ouro_project/artifacts/jlens/eval/round1_exit3x32_pos-2/arrays.npz,33639587,ec81c7219ce28ff2cecb70595974c7fc67c297f76759ac26c516f2f61a821599,ec81c7219ce28ff2cecb70595974c7fc67c297f76759ac26c516f2f61a821599,/run/media/moloch/ARCH_BACKUP/JLENS_COLD_ARCHIVE_20260911/tree/home/moloch/ouro_project/artifacts/jlens/eval/round1_exit3x32_pos-2/arrays.npz,ec81c7219ce28ff2cecb70595974c7fc67c297f76759ac26c516f2f61a821599,1,55838287,True,True,/home/moloch/jacobian-lens/research/closeout_2026-09-11/archive/ACCEPTANCE_RECEIPT.json (restoration_from_ssd),referenced only by J-Lens rounds; not a shared cache; not an active source
/home/moloch/ouro_project/artifacts/jlens/retrieved/jlens-b300-20260905-0359/eval/fitsize_n8/arrays.npz,21760406,ee32f30dde35fc16407cfe48fdd4403a48e2dacb6c8a8baf04b0e724ae7333c5,ee32f30dde35fc16407cfe48fdd4403a48e2dacb6c8a8baf04b0e724ae7333c5,/run/media/moloch/ARCH_BACKUP/JLENS_COLD_ARCHIVE_20260911/tree/home/moloch/ouro_project/artifacts/jlens/retrieved/jlens-b300-20260905-0359/eval/fitsize_n8/arrays.npz,ee32f30dde35fc16407cfe48fdd4403a48e2dacb6c8a8baf04b0e724ae7333c5,1,55840859,True,True,/home/moloch/jacobian-lens/research/closeout_2026-09-11/archive/ACCEPTANCE_RECEIPT.json (restoration_from_ssd),referenced only by J-Lens rounds; not a shared cache; not an active source
/home/moloch/ouro_project/artifacts/jlens/retrieved/jlens-b300-20260905-0359/eval/n100_exit3/arrays.npz,21334939,5f71ef3751031af3fe7330b0ad2714fe342692c8d520a6ea8d549e7f32163218,5f71ef3751031af3fe7330b0ad2714fe342692c8d520a6ea8d549e7f32163218,/run/media/moloch/ARCH_BACKUP/JLENS_COLD_ARCHIVE_20260911/tree/home/moloch/ouro_project/artifacts/jlens/retrieved/jlens-b300-20260905-0359/eval/n100_exit3/arrays.npz,5f71ef3751031af3fe7330b0ad2714fe342692c8d520a6ea8d549e7f32163218,1,55840871,True,True,/home/moloch/jacobian-lens/research/closeout_2026-09-11/archive/ACCEPTANCE_RECEIPT.json (restoration_from_ssd),referenced only by J-Lens rounds; not a shared cache; not an active source
