task,loop,physical_layer,virtual_index_zero_based,n_items,n_slots,n_concept_clusters,jlens_exit3_hit,jlens_exit3_hit_ci_low,jlens_exit3_hit_ci_high,jlens_exit3_control,jlens_exit3_control_ci_low,jlens_exit3_control_ci_high,jlens_exit3_excess,jlens_exit3_excess_ci_low,jlens_exit3_excess_ci_high,logitlens_hit,logitlens_hit_ci_low,logitlens_hit_ci_high,logitlens_control,logitlens_control_ci_low,logitlens_control_ci_high,logitlens_excess,logitlens_excess_ci_low,logitlens_excess_ci_high,difference,ci_low,ci_high,sim_low,sim_high,cluster_ci_low,cluster_ci_high,cluster_sim_low,cluster_sim_high
multihop,1,1,0,90,100,64,0.0,0.0,0.0,0.0,0.0,0.0,0.0,0.0,0.0,0.022222222222222223,0.0,0.05555555555555556,0.01643459316093587,0.011272141706924315,0.021919105806573837,0.005787629061286352,-0.01805437150705693,0.04024817656531212,-0.005787629061286352,-0.04024817656531212,0.01805437150705693,-0.2365568598305172,0.22498160170794448,-0.041007992739606994,0.0184783369869687,-0.33882410239187727,0.3272488442693046
multihop,1,2,1,90,100,64,0.0,0.0,0.0,0.0,0.0,0.0,0.0,0.0,0.0,0.044444444444444446,0.011111111111111112,0.08888888888888889,0.022551387704840394,0.014975845410628023,0.030771229989580363,0.021893056739604056,-0.01451063275551766,0.06778677654636735,-0.021893056739604056,-0.06778677654636735,0.014510632755517342,-0.2526622875088349,0.20887617402962677,-0.06870684988971434,0.014492753623188406,-0.354929530070195,0.3111434165909869
multihop,1,3,2,90,100,64,0.0,0.0,0.0,0.0,0.0,0.0,0.0,0.0,0.0,0.011111111111111112,0.0,0.03333333333333333,0.003867102396514162,0.0017713365539452496,0.006933788007956807,0.007244008714596952,-0.006123898834896279,0.031237567490764423,-0.007244008714596952,-0.031237567490764423,0.006123898834896279,-0.2380132394838278,0.22352522205463388,-0.03340149553989145,0.006213522198176929,-0.3402804820451879,0.325792464615994
multihop,1,4,3,90,100,64,0.0,0.0,0.0,0.00016103059581320451,0.0,0.0004830917874396135,-0.00016103059581320451,-0.0004830917874396135,0.0,0.0,0.0,0.0,0.0006441223832528181,0.0,0.001932367149758454,-0.0006441223832528181,-0.001932367149758454,0.0,0.0004830917874396135,-0.0004830917874396135,0.001932367149758454,-0.23028613898179123,0.23125232255667044,-0.0004576659038901602,0.0020460358056265983,-0.33255338154315134,0.33351956511803055
multihop,1,5,4,90,100,64,0.0,0.0,0.0,0.0,0.0,0.0,0.0,0.0,0.0,0.011111111111111112,0.0,0.03333333333333333,0.0045135928767642336,0.0025788576300085253,0.007090082409775505,0.006597518234346877,-0.006445960026522687,0.03026901581888794,-0.006597518234346877,-0.03026901581888794,0.006445960026522687,-0.2373667490035777,0.22417171253488397,-0.033073206986250464,0.006399536099024578,-0.33963399156493784,0.32643895509624404
multihop,1,6,5,90,100,64,0.0,0.0,0.0,0.003059581320450886,0.001610305958132045,0.004830917874396135,-0.003059581320450886,-0.004830917874396135,-0.001610305958132045,0.0,0.0,0.0,0.00452313595421585,0.0032206119162640906,0.005974708724069339,-0.00452313595421585,-0.005974708724069339,-0.0032206119162640906,0.001463554633764963,-0.0004689388734078967,0.0032444342651618296,-0.22930567613546587,0.2322327854029958,-0.0006849808926382578,0.0034671646011415654,-0.331572918696826,0.3345000279643559
multihop,1,7,6,90,100,64,0.0,0.0,0.0,0.00032206119162640903,0.0,0.0008051529790660225,-0.00032206119162640903,-0.0008051529790660225,0.0,0.0,0.0,0.0,0.00016103059581320451,0.0,0.0004830917874396135,-0.00016103059581320451,-0.0004830917874396135,0.0,-0.00016103059581320451,-0.0008051529790660225,0.00032206119162640903,-0.23093026136504405,0.23060820017341763,-0.0006984459577440196,0.00036231884057971015,-0.3331975039264041,0.33287544273477776
multihop,1,8,7,90,100,64,0.0,0.0,0.0,0.0006441223832528181,0.00016103059581320451,0.0012882447665056361,-0.0006441223832528181,-0.0012882447665056361,-0.00016103059581320451,0.0,0.0,0.0,0.0,0.0,0.0,0.0,0.0,0.0,-0.0006441223832528181,-0.0012882447665056361,-0.00016103059581320451,-0.23141335315248365,0.23012510838597802,-0.001302719426803452,-0.0001509272747646829,-0.3336805957138438,0.3323923509473381
multihop,1,9,8,90,100,64,0.0,0.0,0.0,0.0004830917874396135,0.0,0.0011272141706924316,-0.0004830917874396135,-0.0011272141706924316,0.0,0.011111111111111112,0.0,0.03333333333333333,0.0,0.0,0.0,0.011111111111111112,0.0,0.03333333333333333,-0.011594202898550725,-0.03413848631239935,-0.00016103059581320451,-0.24236343366778157,0.2191750278706801,-0.03284099914124384,-0.0001575299306868305,-0.3446306762291417,0.3214422704320402
multihop,1,10,9,90,100,64,0.0,0.0,0.0,0.0004830917874396135,0.0,0.0011272141706924316,-0.0004830917874396135,-0.0011272141706924316,0.0,0.0,0.0,0.0,0.0008051529790660225,0.00016103059581320451,0.001610305958132045,-0.0008051529790660225,-0.001610305958132045,-0.00016103059581320451,0.000322061191626409,-0.000644122383252818,0.0012882447665056361,-0.23044716957760442,0.23109129196085726,-0.000564652738565782,0.0012466884837151317,-0.3327144121389645,0.33335853452221736
multihop,1,11,10,90,100,64,0.0,0.0,0.0,0.0004830917874396135,0.0,0.0011272141706924316,-0.0004830917874396135,-0.0011272141706924316,0.0,0.0,0.0,0.0,0.00048545988443686656,0.0,0.0011319503646869376,-0.00048545988443686656,-0.0011319503646869376,0.0,2.368096997252984e-06,-0.0008051529790660225,0.0008098891730605285,-0.2307668626722336,0.23077159886622808,-0.0008027848820687696,0.0007592710997442455,-0.33303410523359367,0.3330388414275882
multihop,1,12,11,90,100,64,0.0,0.0,0.0,0.0011272141706924314,0.00032206119162640903,0.0020933977455716585,-0.0011272141706924314,-0.0020933977455716585,-0.00032206119162640903,0.0,0.0,0.0,0.00016103059581320451,0.0,0.0004830917874396135,-0.00016103059581320451,-0.0004830917874396135,0.0,-0.000966183574879227,-0.0019323671497584545,-0.0001610305958132044,-0.23173541434411007,0.2298030471943516,-0.0020438498699368265,-0.00012937095769435363,-0.33400265690547015,0.33207028975571173
multihop,1,13,12,90,100,64,0.0,0.0,0.0,0.005003859644658211,0.0033887468030690546,0.00677519619860346,-0.005003859644658211,-0.00677519619860346,-0.0033887468030690546,0.0,0.0,0.0,0.00032206119162640903,0.0,0.0008051529790660225,-0.00032206119162640903,-0.0008051529790660225,0.0,-0.004681798453031801,-0.006462748773891272,-0.0029081644915519033,-0.23545102922226263,0.22608743231619904,-0.006484140539934184,-0.003028179101454063,-0.33771827178362274,0.32835467487755915
multihop,1,14,13,90,100,64,0.011111111111111112,0.0,0.03333333333333333,0.005643175144453918,0.003876574784503174,0.007431088377379938,0.005467935966657205,-0.007094818603770013,0.028978402955385067,0.0,0.0,0.0,0.0008051529790660225,0.00016103059581320451,0.0017713365539452496,-0.0008051529790660225,-0.0017713365539452496,-0.00016103059581320451,0.006273088945723227,-0.0064506962205171945,0.02993304205740266,-0.2244961418235076,0.23704231971495407,-0.006406421971130625,0.03223845108695654,-0.32676338438486774,0.33930956227631415
multihop,1,15,14,90,100,64,0.011111111111111112,0.0,0.03333333333333333,0.0045135928767642336,0.0029009188216349343,0.006284929430709482,0.00659751823434688,-0.005958132045088568,0.02994458653026428,0.0,0.0,0.0,0.0006441223832528181,0.00016103059581320451,0.0012882447665056361,-0.0006441223832528181,-0.0012882447665056361,-0.00016103059581320451,0.0072416406175996985,-0.005316377758833003,0.03059107701051435,-0.22352759015163115,0.23801087138683052,-0.0051577152600170515,0.033453448475471756,-0.32579483271299126,0.34027811394819063
multihop,1,16,15,90,100,64,0.0,0.0,0.0,0.002900918821634934,0.0014516434593160935,0.004513592876764232,-0.002900918821634934,-0.004513592876764232,-0.0014516434593160935,0.011111111111111112,0.0,0.03333333333333333,0.0006441223832528181,0.00016103059581320451,0.0012882447665056361,0.010466988727858294,-0.000966183574879227,0.03268921095008052,-0.013367907549493225,-0.036236620251965515,-0.0012882447665056361,-0.24413713831872405,0.21740132321973762,-0.039311794011082694,-0.0011366273562565176,-0.3464043808800842,0.3196685657810977
multihop,1,17,16,90,100,64,0.0,0.0,0.0,0.0014564503427732041,0.0006441223832528181,0.0024273701116469377,-0.0014564503427732041,-0.0024273701116469377,-0.0006441223832528181,0.1,0.044444444444444446,0.16666666666666666,0.003381642512077295,0.001610305958132045,0.005475040257648954,0.0966183574879227,0.04154589371980677,0.16199677938808374,-0.09807480783069589,-0.16328508335701433,-0.04300471215957723,-0.3288440385999267,0.13269442293853495,-0.16634786049987219,-0.038092424736305454,-0.43111128116128683,0.23496166549989506
multihop,1,18,17,90,100,64,0.0,0.0,0.0,0.000966183574879227,0.00032206119162640903,0.0017713365539452496,-0.000966183574879227,-0.0017713365539452496,-0.00032206119162640903,0.06666666666666667,0.022222222222222223,0.12222222222222223,0.002737520128824476,0.0009661835748792271,0.004830917874396135,0.0639291465378422,0.019484702093397744,0.11916264090177134,-0.06489533011272142,-0.11996779388083738,-0.02045088566827697,-0.29566456088195225,0.16587390065650942,-0.12341776480180962,-0.012658227848101266,-0.39793180344331236,0.2681411432178695
multihop,1,19,18,90,100,64,0.0,0.0,0.0,0.00016103059581320451,0.0,0.0004830917874396135,-0.00016103059581320451,-0.0004830917874396135,0.0,0.1,0.044444444444444446,0.16666666666666666,0.004186795491143317,0.0020933977455716585,0.006441223832528182,0.09581320450885668,0.04090177133655395,0.16119162640901774,-0.09597423510466987,-0.16135265700483092,-0.04106280193236715,-0.3267434658739007,0.13479499566456096,-0.1689698943278019,-0.03103284583748336,-0.4290107084352608,0.23706223822592107
multihop,1,20,19,90,100,64,0.0,0.0,0.0,0.0019323671497584543,0.000966183574879227,0.0030595813204508855,-0.0019323671497584543,-0.0030595813204508855,-0.000966183574879227,0.13333333333333333,0.06666666666666667,0.21111111111111108,0.003381642512077295,0.001610305958132045,0.005314009661835749,0.12995169082125604,0.0639291465378422,0.20628019323671498,-0.1318840579710145,-0.20789049919484706,-0.06570048309178746,-0.3626532887402453,0.09888517279821635,-0.2154158686823411,-0.05935127674258109,-0.46492053130160543,0.20115241535957645
multihop,1,21,20,90,100,64,0.0,0.0,0.0,0.000966183574879227,0.00032206119162640903,0.0017713365539452496,-0.000966183574879227,-0.0017713365539452496,-0.00032206119162640903,0.15555555555555556,0.08888888888888889,0.23333333333333334,0.004347826086956522,0.0020933977455716585,0.006763285024154591,0.15120772946859906,0.08405797101449275,0.22834138486312397,-0.1521739130434783,-0.22946859903381644,-0.08454106280193238,-0.3829431438127091,0.07859531772575254,-0.24126882637112815,-0.07532984208176031,-0.4852103863740692,0.18086256028711264
multihop,1,22,21,90,100,64,0.0,0.0,0.0,0.0017737046509425027,0.0008075210760632755,0.002746992516813489,-0.0017737046509425027,-0.002746992516813489,-0.0008075210760632755,0.1111111111111111,0.05555555555555555,0.17777777777777778,0.004347826086956523,0.002093397745571659,0.006763285024154591,0.1067632850241546,0.048780193236714994,0.17391304347826086,-0.10853698967509712,-0.1755343018850052,-0.050401037226485146,-0.33930622044432796,0.12223224109413372,-0.18663211480244274,-0.04209255172382187,-0.44157346300568806,0.22449948365549383
multihop,1,23,22,90,100,64,0.0,0.0,0.0,0.0004830917874396135,0.0,0.0011272141706924316,-0.0004830917874396135,-0.0011272141706924316,0.0,0.1111111111111111,0.05555555555555555,0.17777777777777778,0.001932367149758454,0.000966183574879227,0.003059581320450886,0.10917874396135269,0.05264895330112723,0.17600644122383252,-0.10966183574879229,-0.17648953301127215,-0.0531199677938826,-0.34043106651802313,0.12110739502043855,-0.18840945688771776,-0.04237195188053503,-0.44269830907938323,0.22337463758179865
multihop,1,24,23,90,100,64,0.0,0.0,0.0,0.0004830917874396135,0.0,0.0011272141706924316,-0.0004830917874396135,-0.0011272141706924316,0.0,0.06666666666666667,0.022222222222222223,0.12222222222222223,0.0011272141706924316,0.00032206119162640903,0.0020933977455716585,0.06553945249597425,0.02077294685990338,0.12125603864734301,-0.06602254428341385,-0.12173913043478263,-0.021095008051529793,-0.2967917750526447,0.16474668648581697,-0.12774033876184124,-0.012165283977795571,-0.3990590176140048,0.2670139290471771
multihop,1,25,24,90,100,64,0.0,0.0,0.0,0.0019371033437529603,0.0009685516718764801,0.0030643175144453917,-0.0019371033437529603,-0.0030643175144453917,-0.0009685516718764801,0.1,0.044444444444444446,0.16666666666666666,0.0030619494174481386,0.001610305958132045,0.00483328597139339,0.09693805058255187,0.04105806573837265,0.16343895045941081,-0.0988751539263048,-0.16521739130434784,-0.0428341384863124,-0.32964438469553564,0.13189407684292603,-0.1737621711335812,-0.03325028262722859,-0.43191162725689575,0.23416131940428614
multihop,1,26,25,90,100,64,0.0,0.0,0.0,0.002742256322818983,0.001453893151463484,0.004191531685137823,-0.002742256322818983,-0.004191531685137823,-0.0014538931514634942,0.08888888888888889,0.03333333333333333,0.15555555555555556,0.006609358719333144,0.004350194183953775,0.009183480155347163,0.08227953016955573,0.027209375296012125,0.14733115468409586,-0.08502178649237473,-0.14959517381831963,-0.03011272141706924,-0.3157910172616056,0.1457474442768561,-0.1580224633097746,-0.021299755812147728,-0.4180582598229657,0.2480146868382162
multihop,1,27,26,90,100,64,0.022222222222222223,0.0,0.05555555555555556,0.007573174197215117,0.0056360708534621586,0.009671308136781282,0.01464904802500711,-0.008539357772094348,0.048626503741593274,0.07777777777777778,0.022222222222222223,0.13333333333333333,0.007092450506772754,0.003871838590508668,0.010642405512929795,0.07068532727100502,0.017713187932177705,0.12737520128824475,-0.05603627924599793,-0.12254990764421712,0.00806342947807142,-0.28680551001522875,0.1747329515232329,-0.13345910973084887,0.01498732339948298,-0.38907275257658885,0.27700019408459303
multihop,1,28,27,90,100,64,0.011111111111111112,0.0,0.03333333333333333,0.006282561333712229,0.004350194183953776,0.008217296580467937,0.004828549777398888,-0.00772946859903382,0.028177986170313554,0.044444444444444446,0.011111111111111112,0.08888888888888889,0.006121530737899023,0.0032229800132613433,0.009500805152979066,0.03832291370654542,0.0033769063180827882,0.08340911243724543,-0.033494363929146544,-0.08599033816425121,0.011433172302737521,-0.2642635946983774,0.1972748668400843,-0.08163265306122447,0.012681159420289845,-0.3665308372597375,0.2995421094014444
multihop,1,29,28,90,100,64,0.0,0.0,0.0,0.004347826086956523,0.002737520128824477,0.006119162640901773,-0.004347826086956523,-0.006119162640901773,-0.002737520128824477,0.022222222222222223,0.0,0.05555555555555556,0.007573174197215116,0.004191531685137824,0.011435540399734772,0.014649048025007104,-0.008861418963720755,0.04846784124277731,-0.01899687411196363,-0.05314157667898078,0.0048380221653878935,-0.24976610488119447,0.2117723566572672,-0.05352453563770699,0.004777218212515448,-0.35203334744255455,0.31403959921862734
multihop,1,30,29,90,100,64,0.0,0.0,0.0,0.0017713365539452498,0.0006441223832528181,0.003059581320450886,-0.0017713365539452498,-0.003059581320450886,-0.0006441223832528181,0.011111111111111112,0.0,0.03333333333333333,0.005477408354646207,0.0027398882258217296,0.00870038836790755,0.005633702756464909,-0.008051529790660227,0.029788292128445578,-0.007405039310410158,-0.031561996779388084,0.006284929430709483,-0.23817427007964098,0.2233641914588207,-0.03387259858442872,0.006288645631117817,-0.3404415126410011,0.3256314340201808
multihop,1,31,30,90,100,64,0.0,0.0,0.0,0.0014492753623188406,0.0006441223832528181,0.0024154589371980675,-0.0014492753623188406,-0.0024154589371980675,-0.0006441223832528181,0.011111111111111112,0.0,0.03333333333333333,0.0040305010893246195,0.0017713365539452498,0.006768021218149096,0.007080610021786493,-0.005797101449275363,0.030259543430898928,-0.00852988538410533,-0.031879321777019985,0.0045088566827697265,-0.23929911615333616,0.22223934538512552,-0.034224100686634,0.004428828201087925,-0.34156635871469626,0.3245065879464856
multihop,1,32,31,90,100,64,0.0,0.0,0.0,0.00016103059581320451,0.0,0.0004830917874396135,-0.00016103059581320451,-0.0004830917874396135,0.0,0.0,0.0,0.0,0.0032253481102585964,0.0014492753623188406,0.005477408354646207,-0.0032253481102585964,-0.005477408354646207,-0.0014492753623188406,0.0030643175144453917,0.0011319503646869376,0.005318745855830256,-0.22770491325478545,0.23383354828367622,0.0011911852293031565,0.005409842012660752,-0.32997215581614553,0.33610079084503636
multihop,1,33,32,90,100,64,0.0,0.0,0.0,0.001610305958132045,0.0006441223832528181,0.002898550724637681,-0.001610305958132045,-0.002898550724637681,-0.0006441223832528181,0.0,0.0,0.0,0.003710807994695463,0.001619778346121057,0.006287297527706736,-0.003710807994695463,-0.006287297527706736,-0.001619778346121057,0.002100502036563417,-0.00046894240788102694,0.005001420858198352,-0.22866872873266741,0.23286973280579426,-0.00034506556245686676,0.005081874647092037,-0.3309359712940275,0.33513697536715437
multihop,1,34,33,90,100,64,0.0,0.0,0.0,0.0019323671497584543,0.0006441223832528181,0.003542673107890499,-0.0019323671497584543,-0.003542673107890499,-0.0006441223832528181,0.0,0.0,0.0,0.004362105358402645,0.002268707612830986,0.0066404824060996475,-0.004362105358402645,-0.006640482406099653,-0.002268707612830986,0.00242973820864419,-0.00013957811114928353,0.005167187648006062,-0.22833949256058664,0.23319896897787504,-0.00014201912090675505,0.005117699357208465,-0.33060673512194677,0.3354662115392351
multihop,1,35,34,90,100,64,0.0,0.0,0.0,0.000966183574879227,0.00016103059581320451,0.0020933977455716585,-0.000966183574879227,-0.0020933977455716585,-0.00016103059581320451,0.0,0.0,0.0,0.005167258337468667,0.002927132241605273,0.007585085371663989,-0.005167258337468667,-0.007585085371663989,-0.0029271322416052833,0.00420107476258944,0.002109989446063233,0.0064578712009715575,-0.2265681560066414,0.23497030553182027,0.0022001298017696805,0.006521752792532844,-0.3288353985680015,0.3372375480931804
multihop,1,36,35,90,100,64,0.0,0.0,0.0,0.000966183574879227,0.00016103059581320451,0.0020933977455716585,-0.000966183574879227,-0.0020933977455716585,-0.00016103059581320451,0.0,0.0,0.0,0.005157715260017051,0.0024201951311925737,0.008380695273278395,-0.005157715260017051,-0.008380695273278395,-0.0024201951311925737,0.004191531685137824,0.0014540115563133468,0.007412143601401914,-0.226577699084093,0.23496076245436867,0.0015216400007930372,0.007550537198575082,-0.32884494164545314,0.33722800501572875
multihop,1,37,36,90,100,64,0.0,0.0,0.0,0.0022544283413848637,0.0009661835748792271,0.003703703703703704,-0.0022544283413848637,-0.003703703703703704,-0.0009661835748792271,0.0,0.0,0.0,0.0074074074074074086,0.0032206119162640906,0.01239935587761675,-0.0074074074074074086,-0.01239935587761675,-0.0032206119162640906,0.005152979066022545,0.0009661835748792271,0.010144927536231885,-0.2256162517032083,0.2359222098352534,0.001067887109077041,0.010688405797101449,-0.3278834942645684,0.33818945239661347
multihop,1,38,37,90,100,64,0.011111111111111112,0.0,0.03333333333333333,0.002093397745571659,0.000966183574879227,0.003542673107890499,0.009017713365539455,-0.00322061191626409,0.0320450885668277,0.022222222222222223,0.0,0.05555555555555556,0.010789049919484697,0.005958132045088569,0.016425120772946857,0.01143317230273752,-0.01320450885668277,0.0463768115942029,-0.0024154589371980667,-0.04106682769726248,0.03333333333333333,-0.23318468970642892,0.22835377183203276,-0.042136613099346014,0.03538976085424513,-0.335451932267789,0.33062101439339286
multihop,1,39,38,90,100,64,0.011111111111111112,0.0,0.03333333333333333,0.003381642512077295,0.001610305958132045,0.005636070853462159,0.007729468599033819,-0.0049919484702093415,0.03140096618357488,0.044444444444444446,0.011111111111111112,0.08888888888888889,0.009017713365539451,0.004669887278582931,0.014170692431562,0.03542673107890499,-0.0009661835748792271,0.08164251207729468,-0.02769726247987117,-0.07584541062801932,0.017552334943639298,-0.258466493249102,0.20307196828935967,-0.07735288982015015,0.018755552564275118,-0.3607337358104621,0.3053392108507198
multihop,1,40,39,90,100,64,0.011111111111111112,0.0,0.03333333333333333,0.001610305958132045,0.0006441223832528181,0.002737520128824477,0.009500805152979066,-0.0025764895330112722,0.032528180354267314,0.06666666666666667,0.022222222222222223,0.12222222222222223,0.009834706829591736,0.005325850146822015,0.015148716491427487,0.05683195983707493,0.01046225253386379,0.11319509567111867,-0.047331154684095864,-0.10562902576489534,0.0069314199109595485,-0.2781003854533267,0.18343807608513496,-0.111821984228474,0.011015410660311477,-0.3803676280146868,0.28570531864649507
multihop,1,41,40,90,100,64,0.011111111111111112,0.0,0.03333333333333333,0.003381642512077295,0.001932367149758454,0.00499194847020934,0.0077294685990338214,-0.004508856682769727,0.031078904991948472,0.13333333333333333,0.06666666666666667,0.21111111111111108,0.017436439569699095,0.012273984581214415,0.02329260118136212,0.11589689376363427,0.04889871295695437,0.19172351424887496,-0.10816742516460044,-0.18720256083181702,-0.03727990570732611,-0.33893665593383127,0.1226018056046304,-0.1920562118184812,-0.030769505347432995,-0.44120389849519137,0.22486904816599051
multihop,1,42,41,90,100,64,0.0,0.0,0.0,0.001932367149758454,0.000966183574879227,0.003059581320450886,-0.001932367149758454,-0.003059581320450886,-0.000966183574879227,0.14444444444444443,0.07777777777777778,0.2222222222222222,0.01823685635477062,0.01259841740431121,0.02450047291250482,0.12620758808967383,0.05778150753054846,0.20352442815759197,-0.12813995523943228,-0.2054490433241578,-0.0598580688133643,-0.3589091860086631,0.10262927552979856,-0.20270561413015598,-0.058473921260489586,-0.4611764285700232,0.20489651809115866
multihop,1,43,42,90,100,64,0.0,0.0,0.0,0.0024154589371980684,0.0011272141706924316,0.003864734299516909,-0.0024154589371980684,-0.003864734299516909,-0.0011272141706924316,0.2,0.12222222222222223,0.28888888888888886,0.017924338240595833,0.012596114695066862,0.02386095064603099,0.18207566175940423,0.10332441320677092,0.2696604396319057,-0.18449112069660228,-0.27210364064870307,-0.1058625457537549,-0.4152603514658331,0.04627811007262855,-0.2730042898698488,-0.10452393129141203,-0.5175275940271933,0.14854535263398866
multihop,1,44,43,90,100,64,0.011111111111111112,0.0,0.03333333333333333,0.0028985507246376816,0.0014492753623188406,0.0045088566827697265,0.008212560386473434,-0.004025764895330113,0.03140096618357489,0.24444444444444444,0.15555555555555556,0.3333333333333333,0.02082052086823626,0.014516434593160932,0.028052689097846934,0.22362392357620833,0.13794292338393288,0.3149354401974215,-0.2154113631897348,-0.3117224945533768,-0.12524352431505445,-0.44618059395896564,0.015357867579496032,-0.3112018944614033,-0.1273194049562887,-0.5484478365203258,0.11762511014085614
multihop,1,45,44,90,100,64,0.0,0.0,0.0,0.0028985507246376816,0.0011272141706924316,0.005152979066022545,-0.0028985507246376816,-0.005152979066022545,-0.0011272141706924316,0.24444444444444444,0.15555555555555556,0.3333333333333333,0.027266480894758954,0.019858748315823547,0.03532774904251121,0.21717796354968566,0.13148511226900447,0.30868208421518406,-0.22007651427432337,-0.31170014166168303,-0.1339225353058521,-0.45084574504355424,0.010692716494907467,-0.31033159700260565,-0.13794476302776706,-0.5531129876049143,0.11295995905626757
multihop,1,46,45,90,100,64,0.0,0.0,0.0,0.005152979066022545,0.0020933977455716585,0.009017713365539453,-0.005152979066022545,-0.009017713365539453,-0.0020933977455716585,0.24444444444444444,0.15555555555555556,0.33333333333333337,0.05789315004969467,0.04529927532697411,0.07074036520297061,0.1865512943947498,0.10092793880837361,0.27932894051340346,-0.19170427346077237,-0.28382804911928006,-0.1067057924006001,-0.4224735042300032,0.039064957308458464,-0.277915489988864,-0.10680347819001204,-0.5247407467913633,0.14133219986981857
multihop,1,47,46,90,100,64,0.0,0.0,0.0,0.007085346215781,0.00322061191626409,0.011916264090177134,-0.007085346215781,-0.011916264090177134,-0.00322061191626409,0.2111111111111111,0.13333333333333333,0.3,0.0707827020057428,0.05550850818371907,0.0864214502226011,0.1403284091053683,0.05806534427888975,0.22993487026362913,-0.14741375532114928,-0.2368152258740398,-0.0664251137040006,-0.37818298609038015,0.08335547544808156,-0.23507185603678987,-0.0650090282943712,-0.48045022865174025,0.18562271800944166
multihop,1,48,47,90,100,64,0.0,0.0,0.0,0.0020933977455716585,0.0008051529790660225,0.003703703703703704,-0.0020933977455716585,-0.003703703703703704,-0.0008051529790660225,0.16666666666666666,0.1,0.24444444444444444,0.07110713129436647,0.0559370356585925,0.08667984848420586,0.09555953537230019,0.021788051077378134,0.17731849861943477,-0.09765293311787183,-0.17897571322133293,-0.02395282043886851,-0.32842216388710266,0.13311629765135902,-0.17845996520823731,-0.020337716050165957,-0.43068940644846276,0.23538354021271912
multihop,2,1,48,90,100,64,0.0,0.0,0.0,0.0017713365539452498,0.00016103059581320451,0.0045088566827697265,-0.0017713365539452498,-0.0045088566827697265,-0.00016103059581320451,0.17777777777777778,0.1,0.25555555555555554,0.04725321955157432,0.03647100795397833,0.05835938240030311,0.13052455822620346,0.058995804050223456,0.20954407770751232,-0.13229589478014872,-0.21118197199566252,-0.06092115527081844,-0.36306512554937953,0.09847333598908212,-0.2036603977964331,-0.06306547736320461,-0.46533236811073964,0.20074057855044222
multihop,2,2,49,90,100,64,0.0,0.0,0.0,0.003059581320450886,0.00048309178743961357,0.007085346215780999,-0.003059581320450886,-0.007085346215780999,-0.00048309178743961357,0.1111111111111111,0.05555555555555555,0.17777777777777778,0.015783366486691295,0.009822866344605477,0.022546651510845887,0.09532774462441983,0.03687600644122383,0.16231179549114333,-0.0983873259448707,-0.16537374490859147,-0.040096618357487936,-0.32915655671410154,0.13238190482436013,-0.15784935942824463,-0.039541158653477564,-0.43142379927546165,0.23464914738572024
multihop,2,3,50,90,100,64,0.0,0.0,0.0,0.0019323671497584543,0.0,0.005475040257648953,-0.0019323671497584543,-0.005475040257648953,0.0,0.07777777777777778,0.022222222222222223,0.13333333333333333,0.009361158119603741,0.006289665624703988,0.013081367812825614,0.06841661965817403,0.015759486702605196,0.12430371056058157,-0.07034898680793249,-0.1265509621542755,-0.01882138663742952,-0.30111821757716334,0.16042024396129834,-0.12965702527133258,-0.02160973392163534,-0.40338546013852344,0.26268748652265844
multihop,2,4,51,90,100,64,0.0,0.0,0.0,0.0014492753623188406,0.00032206119162640903,0.00322061191626409,-0.0014492753623188406,-0.00322061191626409,-0.00032206119162640903,0.06666666666666667,0.022222222222222223,0.12222222222222223,0.005643175144453918,0.003549777398882259,0.007899971582836035,0.06102349152221275,0.016259353983139158,0.11610069148432318,-0.062472766884531586,-0.11770389315146347,-0.017545230652647542,-0.2932419976537624,0.16829646388469927,-0.11739135224192265,-0.01731397792667898,-0.3955092402151225,0.27056370644605937
multihop,2,5,52,90,100,64,0.0,0.0,0.0,0.0011272141706924314,0.00032206119162640903,0.0022544283413848632,-0.0011272141706924314,-0.0022544283413848632,-0.00032206119162640903,0.05555555555555555,0.011111111111111112,0.1111111111111111,0.003071421805437151,0.001615042152126551,0.004693568248555461,0.0524841337501184,0.008681443591929527,0.10690300274699252,-0.053611347920810834,-0.1078822700577816,-0.009808598560197031,-0.2843805786900417,0.17715788284842,-0.1041624040920716,-0.01022503886465073,-0.3866478212514018,0.2794251254097801
multihop,2,6,53,90,100,64,0.0,0.0,0.0,0.001932367149758454,0.0006441223832528181,0.0035426731078904996,-0.001932367149758454,-0.0035426731078904996,-0.0006441223832528181,0.03333333333333333,0.0,0.07777777777777778,0.0017784408449370089,0.0008075210760632755,0.0029127593066211994,0.031554892488396324,-0.0012930401629250737,0.07518944775978025,-0.033487259638154784,-0.07713134649995265,-0.00031969309462915604,-0.26425649040738564,0.19728197113107604,-0.07830948207323965,-0.0003508826648368786,-0.36652373296874574,0.29954921369243614
multihop,2,7,54,90,100,64,0.0,0.0,0.0,0.0014492753623188406,0.00048309178743961357,0.0025764895330112727,-0.0014492753623188406,-0.0025764895330112727,-0.00048309178743961357,0.011111111111111112,0.0,0.03333333333333333,0.0013001559409545058,0.00048545988443686656,0.0022854963601995704,0.009810955170156607,-0.0016293214235726737,0.03187695368002273,-0.011260230532475443,-0.033491995832149284,0.0004950029618884832,-0.24202946130170627,0.2195090002367554,-0.037236354785885294,0.0004830083137124952,-0.3442967038630664,0.3217762427981155
multihop,2,8,55,90,100,64,0.0,0.0,0.0,0.0037037037037037043,0.0014492753623188406,0.006763285024154591,-0.0037037037037037043,-0.006763285024154591,-0.0014492753623188406,0.011111111111111112,0.0,0.03333333333333333,0.0014635546337649632,0.000648858577247324,0.002439351975558411,0.009647556477346152,-0.0019609256926506995,0.03203798427583594,-0.013351260181049858,-0.036864156236436456,-0.00046163753553912735,-0.24412049095028068,0.217417970588181,-0.04020088117174187,-0.00040757464026680026,-0.3463877335116408,0.31968521314954107
multihop,2,9,56,90,100,64,0.0,0.0,0.0,0.001932367149758454,0.00032206119162640903,0.004347826086956522,-0.001932367149758454,-0.004347826086956522,-0.00032206119162640903,0.0,0.0,0.0,0.0011391253451413011,0.0003292361720807726,0.001958630052352616,-0.0011391253451413011,-0.001958630052352616,-0.0003292361720807726,-0.0007932418046171529,-0.0033697313376284247,0.0009852697297824604,-0.231562472573848,0.2299759889646137,-0.003484748206447908,0.0010710416016568441,-0.3338297151352081,0.3322432315259738
multihop,2,10,57,90,100,64,0.0,0.0,0.0,0.0017713365539452494,0.0006441223832528181,0.00322061191626409,-0.0017713365539452494,-0.00322061191626409,-0.0006441223832528181,0.0,0.0,0.0,0.000646490480250071,0.00016103059581320451,0.001295349057497395,-0.000646490480250071,-0.001295349057497395,-0.00016103059581320451,-0.0011248460736951787,-0.0027375201288244765,0.00032206119162640903,-0.231894076842926,0.22964438469553566,-0.002755513437258961,0.00029708853238265005,-0.3341613194042861,0.33191162725689577
multihop,2,11,58,90,100,64,0.0,0.0,0.0,0.004186795491143317,0.001932367149758454,0.006924315619967794,-0.004186795491143317,-0.006924315619967794,-0.001932367149758454,0.0,0.0,0.0,0.0004830917874396135,0.0,0.0011272141706924316,-0.0004830917874396135,-0.0011272141706924316,0.0,-0.0037037037037037034,-0.00644122383252818,-0.0012882447665056361,-0.23447293447293455,0.22706552706552713,-0.0068203643276401014,-0.001260239445494644,-0.33674017703429465,0.32933276962688723
multihop,2,12,59,90,100,64,0.0,0.0,0.0,0.006924315619967794,0.0032206119162640906,0.011111111111111112,-0.006924315619967794,-0.011111111111111112,-0.0032206119162640906,0.0,0.0,0.0,0.00032206119162640903,0.0,0.0008051529790660225,-0.00032206119162640903,-0.0008051529790660225,0.0,-0.006602254428341384,-0.010789049919484704,-0.002898550724637681,-0.23737148519757223,0.22416697634088945,-0.011441883022101685,-0.002838786792170925,-0.33963872775893234,0.32643421890224955
multihop,2,13,60,90,100,64,0.0,0.0,0.0,0.005314009661835749,0.0019323671497584543,0.009500805152979066,-0.005314009661835749,-0.009500805152979066,-0.0019323671497584543,0.0,0.0,0.0,0.0006441223832528181,0.00016103059581320451,0.0012882447665056361,-0.0006441223832528181,-0.0012882447665056361,-0.00016103059581320451,-0.004669887278582931,-0.00885668276972625,-0.0011272141706924316,-0.23543911804781376,0.22609934349064792,-0.009316770186335402,-0.0012334258402713536,-0.33770636060917386,0.328366586052008
multihop,2,14,61,90,100,64,0.0,0.0,0.0,0.0033816425120772953,0.0009661835748792271,0.006602254428341386,-0.0033816425120772953,-0.006602254428341386,-0.0009661835748792271,0.011111111111111112,0.0,0.03333333333333333,0.0006441223832528181,0.0,0.0014492753623188406,0.010466988727858294,-0.0012882447665056361,0.03317230273752013,-0.01384863123993559,-0.03816425120772947,-0.00048309178743961357,-0.24461786200916644,0.21692059952929524,-0.041004633592695273,-0.0005367686527106818,-0.3468851045705265,0.31918784209065537
multihop,2,15,62,90,100,64,0.0,0.0,0.0,0.0006441223832528181,0.00016103059581320451,0.0012882447665056361,-0.0006441223832528181,-0.0012882447665056361,-0.00016103059581320451,0.011111111111111112,0.0,0.03333333333333333,0.0027423270122815873,0.0008051529790660225,0.005479847141106064,0.008368784098829525,-0.004669887278582931,0.031723027375201295,-0.009012906482082342,-0.032362342874997,0.004030571778787223,-0.23978213725131317,0.2217563242871485,-0.03467908902691511,0.004007946275618409,-0.3420493798126733,0.3240235668485086
multihop,2,16,63,90,100,64,0.0,0.0,0.0,0.000966183574879227,0.00016103059581320451,0.0022544283413848632,-0.000966183574879227,-0.0022544283413848632,-0.00016103059581320451,0.022222222222222223,0.0,0.05555555555555556,0.0022592352248419737,0.0006441223832528181,0.0045088566827697265,0.019962986997380246,-0.002898550724637681,0.05345735092652679,-0.020929170572259476,-0.05426250390559281,0.0017713365539452498,-0.2516984013414903,0.20984006019697135,-0.05672938362020127,0.0017101194793296944,-0.3539656439028504,0.3121073027583315
multihop,2,17,64,90,100,64,0.0,0.0,0.0,0.0006441223832528181,0.0,0.001932367149758454,-0.0006441223832528181,-0.001932367149758454,0.0,0.13333333333333333,0.06666666666666667,0.21111111111111108,0.005167258337468668,0.002908023112626693,0.007895235388841529,0.1281660749958647,0.06279238928969814,0.2035283938364444,-0.1288101973791175,-0.20416778179293923,-0.063436580595177,-0.3595794281483483,0.10195903339011333,-0.21797107606358354,-0.048025539459260545,-0.4618466707097084,0.20422627595147344
multihop,2,18,65,90,100,64,0.0,0.0,0.0,0.001288244766505636,0.00016103059581320451,0.0032206119162640906,-0.001288244766505636,-0.0032206119162640906,-0.00016103059581320451,0.14444444444444443,0.07777777777777778,0.2222222222222222,0.004362105358402645,0.002581225727005778,0.0064531350069770505,0.1400823390860418,0.07390113230381201,0.21641564838495786,-0.14137058385254744,-0.21753100086382526,-0.07502604553249666,-0.37213981462177825,0.0893986469166834,-0.23336161051377985,-0.05969077876662239,-0.47440705718313836,0.1916658894780435
multihop,2,19,66,90,100,64,0.0,0.0,0.0,0.00016103059581320451,0.0,0.0004830917874396135,-0.00016103059581320451,-0.0004830917874396135,0.0,0.15555555555555556,0.08888888888888889,0.2333333333333333,0.005008595838652717,0.003059581320450886,0.007130611329541547,0.15054695971690285,0.0832242594925345,0.22799787118683368,-0.15070799031271606,-0.22814504488073983,-0.08339009520456825,-0.3814772210819469,0.08006124045651478,-0.2362038061527642,-0.07420417290328794,-0.48374446364330703,0.18232848301787488
multihop,2,20,67,90,100,64,0.0,0.0,0.0,0.0025764895330112727,0.00016103059581320451,0.0062801932367149765,-0.0025764895330112727,-0.0062801932367149765,-0.00016103059581320451,0.17777777777777778,0.1,0.2555555555555556,0.004693638938018067,0.003073789902434405,0.006474377190489723,0.17308413883975976,0.09594562089382583,0.25216828881310954,-0.17566062837277105,-0.2581061700943987,-0.09851962215775345,-0.4064298591420019,0.05510860239645979,-0.26468050682818967,-0.09870637202958633,-0.508697101703362,0.1573758449578199
multihop,2,21,68,90,100,64,0.0,0.0,0.0,0.00032206119162640903,0.0,0.000966183574879227,-0.00032206119162640903,-0.000966183574879227,0.0,0.16666666666666666,0.08888888888888889,0.24444444444444444,0.006789404780586977,0.004208249743043804,0.009550678336083154,0.15987726188607973,0.08436576265447415,0.23798443223637422,-0.16019932307770612,-0.23846742329132964,-0.08484400161030599,-0.39096855384693696,0.07056990769152471,-0.2502663059993104,-0.08155534327496386,-0.49323579640829707,0.17283715025288482
multihop,2,22,69,90,100,64,0.0,0.0,0.0,0.004025764895330113,0.0016103059581320453,0.006924315619967794,-0.004025764895330113,-0.006924315619967794,-0.0016103059581320453,0.13333333333333333,0.06666666666666667,0.21111111111111108,0.0054964238200868355,0.0033957954261090114,0.007776971917904087,0.12783690951324653,0.0611726109435771,0.20464145686034163,-0.13186267440857663,-0.20834510312885698,-0.06486683872481865,-0.36263190517780747,0.09890655636065421,-0.21119127236600702,-0.06333599541201337,-0.4648991477391676,0.2011737989220143
multihop,2,23,70,90,100,64,0.0,0.0,0.0,0.004347826086956523,0.001932367149758454,0.007729468599033818,-0.004347826086956523,-0.007729468599033818,-0.001932367149758454,0.15555555555555556,0.08888888888888889,0.23333333333333334,0.0042058109565839465,0.0025883300179975373,0.005984253568757521,0.15134974459897163,0.08274117742489598,0.22945912664582738,-0.15569757068592813,-0.23363881784597895,-0.08596646809996622,-0.386466801455159,0.07507166008330271,-0.2386550337498832,-0.08247999282334346,-0.4887340440165191,0.17733890264466282
multihop,2,24,71,90,100,64,0.0,0.0,0.0,0.004830917874396137,0.0024154589371980675,0.007729468599033817,-0.004830917874396137,-0.007729468599033817,-0.0024154589371980675,0.07777777777777778,0.022222222222222223,0.13333333333333333,0.00194901451820183,0.000970919768873733,0.0030951734648722857,0.07582876325957594,0.021085464974078177,0.1320356161788387,-0.0806596811339721,-0.1373519939376717,-0.027828800548267765,-0.31142891190320293,0.15010954963525874,-0.1372075091996875,-0.030756037588437854,-0.41369615446456304,0.25237679219661885
multihop,2,25,72,90,100,64,0.0,0.0,0.0,0.015136876006441221,0.008695652173913045,0.02222222222222222,-0.015136876006441221,-0.02222222222222222,-0.008695652173913045,0.14444444444444443,0.07777777777777778,0.2222222222222222,0.008726508124339932,0.005981813015061097,0.01163689933396388,0.13571793632010454,0.0675782558859581,0.21394591938008162,-0.15085481232654574,-0.22880539403013347,-0.0814120670800589,-0.3816240430957766,0.0799144184426851,-0.23461444035758366,-0.0741092214803417,-0.4838912856571367,0.1821816610040452
multihop,2,26,73,90,100,64,0.011111111111111112,0.0,0.03333333333333333,0.019162640901771336,0.011272141706924319,0.027858293075684375,-0.008051529790660227,-0.025764895330112718,0.019645732689210944,0.13333333333333333,0.06666666666666667,0.21111111111111108,0.00822676896845694,0.005657324524012504,0.010961921000284166,0.12510656436487644,0.05811540920716113,0.20208155726058535,-0.13315809415553662,-0.2106185469356825,-0.061182035616178854,-0.3639273249247674,0.09761113661369422,-0.21383016008335703,-0.059758304306205,-0.46619456748612753,0.19987837917505433
multihop,2,27,74,90,100,64,0.0,0.0,0.0,0.01884057971014493,0.01143317230273752,0.02689210950080515,-0.01884057971014493,-0.02689210950080515,-0.01143317230273752,0.1,0.044444444444444446,0.16666666666666666,0.007738940987022822,0.004847494553376908,0.011115906507530542,0.0922610590129772,0.035739260680117464,0.1590911243724543,-0.11110163872312215,-0.17760964289097278,-0.053763971772284126,-0.341870869492353,0.11966759204610869,-0.1793560189386647,-0.05026570842476183,-0.4441381120537131,0.2219348346074688
multihop,2,28,75,90,100,64,0.0,0.0,0.0,0.019809131382021405,0.012401723974614,0.027697262479871178,-0.019809131382021405,-0.027697262479871178,-0.012401723974614,0.1,0.044444444444444446,0.16666666666666666,0.008548830160083348,0.00580183764326987,0.011762337785355681,0.09145116983991666,0.035239592213697074,0.15796154210476457,-0.11126030122193808,-0.1780833806952733,-0.05344084493700862,-0.3420295319911689,0.11950892954729275,-0.18011684021434657,-0.04995549079085645,-0.44429677455252903,0.22177617210865286
multihop,2,29,76,90,100,64,0.011111111111111112,0.0,0.03333333333333333,0.0231907738940987,0.014653784219001608,0.032369517855451356,-0.01207966278298759,-0.030437150705692903,0.015939660888509996,0.05555555555555555,0.011111111111111112,0.1111111111111111,0.009351615042152117,0.006287297527706737,0.012899024344037132,0.04620394051340342,0.002090970446149473,0.10047598749644783,-0.05828360329639102,-0.11400735294117648,-0.008199299043289147,-0.2890528340656219,0.17248562747283983,-0.10984687134583235,-0.00759952518342516,-0.391320076626982,0.2747528700341999
multihop,2,30,77,90,100,64,0.0,0.0,0.0,0.027214170692431563,0.017230273752012887,0.03768115942028986,-0.027214170692431563,-0.03768115942028986,-0.017230273752012887,0.044444444444444446,0.011111111111111112,0.08888888888888889,0.006936156104954055,0.0045111655773420484,0.009839443023586246,0.03750828833949038,0.002564649048025006,0.08291891635881406,-0.06472245903192196,-0.11319266837169649,-0.02607274793975561,-0.2954916898011528,0.16604677173730886,-0.11505650739804371,-0.026685735524016808,-0.3977589323625129,0.26831401429866897
multihop,2,31,78,90,100,64,0.011111111111111112,0.0,0.03333333333333333,0.0317324997631903,0.02078241924789239,0.043326939471440735,-0.02062138865207919,-0.04107227432035616,0.008534621578099838,0.022222222222222223,0.0,0.05555555555555556,0.005318745855830255,0.0029032869186321874,0.008217296580467937,0.01690347636639197,-0.006445960026522687,0.051041962678791325,-0.03752486501847116,-0.07795206971677561,0.0001562944018186961,-0.268294095787702,0.19324436575075968,-0.07649051490514905,0.0009773171381622587,-0.37056133834906213,0.29551160831211976
multihop,2,32,79,90,100,64,0.011111111111111112,0.0,0.03333333333333333,0.03125177607274795,0.020772946859903385,0.04238686416595621,-0.02014066496163684,-0.039291465378421896,0.006566732973382592,0.011111111111111112,0.0,0.03333333333333333,0.003384010609074548,0.0016103059581320453,0.005477408354646207,0.007727100502036566,-0.004991948470209341,0.03107890499194847,-0.02786776546367339,-0.059272520602443875,0.004310173344700182,-0.2586369962329042,0.20290146530555744,-0.061232176250584386,0.003967094084010393,-0.3609042387942643,0.3051687078669176
multihop,2,33,80,90,100,64,0.0,0.0,0.0,0.025284171639670353,0.015783366486691295,0.035429099175902236,-0.025284171639670353,-0.035429099175902236,-0.015783366486691295,0.011111111111111112,0.0,0.03333333333333333,0.004359666571942787,0.0025835938240030315,0.006453064317514446,0.006751444539168328,-0.005828005115089515,0.0302524983423321,-0.03203561617883868,-0.058442324997631905,-0.014163588140570239,-0.2628048469480695,0.19873361459039215,-0.05765135004445912,-0.01432419564092437,-0.3650720895094296,0.3010008571517523
multihop,2,34,81,90,100,64,0.0,0.0,0.0,0.020933977455716582,0.013043478260869565,0.029629629629629627,-0.020933977455716582,-0.029629629629629627,-0.013043478260869565,0.022222222222222223,0.0,0.05555555555555556,0.005333025127276379,0.003081104494577412,0.008068247848566206,0.016889197094945848,-0.006306312993147365,0.05087375886976033,-0.03782317455066243,-0.07276931006377603,-0.012212079167956753,-0.26859240531989326,0.19294605621856842,-0.07278605039561464,-0.012606629071891114,-0.37085964788125336,0.2952132987799285
multihop,2,35,82,90,100,64,0.0,0.0,0.0,0.018035426731078903,0.0107890499194847,0.02592592592592593,-0.018035426731078903,-0.02592592592592593,-0.0107890499194847,0.011111111111111112,0.0,0.03333333333333333,0.005498791917084089,0.0032348204982476088,0.008392535758264659,0.0056123191940270255,-0.007435895260837047,0.02912745345452335,-0.023647745925105934,-0.04907183940343749,-0.007528178587030746,-0.25441697669433677,0.2071214848441249,-0.048754207796968325,-0.0072852923633060195,-0.3566842192556969,0.309388727405485
multihop,2,36,83,90,100,64,0.0,0.0,0.0,0.019162640901771333,0.011433172302737523,0.027536231884057964,-0.019162640901771333,-0.027536231884057964,-0.011433172302737523,0.011111111111111112,0.0,0.03333333333333333,0.005484512645637966,0.0030619494174481394,0.008390167661267408,0.005626598465473148,-0.007260644596002654,0.028815063464999523,-0.02478923936724449,-0.049761532632376614,-0.008849578478734488,-0.2555584701364753,0.20597999140198636,-0.04929763379179976,-0.008864321792298032,-0.3578257126978354,0.30824723396334647
multihop,2,37,84,90,100,64,0.0,0.0,0.0,0.01562944018186985,0.009339774557165862,0.022563228189826656,-0.01562944018186985,-0.022563228189826656,-0.009339774557165862,0.0,0.0,0.0,0.007416879795396417,0.004028073789902434,0.011445071990148712,-0.007416879795396417,-0.011445071990148718,-0.0040280737899024395,-0.008212560386473432,-0.014170692431562,-0.002578857630008525,-0.23898179115570428,0.2225566703827574,-0.014669494521032167,-0.0026488588550299943,-0.3412490337170644,0.3248239129441175
multihop,2,38,85,90,100,64,0.011111111111111112,0.0,0.03333333333333333,0.011757601591361178,0.006606990622335892,0.0175570711376338,-0.0006464904802500729,-0.016264090177133657,0.025279435445675857,0.03333333333333333,0.0,0.07777777777777778,0.010639859808657757,0.0066164630103249045,0.015153452685421995,0.022693473524675576,-0.010327330207445296,0.06647739651416121,-0.02333996400492564,-0.06890925452306526,0.01901108269394714,-0.2541091947741565,0.2074292667643052,-0.06999662212120322,0.02008760478829212,-0.3563764373355166,0.3096965093256653
multihop,2,39,86,90,100,64,0.011111111111111112,0.0,0.03333333333333333,0.013379748034479489,0.007421615989390926,0.02014303305863408,-0.0022686369233683814,-0.018561144264469073,0.02415458937198068,0.044444444444444446,0.011111111111111112,0.08888888888888889,0.012089135170976604,0.007899971582836035,0.016763758643554037,0.032355309273467844,-0.0038718385905086665,0.07890268305389787,-0.034623946196836224,-0.08582972198541253,0.011274628208771419,-0.26539317696606707,0.1961452845723946,-0.08447898147859356,0.011713357296685963,-0.3676604195274272,0.2984125271337547
multihop,2,40,87,90,100,64,0.011111111111111112,0.0,0.03333333333333333,0.01193047267216065,0.006294401818698496,0.018386260301221907,-0.0008193615610495419,-0.01692277635691958,0.02544614947428218,0.1111111111111111,0.05555555555555555,0.17777777777777778,0.013749383234438778,0.009709616523803262,0.018306031295638885,0.09736172787667235,0.03682345942919673,0.16580899671859514,-0.09818108943772189,-0.17142407987061004,-0.03132676522191547,-0.3289503202069527,0.13258814133150895,-0.17578824481348115,-0.028166804557220648,-0.4312175627683128,0.23485538389286906
multihop,2,41,88,90,100,64,0.011111111111111112,0.0,0.03333333333333333,0.01675665435256228,0.010144927536231885,0.02416406175996969,-0.005645543241451168,-0.022563228189826652,0.0214170692431562,0.25555555555555554,0.16666666666666666,0.3444444444444445,0.019717058356978963,0.01485033626977361,0.02510494645980101,0.23583849719857664,0.14721824328909586,0.3289212858696005,-0.24148404044002775,-0.33265341380621755,-0.15613035189921384,-0.4722532712092586,-0.01071480967079691,-0.35636021873883694,-0.13647726103941274,-0.5745205137706186,0.0915524328905632
multihop,2,42,89,90,100,64,0.011111111111111112,0.0,0.03333333333333333,0.011435540399734774,0.006121530737899025,0.017557071137633797,-0.00032442928862366294,-0.016116320924505063,0.025762527233115468,0.28888888888888886,0.19999999999999996,0.38888888888888884,0.021322557431653892,0.016789807710523824,0.026187096098083045,0.2675663314572351,0.17735834803674158,0.36598274965044036,-0.2678907607458587,-0.3640239296201572,-0.17835771943069537,-0.49865999151508955,-0.037121529976627876,-0.38648070194982603,-0.15867372916583572,-0.6009272340764497,0.06514571258473223
multihop,2,43,90,90,100,64,0.011111111111111112,0.0,0.03333333333333333,0.011918632187174387,0.006609358719333146,0.018035426731078906,-0.0008075210760632759,-0.016747181964573265,0.025124561902055184,0.25555555555555554,0.16666666666666666,0.3444444444444445,0.019392558378892685,0.015153215875722267,0.023939782651109326,0.23616299717666295,0.14823528881593734,0.327798731018112,-0.23697051825272625,-0.3332647071194184,-0.14614682961294695,-0.4677397490219571,-0.00620128748349541,-0.35662682634874815,-0.1240043549972258,-0.5700069915833172,0.0960659550778647
multihop,2,44,91,90,100,64,0.011111111111111112,0.0,0.03333333333333333,0.019659941271194463,0.01239935587761675,0.027711471061854693,-0.008548830160083357,-0.02594013450790944,0.018987401723974614,0.35555555555555557,0.25555555555555554,0.45555555555555555,0.020200150144418574,0.01584521976647029,0.024766472942194386,0.3353554054111372,0.23616788623662027,0.43602629435940504,-0.3439042355712204,-0.44410372035107215,-0.2463031107604914,-0.5746734663404512,-0.11313500480198957,-0.46372928859639223,-0.23438467940712954,-0.6769407089018113,-0.010867762240629464
multihop,2,45,92,90,100,64,0.011111111111111112,0.0,0.03333333333333333,0.019982002462820878,0.012560386473429951,0.02820877143127782,-0.008870891351709766,-0.026423226295349055,0.018518518518518517,0.35555555555555557,0.25555555555555554,0.45555555555555555,0.022942406467237567,0.01780385953862401,0.0285951132021054,0.33261314908831824,0.2332521411838223,0.434103845824868,-0.34148404044002795,-0.4424529270032333,-0.2443742294848577,-0.5722532712092587,-0.11071480967079711,-0.45492094430629243,-0.23729696789749796,-0.674520513770619,-0.008447567109437004
multihop,2,46,93,90,100,64,0.022222222222222223,0.0,0.05555555555555556,0.02127024722932651,0.013687600644122383,0.029497016197783457,0.0009519749928957107,-0.02400776735815099,0.03572037510656437,0.4111111111111111,0.31111111111111106,0.5111111111111112,0.04356379511931676,0.0335612290918242,0.05415128110513078,0.36754731599179447,0.2661027697545237,0.4722816614568532,-0.36659534099889884,-0.46873206166524584,-0.26689758970139366,-0.5973645717681297,-0.135826110229668,-0.4722167721399679,-0.2609731071897092,-0.6996318143294897,-0.0335588676683079
multihop,2,47,94,90,100,64,0.011111111111111112,0.0,0.03333333333333333,0.01256749076442171,0.007085346215781,0.018854965899403227,-0.0014563796533106012,-0.017405512929809606,0.02478450317324998,0.3,0.21111111111111105,0.39999999999999997,0.07030434641229769,0.05514813153612443,0.08574943731187762,0.2296956535877023,0.13419182239555275,0.3314743241733927,-0.23115203324101294,-0.32985213266574204,-0.13759222324015064,-0.4619212640102438,-0.00038280247178210103,-0.3285748325041533,-0.14038341572380733,-0.5641885065716039,0.101884440089578
multihop,2,48,95,90,100,64,0.011111111111111112,0.0,0.03333333333333333,0.009181112058349905,0.00531400966183575,0.013533674339300939,0.0019299990527611997,-0.012562754570427204,0.0270437861134792,0.2777777777777778,0.18888888888888886,0.3777777777777777,0.0707874381997373,0.05565478588868671,0.0862484678058981,0.20699033957804044,0.11327964998819486,0.3076609705097699,-0.2050603405252793,-0.30284116943698675,-0.11327903057177913,-0.43582957129451017,0.025708890243951538,-0.298994072848544,-0.11583314389235384,-0.5380968138558703,0.12797613280531164
multihop,3,1,96,90,100,64,0.011111111111111112,0.0,0.03333333333333333,0.018359856019702574,0.01159657099554798,0.025767263427109968,-0.007248744908591454,-0.024154589371980676,0.0196433645922137,0.28888888888888886,0.19999999999999996,0.3888888888888888,0.04017024143279059,0.031273236509976404,0.04949343931097566,0.24871864745609834,0.15854892028914822,0.34310004131799055,-0.2559673923646898,-0.35469142635783857,-0.16174090650753076,-0.48673662313392063,-0.025198161595458957,-0.35279243804957977,-0.1592116071419713,-0.5890038656952807,0.07706908096590115
multihop,3,2,97,90,100,64,0.022222222222222223,0.0,0.05555555555555556,0.028194562849294304,0.018854788292128447,0.03832528180354267,-0.005972340627072079,-0.03156199677938808,0.02914653784219002,0.14444444444444443,0.07777777777777778,0.2222222222222222,0.012887183859050865,0.008866155157715262,0.017235009946007386,0.1315572605853936,0.0640901771336554,0.20869091597991854,-0.13752960121246569,-0.22112674055129292,-0.05912617220801367,-0.36829883198169655,0.09323962955676515,-0.2286370776938035,-0.05271616190353296,-0.47056607454305666,0.19550687211812526
multihop,3,3,98,90,100,64,0.011111111111111112,0.0,0.03333333333333333,0.024003031164156488,0.01562944018186985,0.03317230273752012,-0.012891920053045371,-0.029809605001420856,0.01255091408544094,0.06666666666666667,0.022222222222222223,0.12222222222222223,0.0072511130055887075,0.004347826086956523,0.010481197309841811,0.05941555366107796,0.014809960215970445,0.1147958700388368,-0.07230747371412334,-0.1318842947807142,-0.01980676328502415,-0.30307670448335416,0.1584617570551075,-0.13043478260869565,-0.018779226743862395,-0.40534394704471427,0.2607289996164676
multihop,3,4,99,90,100,64,0.0,0.0,0.0,0.019972530074831865,0.012884815762053614,0.027863088472103816,-0.019972530074831865,-0.027863088472103822,-0.012884815762053614,0.1111111111111111,0.05555555555555555,0.17777777777777778,0.009510277540968075,0.005797101449275364,0.013858103627924601,0.10160083357014303,0.04314649048025007,0.16874111963626032,-0.12157336364497492,-0.19016298427583597,-0.061508951406649616,-0.3523425944142058,0.10919586712425591,-0.1949098621420997,-0.058263752800198014,-0.4546098369755659,0.21146310968561602
multihop,3,5,100,90,100,64,0.0,0.0,0.0,0.01787913232926021,0.011115847305105618,0.025449938429478066,-0.01787913232926021,-0.025449938429478066,-0.011115847305105618,0.12222222222222222,0.05555555555555556,0.1888888888888889,0.007573174197215114,0.004186795491143317,0.011916264090177132,0.1146490480250071,0.04895330112721418,0.18389220422468502,-0.1325281803542673,-0.20305490432888132,-0.06747418774272994,-0.3632974111234981,0.09824105041496353,-0.20562101526648832,-0.06757702196146406,-0.4655646536848582,0.20050829297632364
multihop,3,6,101,90,100,64,0.0,0.0,0.0,0.017883868523254718,0.011120583499100124,0.02560386473429951,-0.017883868523254718,-0.02560386473429951,-0.011120583499100124,0.06666666666666667,0.022222222222222223,0.12222222222222223,0.0069314199109595485,0.004035237283319125,0.010310694326039593,0.059735246755707114,0.013997762148337596,0.11577632139812447,-0.07761911527896183,-0.13348495074358246,-0.030602858293075692,-0.30838834604819265,0.15315011549026902,-0.14225538756692607,-0.025676978453175427,-0.41065558860955276,0.25541735805162913
multihop,3,7,102,90,100,64,0.0,0.0,0.0,0.01771573363644975,0.011111111111111112,0.025123141043857156,-0.01771573363644975,-0.025123141043857156,-0.011111111111111112,0.05555555555555555,0.011111111111111112,0.1111111111111111,0.004191531685137824,0.0025788576300085253,0.00596760443307758,0.051364023870417726,0.007397935019418396,0.10612277398882228,-0.0690797575068675,-0.12302737520128822,-0.024320296959363462,-0.29984898827609835,0.16168947326236333,-0.1253598754031471,-0.02540292775582375,-0.40211623083745845,0.26395671582372343
multihop,3,8,103,90,100,64,0.011111111111111112,0.0,0.03333333333333333,0.019820971867007677,0.012560386473429951,0.02788671023965142,-0.008709860755896566,-0.024959742351046695,0.01606043383536989,0.03333333333333333,0.0,0.07777777777777778,0.002417827034195321,0.0011272141706924316,0.004028132992327366,0.030915506299138012,-0.0022567964383821163,0.07503788955195606,-0.039625367055034576,-0.08486081509898645,0.0009308397271952056,-0.2703945978242654,0.19114386371419625,-0.08972597344911559,0.0007304654198635898,-0.3726618403856255,0.2934111062755564
multihop,3,9,104,90,100,64,0.011111111111111112,0.0,0.03333333333333333,0.01836459221369708,0.011755233494363927,0.025771999621104484,-0.00725348110258597,-0.024161693662972435,0.019484702093397744,0.011111111111111112,0.0,0.03333333333333333,0.001773704650942503,0.0006441223832528181,0.0032253481102585964,0.009337406460168611,-0.0029009188216349343,0.03236714975845411,-0.016590887562754567,-0.050256997726626874,0.01723033295443781,-0.2473601183319854,0.21417834320647627,-0.05057551978585081,0.01692910250490471,-0.3496273608933455,0.3164455857678364
multihop,3,10,105,90,100,64,0.011111111111111112,0.0,0.03333333333333333,0.015307378990243436,0.009351615042152128,0.022070664014398028,-0.004196267879132328,-0.01949186558681444,0.02028748697546652,0.0,0.0,0.0,0.0029151980930810567,0.0014540115563133466,0.004688902744023561,-0.0029151980930810567,-0.004688902744023561,-0.0014540115563133466,-0.0012810697860512696,-0.01640379464569735,0.0230464498691538,-0.2320503005552821,0.22948816098317956,-0.0171532493557143,0.02313153810578629,-0.3343175431166422,0.3317554035445397
multihop,3,11,106,90,100,64,0.022222222222222223,0.0,0.05555555555555556,0.015463673392062139,0.009510277540968079,0.022231694610211235,0.0067585488301600835,-0.01884057971014493,0.04299055129298096,0.0,0.0,0.0,0.001932367149758454,0.00048309178743961357,0.004025764895330112,-0.001932367149758454,-0.004025764895330112,-0.00048309178743961357,0.008690915979918537,-0.01659088756275457,0.04492291844273942,-0.2220783147893123,0.23946014674914937,-0.01652504510398699,0.046183892482824306,-0.3243455573506724,0.3417273893105095
multihop,3,12,107,90,100,64,0.0,0.0,0.0,0.018374064601686085,0.011433172302737523,0.02624798711755233,-0.018374064601686085,-0.02624798711755233,-0.011433172302737523,0.011111111111111112,0.0,0.03333333333333333,0.0017713365539452498,0.00048309178743961357,0.0037037037037037043,0.009339774557165864,-0.0032206119162640906,0.032528180354267314,-0.027713839158851953,-0.05412285687221748,-0.011594202898550727,-0.2584830699280828,0.2030553916103789,-0.05416696442003911,-0.011578397846681418,-0.3607503124894429,0.305322634171739
multihop,3,13,108,90,100,64,0.011111111111111112,0.0,0.03333333333333333,0.016602728047740836,0.010144927536231885,0.024010135455148247,-0.005491616936629725,-0.02229089703514256,0.02109500805152979,0.0,0.0,0.0,0.0019323671497584543,0.0006441223832528181,0.0035426731078905,-0.0019323671497584543,-0.0035426731078905,-0.0006441223832528181,-0.0035592497868712695,-0.020323008430425313,0.022850182343468754,-0.23432848055610211,0.22720998098235956,-0.020325203252032523,0.02391254783005214,-0.3365957231174622,0.32947722354371967
multihop,3,14,109,90,100,64,0.022222222222222223,0.0,0.05555555555555556,0.01740314483281236,0.01096192100028417,0.024524012503552142,0.004819077389409872,-0.02079662782987591,0.041373022639007294,0.044444444444444446,0.011111111111111112,0.08888888888888889,0.00322061191626409,0.0014492753623188406,0.005314009661835749,0.041223832528180356,0.006924315619967794,0.0861513687600644,-0.0364047551387705,-0.09067206592782041,0.01610305958132045,-0.26717398590800134,0.19436447563046033,-0.08778045124259301,0.018233534408432395,-0.36944122846936145,0.29663171819182044
multihop,3,15,110,90,100,64,0.022222222222222223,0.0,0.05555555555555556,0.01611253196930947,0.010305958132045087,0.0227337903760538,0.006109690252912759,-0.019330775788576303,0.04250266410912191,0.044444444444444446,0.011111111111111112,0.08888888888888889,0.0040305010893246195,0.0017760727479397556,0.006926683716965048,0.04041394335511982,0.005311641564838495,0.0858245713744435,-0.03430425310220709,-0.09049931325187081,0.019815110826939156,-0.2650734838714379,0.19646497766702375,-0.0903222803579514,0.020933977455716582,-0.367340726432798,0.29873222022838386
multihop,3,16,111,90,100,64,0.022222222222222223,0.0,0.05555555555555556,0.0172397461400019,0.010789049919484706,0.024486122951596096,0.004982476082220331,-0.0206308610400682,0.04154589371980676,0.07777777777777778,0.022222222222222223,0.13333333333333333,0.004352562280951029,0.0022591645353793694,0.006770389315146349,0.07342521549682675,0.01947996589940324,0.12979066022544283,-0.06844273941460646,-0.1347849767926494,-0.004679241261722095,-0.2992119701838373,0.16232649135462437,-0.1415779004202749,-0.00034491563423789544,-0.4014792127451974,0.2645937339159845
multihop,3,17,112,90,100,64,0.022222222222222223,0.0,0.05555555555555556,0.017398408638817846,0.010624703987875347,0.025120772946859903,0.004823813583404376,-0.021095008051529782,0.04169271573363645,0.18888888888888888,0.11111111111111112,0.27777777777777773,0.007262953490574974,0.0046769915695746905,0.010168608506204414,0.18162593539831395,0.1049824168797954,0.2668040162925074,-0.1768021218149095,-0.2658497324050394,-0.08920858198351805,-0.40757135258414035,0.05396710895432133,-0.2826830188381568,-0.07897914510006909,-0.5098385951455005,0.15623435151568144
multihop,3,18,113,90,100,64,0.022222222222222223,0.0,0.05555555555555556,0.01788150042625747,0.01112531969309463,0.025443011745761097,0.00434072179596476,-0.021438382116131482,0.04089466704556219,0.18888888888888888,0.11111111111111112,0.27777777777777773,0.0074335978533023985,0.004835654068390642,0.010211583281376575,0.18145529103558652,0.1046124282325231,0.26746802362159056,-0.1771145692396218,-0.2671451927984403,-0.08982541823420559,-0.4078838000088526,0.05365466152960904,-0.27614894620427727,-0.0815452127933771,-0.5101510425702127,0.15592190409096915
multihop,3,19,114,90,100,64,0.022222222222222223,0.0,0.05555555555555556,0.014177796722553752,0.008695652173913044,0.02061191626409018,0.008044425499668467,-0.017237378043004643,0.04412238325281804,0.2222222222222222,0.13333333333333333,0.31111111111111106,0.00663081297123363,0.004047025634826718,0.009384771934586799,0.21559140925098863,0.12929335985601972,0.3030263493204622,-0.20754698375132022,-0.2961305100668864,-0.12027071324960877,-0.43831621452055103,0.02322224701791062,-0.31367642567963544,-0.108590139062162,-0.5405834570819111,0.12548948957927072
multihop,3,20,115,90,100,64,0.044444444444444446,0.011111111111111112,0.08888888888888889,0.00967841242777304,0.004508856682769727,0.015814151747655585,0.034766032016671396,0.000966183574879227,0.07854977739888226,0.28888888888888886,0.19999999999999996,0.3888888888888888,0.00581611691471599,0.0037156855676151786,0.008079948721863827,0.2830727719741729,0.19401811629547627,0.38129188439021156,-0.24830673995750152,-0.35716348369688916,-0.14159715329999625,-0.47907597072673236,-0.017537509188270684,-0.3791025042509366,-0.1279748373779209,-0.5813432132880925,0.08472973337308942
multihop,3,21,116,90,100,64,0.011111111111111112,0.0,0.03333333333333333,0.0059676044330775795,0.002746992516813489,0.009822866344605476,0.005143506678033532,-0.00886615515771526,0.029468599033816423,0.24444444444444444,0.15555555555555556,0.3333333333333333,0.005806573837264375,0.0035592497868712704,0.008224400871459696,0.23863787060718009,0.1512005659751823,0.32687322392725204,-0.23349436392914652,-0.3219122383252818,-0.14766730605285594,-0.46426359469837736,-0.0027251331599156825,-0.34408836466519516,-0.13750530782315015,-0.5665308372597375,0.09954210940144442
multihop,3,22,117,90,100,64,0.011111111111111112,0.0,0.03333333333333333,0.004674623472577437,0.0024154589371980675,0.007414511698399168,0.006436487638533673,-0.006770389315146349,0.030271383915885193,0.23333333333333334,0.14444444444444446,0.3222222222222222,0.006304015585612715,0.004054323438222359,0.008712228852893815,0.22702931774772067,0.13992368807426353,0.31512252958000564,-0.22059283010918693,-0.3078833949038553,-0.13573931988254243,-0.4513620608784178,0.01017640066004391,-0.3285056204279596,-0.12724991224647766,-0.5536293034397779,0.11244364322140402
multihop,3,23,118,90,100,64,0.022222222222222223,0.0,0.05555555555555556,0.012576963152410716,0.007909443970825047,0.017876764232262952,0.0096452590698115,-0.01516055697641375,0.045249597423510465,0.2111111111111111,0.13333333333333333,0.3,0.004845197145842258,0.0028985507246376816,0.007092452274009324,0.2062659139652689,0.1278296753303672,0.29434253409706224,-0.19662065489545727,-0.2845586459221369,-0.11061978046680525,-0.4273898856646881,0.03414857587377357,-0.3067411892938848,-0.10099783749335521,-0.5296571282260483,0.13641581843513367
multihop,3,24,119,90,100,64,0.011111111111111112,0.0,0.03333333333333333,0.006775125509140856,0.0037202803826844747,0.010324902908023114,0.004335985601970255,-0.009507968646395758,0.028502415458937197,0.1111111111111111,0.05555555555555555,0.17777777777777778,0.0038766454739657787,0.0022591645353793694,0.005659893202359898,0.10723446563714532,0.05021192524165194,0.1745453253765274,-0.10289848003517507,-0.16907027186460422,-0.04654725360834363,-0.33366771080440594,0.12787075073405577,-0.1781964628810642,-0.038352443139370154,-0.43593495336576604,0.23013799329541587
multihop,3,25,120,90,100,64,0.03333333333333333,0.0,0.07777777777777778,0.014821919105806571,0.009507909443970827,0.020780051150895137,0.01851141422752676,-0.013526570048309176,0.06054039973477313,0.17777777777777778,0.1,0.2555555555555556,0.008719403833348174,0.005797101449275363,0.012098735683616578,0.16905837394442966,0.09224192690992324,0.24861459256714435,-0.1505469597169029,-0.23074018847931416,-0.07355676328502445,-0.38131619048613374,0.08022227105232793,-0.2527232026759913,-0.0583863553884396,-0.48358343304749385,0.18248951361368804
multihop,3,26,121,90,100,64,0.044444444444444446,0.011111111111111112,0.08888888888888889,0.01643932935493038,0.011107854977739888,0.022556123898834896,0.02800511508951407,-0.008555934451075112,0.07504375059202395,0.2,0.12222222222222223,0.28888888888888886,0.011305365754348456,0.007935630882246908,0.014874019006982705,0.18869463424565158,0.11024862544339965,0.2756561996779388,-0.16068951915613744,-0.24780239096503842,-0.07455698825423893,-0.3914587499253683,0.0700797116130934,-0.26931038822962133,-0.060270682225947295,-0.4937259924867284,0.1723469541744535
multihop,3,27,122,90,100,64,0.05555555555555555,0.011111111111111112,0.1111111111111111,0.018700861987307006,0.012422977645164347,0.02548315098986454,0.03685469356824856,-0.005804324145116986,0.09046852799090652,0.2,0.12222222222222223,0.2888888888888888,0.011459292059169904,0.007741379773482687,0.01564142558025445,0.18854070794083014,0.11027036422038715,0.2740677341128965,-0.15168601437258153,-0.24782135076252723,-0.05733368890133024,-0.3824552451418124,0.07908321639664931,-0.2676452131674249,-0.04201210171111705,-0.4847224877031725,0.18135045895800941
multihop,3,28,123,90,100,64,0.044444444444444446,0.011111111111111112,0.08888888888888889,0.017720469830444258,0.011605984181112056,0.024329828549777395,0.026723974614000192,-0.008705183764326989,0.07341580231126266,0.17777777777777778,0.1,0.25555555555555554,0.012103414442422718,0.008226713300505149,0.016455906033911144,0.16567436333535512,0.0898311529168593,0.24491474674086197,-0.13895038872135487,-0.22896192347441538,-0.05072213969227464,-0.36971961949058574,0.09181884204787596,-0.23368178343670676,-0.045425167068731606,-0.47198686205194584,0.19408608460923607
multihop,3,29,124,90,100,64,0.044444444444444446,0.011111111111111112,0.08888888888888889,0.016597991853746333,0.011111111111111113,0.022871080799469545,0.027846452590698116,-0.007423984086388177,0.07405530690537084,0.13333333333333333,0.06666666666666667,0.21111111111111108,0.011298261463356699,0.007594557759653,0.015468468788481569,0.12203507186997666,0.056630413575769915,0.19641715672136614,-0.09418861927927852,-0.17148112626693188,-0.02445047955731432,-0.32495785004850936,0.13658061148995232,-0.17453418068331134,-0.01835727805284111,-0.42722509260986946,0.23884785405131242
multihop,3,30,125,90,100,64,0.044444444444444446,0.011111111111111112,0.08888888888888889,0.01659088756275457,0.010950080515297908,0.022871080799469545,0.027853556881689875,-0.008053897887657478,0.0748792270531401,0.1111111111111111,0.05555555555555555,0.17777777777777778,0.009202495620787786,0.005974779413531945,0.012903760538031635,0.10190861549032333,0.04344486540019426,0.16970017771330898,-0.07405505860863347,-0.14958095551653497,-0.0019318802760848002,-0.3048242893778643,0.15671417216059735,-0.1565147589411257,0.0038801521221365947,-0.4070915319392244,0.25898141472195746
multihop,3,31,126,90,100,64,0.022222222222222223,0.0,0.05555555555555556,0.010478829212844558,0.006926683716965048,0.014499857914180167,0.011743393009377661,-0.012089194373401535,0.04620394051340343,0.1,0.044444444444444446,0.16666666666666666,0.008873259448707017,0.005638438950459411,0.01273088945723217,0.09112674055129298,0.03509987449085915,0.15667104764611156,-0.07938334754191533,-0.14864941508004167,-0.012714075968551697,-0.3101525783111462,0.1513858832273155,-0.1610363472452977,-0.005631966129173142,-0.4124198208725063,0.2536531257886756
multihop,3,32,127,90,100,64,0.0,0.0,0.0,0.007589821565658494,0.005013332032647221,0.010490740387293427,-0.007589821565658494,-0.010490740387293427,-0.005013332032647221,0.05555555555555555,0.011111111111111112,0.1111111111111111,0.0061405462033396535,0.003876517349314807,0.008897277077245202,0.049415009352215905,0.005941413987182588,0.10174534315492727,-0.0570048309178744,-0.1088601757127972,-0.01369701382968647,-0.28777406168710523,0.17376439985135644,-0.1184407796101949,-0.01183073429271759,-0.39004130424846534,0.27603164241271655
multihop,3,33,128,90,100,64,0.0,0.0,0.0,0.0048499333398367645,0.002908023112626693,0.007101922894761771,-0.0048499333398367645,-0.007101922894761771,-0.002908023112626693,0.044444444444444446,0.011111111111111112,0.08888888888888889,0.008077649547092608,0.005003859644658211,0.011767144668812797,0.03636679489735183,0.0014159938797063281,0.08097476792649429,-0.04121672823718859,-0.0859880292696789,-0.005801719238420014,-0.2719859590064194,0.18955250253204226,-0.08777492381260356,-0.006441223832528181,-0.3742532015677795,0.29181974509340236
multihop,3,34,129,90,100,64,0.0,0.0,0.0,0.005342568204727995,0.0032373299741700703,0.007623328370933059,-0.005342568204727995,-0.007623328370933059,-0.0032373299741700703,0.044444444444444446,0.011111111111111112,0.08888888888888889,0.0077555883554662015,0.004832640046428843,0.011194033385219213,0.03668885608897825,0.0017427894980906777,0.08194312255149375,-0.04203142429370624,-0.08745389279801617,-0.006777703907289357,-0.27280065506293705,0.1887378064755246,-0.08998988877654196,-0.007075276394683262,-0.37506789762429715,0.29100504903688473
multihop,3,35,130,90,100,64,0.0,0.0,0.0,0.004691270841020814,0.0027542381867304566,0.006784739276055077,-0.004691270841020814,-0.006784739276055077,-0.0027542381867304566,0.044444444444444446,0.011111111111111112,0.08888888888888889,0.007109097875216131,0.004518329070758739,0.010180521447889852,0.03733534656922831,0.0022354835654068385,0.08275071254978306,-0.04202661741024912,-0.08743020034100596,-0.00660687221748604,-0.27279584817947994,0.1887426133589817,-0.08732366514424854,-0.007003439524477396,-0.37506309074084004,0.29100985592034184
multihop,3,36,131,90,100,64,0.0,0.0,0.0,0.0037131760916927167,0.0019323671497584543,0.005664488017429195,-0.0037131760916927167,-0.005664488017429195,-0.0019323671497584543,0.03333333333333333,0.0,0.07777777777777778,0.008558373237534972,0.005650279435445676,0.011932911458620507,0.02477496009579836,-0.007438462171947878,0.0671142962015724,-0.028488136187491075,-0.07020215507430169,0.003708627224774103,-0.2592573669567219,0.20228109458173976,-0.06967413834892698,0.004230949727018072,-0.361524609518082,0.30454833714309987
multihop,3,37,132,90,100,64,0.0,0.0,0.0,0.0041962678791323295,0.0022591645353793694,0.006294401818698494,-0.0041962678791323295,-0.006294401818698494,-0.0022591645353793694,0.044444444444444446,0.011111111111111112,0.08888888888888889,0.010156768021218145,0.006763285024154591,0.014028606611726816,0.0342876764232263,-0.0005045822676896854,0.07921290376053802,-0.03848394430235862,-0.0833975087619589,-0.003379274415080042,-0.26925317507158947,0.1922852864668722,-0.08518581572667483,-0.002970140118477717,-0.3715204176329496,0.2945525290282323
multihop,3,38,133,90,100,64,0.0,0.0,0.0,0.0024225632281898264,0.0009709197688737331,0.004044709671308137,-0.0024225632281898264,-0.004044709671308137,-0.0009709197688737331,0.1,0.044444444444444446,0.16666666666666666,0.014026238514729557,0.010315430520034101,0.01806858008904044,0.08597376148527042,0.029624715828360335,0.15262391067538122,-0.08839632471346026,-0.15474098939092545,-0.032174386662878,-0.3191655554826911,0.14237290605577058,-0.1518536000107189,-0.032746426986120306,-0.4214327980440512,0.24464014861713068
multihop,3,39,134,90,100,64,0.0,0.0,0.0,0.003230084304253102,0.001610305958132045,0.005167187648006062,-0.003230084304253102,-0.005167187648006062,-0.001610305958132045,0.16666666666666666,0.08888888888888889,0.24444444444444444,0.01532158757222696,0.010822144075021313,0.02016677323103154,0.15134507909443976,0.0785468172776357,0.23059462915600995,-0.15457516339869284,-0.2336317135549872,-0.08147035142559475,-0.38534439416792365,0.076194067370538,-0.24495881294942032,-0.07516976936464428,-0.48761163672928376,0.1784613099318981
multihop,3,40,135,90,100,64,0.0,0.0,0.0,0.00016103059581320451,0.0,0.0004830917874396135,-0.00016103059581320451,-0.0004830917874396135,0.0,0.24444444444444444,0.15555555555555556,0.3333333333333333,0.01729449512878914,0.013242674097542977,0.021647392301069244,0.2271499493156555,0.13923186885973657,0.31816302828002635,-0.2273109799114687,-0.31831503978402964,-0.13940744292886237,-0.45808021068069954,0.003458250857762135,-0.33224246899261517,-0.13538787570238123,-0.5603474532420596,0.10572549341912224
multihop,3,41,136,90,100,64,0.0,0.0,0.0,0.003713176091692716,0.00193710334375296,0.0056550156294401825,-0.003713176091692716,-0.0056550156294401825,-0.00193710334375296,0.28888888888888886,0.19999999999999996,0.3888888888888888,0.02164942550673741,0.016775599128540302,0.026972907556562165,0.26723946338215154,0.17602305148030808,0.3641714823863066,-0.27095263947384424,-0.36741319510715825,-0.17998010091627678,-0.501721870243075,-0.0401834087046134,-0.38860453317794763,-0.1660570550364367,-0.6039891128044352,0.062083833856746706
multihop,3,42,137,90,100,64,0.0,0.0,0.0,0.004362105358402645,0.0025860326104628893,0.00630157679915286,-0.004362105358402645,-0.00630157679915286,-0.0025860326104628893,0.3111111111111111,0.22222222222222215,0.4111111111111111,0.02067369885440657,0.01612437245429573,0.02569175029230092,0.29043741225670466,0.1984764450339946,0.3886475798048688,-0.29479951761510725,-0.3926945197287221,-0.20332853528605907,-0.5255687483843381,-0.06403028684587642,-0.413018902986998,-0.18773002982204443,-0.6278359909456982,0.03823695571548369
multihop,3,43,138,90,100,64,0.0,0.0,0.0,0.007270128471029337,0.004849933339836765,0.009853722295032369,-0.007270128471029337,-0.009853722295032369,-0.004849933339836765,0.2777777777777778,0.18888888888888886,0.36666666666666675,0.018904730397458585,0.014687149645350962,0.02356772545343755,0.2588730473803193,0.16785680417887827,0.35183415032679705,-0.2661431758513485,-0.3581110874301412,-0.17580937667445673,-0.49691240662057934,-0.035373945082117664,-0.38076493170527037,-0.15986771696625238,-0.5991796491819394,0.06689329747924244
multihop,3,44,139,90,100,64,0.05555555555555555,0.011111111111111112,0.1111111111111111,0.0125936812103167,0.009197688737330682,0.016299615166565588,0.04296187434523885,-0.0006655536610779598,0.0975226683434207,0.37777777777777777,0.27777777777777773,0.4777777777777778,0.019392629068355306,0.014694317556859066,0.024576676153192537,0.3583851487094226,0.25852959555730864,0.45981082969636045,-0.3154232743641835,-0.4262100710570479,-0.20399012503552147,-0.5461925051334143,-0.08465404359495265,-0.4382592796154608,-0.1980138071589072,-0.6484597476947744,0.01761319896640745
multihop,3,45,140,90,100,64,0.05555555555555555,0.011111111111111112,0.1111111111111111,0.014987685895614276,0.010805626598465477,0.01965046888320545,0.040567869659941275,-0.002259164535379371,0.09435451596097376,0.34444444444444444,0.2444444444444444,0.4444444444444444,0.019714690259981717,0.015167661267405513,0.024744877311368693,0.3247297541844629,0.22617174764851497,0.42520569573275985,-0.2841618845245214,-0.39280265074881354,-0.17431019278430246,-0.5149311152937522,-0.053392653755290564,-0.4061314091748443,-0.16637304324606472,-0.6171983578551123,0.04887458880606954
multihop,3,46,141,90,100,64,0.07777777777777778,0.03333333333333333,0.13333333333333333,0.018691389599317994,0.01288955195604812,0.025281803542673103,0.05908638817845979,0.009163173723595718,0.11867013592876766,0.4,0.29999999999999993,0.5,0.037752485088057876,0.029374157911776725,0.0466161077957753,0.36224751491194224,0.2627323438929253,0.4637142205285025,-0.3031611267334825,-0.41441901391027247,-0.19127415458937236,-0.5339303575027133,-0.07239189596425166,-0.41973592375249663,-0.18815892598136774,-0.6361976000640734,0.029875346597108443
multihop,3,47,142,90,100,64,0.06666666666666667,0.022222222222222223,0.12222222222222223,0.017729942218433263,0.011778855261911527,0.024339300937766407,0.04893672444823339,0.003680022733731178,0.10385289381453067,0.3111111111111111,0.22222222222222215,0.41111111111111104,0.06900662925780304,0.053976975911858696,0.08443687360299951,0.2421044818533081,0.14637360936154692,0.34342871462522556,-0.1931677574050747,-0.2939379623974473,-0.09995295439540047,-0.42393698817430553,0.037601473364156146,-0.29353444965279146,-0.09804207475609047,-0.5262042307356656,0.13986871592551625
multihop,3,48,143,90,100,64,0.05555555555555555,0.011111111111111112,0.1111111111111111,0.008705124561902056,0.0051529790660225444,0.012891920053045375,0.0468504309936535,0.0037034668940039775,0.10064412238325281,0.2777777777777778,0.18888888888888886,0.3777777777777777,0.06997044473568502,0.05479166755028494,0.08559047173199076,0.20780733304209273,0.1150798570022861,0.308484299516908,-0.16095690204843927,-0.2574360225018697,-0.06912405417499039,-0.3917261328176701,0.06981232872079157,-0.2529172878503193,-0.06983492224884368,-0.4939933753790302,0.17207957128215168
multihop,4,1,144,90,100,64,0.05555555555555555,0.011111111111111112,0.1111111111111111,0.02272662688263711,0.016126740551292984,0.02996589940323955,0.03282892867291844,-0.008539357772094342,0.08451750023680969,0.2111111111111111,0.13333333333333333,0.29999999999999993,0.031138319485267605,0.024052908765351984,0.03841581733277345,0.1799727916258436,0.10054438662046404,0.26484556561466605,-0.1471438629529251,-0.2390782085240181,-0.057293674247404634,-0.3779130937221559,0.08362536781630575,-0.25178787300151784,-0.042693971097805844,-0.48018033628351603,0.18589261037766586
multihop,4,2,145,90,100,64,0.1,0.044444444444444446,0.16666666666666666,0.026920526664772185,0.01981854456758549,0.034642890972814235,0.07307947333522778,0.017021822013829683,0.139278204035237,0.12222222222222222,0.05555555555555556,0.1888888888888889,0.010793786113479205,0.007246376811594205,0.01466325660699062,0.11142843610874299,0.04733435161504216,0.17953976034858388,-0.03834896277351521,-0.12821119873070003,0.052967343942407874,-0.269118193542746,0.19242026799571563,-0.13327208746986408,0.06026969994277382,-0.3713854361041061,0.29468751055707576
multihop,4,3,146,90,100,64,0.1,0.044444444444444446,0.16666666666666666,0.02158994032395567,0.014170692431562,0.02965331059960216,0.07841005967604434,0.022221926210097564,0.14346671639670355,0.08888888888888889,0.03333333333333333,0.15555555555555556,0.006931419910959551,0.004186795491143318,0.010152031827223644,0.08195746897792934,0.027858293075684385,0.14604054182059298,-0.0035474093018850036,-0.08664795870038838,0.0805147058823526,-0.23431664007111583,0.22722182146734585,-0.08679134833628771,0.08316307327741439,-0.33658388263247596,0.3294890640287059
multihop,4,4,147,90,100,64,0.07777777777777778,0.03333333333333333,0.13333333333333333,0.014985317798617028,0.009046130529506488,0.021748839632471328,0.06279245997916075,0.015284645259069819,0.11803542673107892,0.16666666666666666,0.08888888888888889,0.24444444444444444,0.014338827318366961,0.009822866344605474,0.019491806384389503,0.15232783934829974,0.07777067348678603,0.2304278559249786,-0.08953537936913897,-0.18744198162356726,0.007407407407407408,-0.3203046101383698,0.14123385140009187,-0.19317992908625903,0.010689612481821265,-0.4225718526997299,0.24350109396145198
multihop,4,5,148,90,100,64,0.07777777777777778,0.03333333333333333,0.13333333333333333,0.012569858861418962,0.006933788007956807,0.019181585677749358,0.06520791891635883,0.018357487922705317,0.12140759685516718,0.2,0.12222222222222223,0.28888888888888886,0.013536042436298188,0.009363337122288531,0.018208357014303303,0.18646395756370188,0.10851798569669413,0.2716515108458842,-0.121256038647343,-0.21997022118025952,-0.02334943639291466,-0.35202526941657386,0.10951319212188784,-0.2264061947684694,-0.02156056118282338,-0.45429251197793397,0.21178043468324795
multihop,4,6,149,90,100,64,0.08888888888888889,0.03333333333333333,0.15555555555555556,0.013699441129108645,0.007729468599033819,0.02064773373117361,0.07518944775978025,0.02367120157241641,0.1355911954153639,0.1111111111111111,0.05555555555555555,0.17777777777777778,0.011606043383536985,0.007741309084020084,0.015956237567490764,0.09950506772757414,0.04024574926588994,0.16680875248650184,-0.02431561996779387,-0.10919768873733064,0.06040068201193521,-0.2550848507370247,0.20645361080143698,-0.1098925916612031,0.059782608695652176,-0.3573520932983848,0.3087208533627971
multihop,4,7,150,90,100,64,0.1111111111111111,0.05555555555555555,0.17777777777777778,0.013377379937482238,0.007568438003220613,0.020164345931609356,0.09773373117362887,0.041200151558207825,0.16425120772946855,0.07777777777777778,0.03333333333333333,0.13333333333333333,0.008380695273278387,0.005643175144453918,0.011437908496732029,0.06939708250449937,0.021900042625745957,0.12624325092355781,0.028336648669129487,-0.05153245476934733,0.10997679264942693,-0.20243258210010134,0.25910587943836033,-0.0491738493816499,0.10028454442855286,-0.30469982466146145,0.36137312199972044
multihop,4,8,151,90,100,64,0.1111111111111111,0.05555555555555555,0.17777777777777778,0.015470777683053896,0.009017713365539453,0.023027375201288246,0.09564033342805724,0.039911906791702194,0.16069669413659182,0.05555555555555555,0.011111111111111112,0.1111111111111111,0.004186795491143319,0.002415458937198068,0.0061191626409017735,0.05136876006441224,0.007890499194847021,0.10531400966183573,0.04427157336364498,-0.033494955953395855,0.1256075944870699,-0.18649765740558585,0.2750408041328758,-0.03151481775723433,0.11372683792186941,-0.288764899966946,0.3773080466942359
multihop,4,9,152,90,100,64,0.06666666666666667,0.022222222222222223,0.12222222222222223,0.010800890404470966,0.005969972530074833,0.016276226674244554,0.05586577626219571,0.012214644311831014,0.1098110258596192,0.03333333333333333,0.0,0.07777777777777778,0.004350194183953776,0.002415458937198068,0.006765653121151842,0.028983139149379555,-0.004189163588140571,0.07294449180638439,0.026882637112816146,-0.03655394524959742,0.09160746424173535,-0.2038865936564147,0.25765186788204697,-0.038456704086149596,0.08710462945798006,-0.3061538362177748,0.3599191104434071
multihop,4,10,153,90,100,64,0.05555555555555555,0.011111111111111112,0.1111111111111111,0.009995737425404943,0.00531400966183575,0.015333428057213223,0.0455598181301506,0.003864734299516908,0.09691703372170123,0.02592592592592592,0.0,0.06296296296296296,0.0030666856114426443,0.0016126740551292982,0.004833285971393389,0.022859240314483283,-0.002908023112626693,0.058927784882068776,0.02270057781566733,-0.03204041157525813,0.08036143080420574,-0.2080686529535635,0.25346980858489815,-0.033396472437008363,0.07723482366200622,-0.31033589551492363,0.35573705114625825
multihop,4,11,154,90,100,64,0.07777777777777778,0.03333333333333333,0.13333333333333333,0.009351615042152124,0.004681727763569196,0.014677465188974139,0.06842616273562566,0.021033259922326426,0.12510922847399827,0.022222222222222223,0.0,0.05555555555555556,0.0038671023965141616,0.0020933977455716585,0.005962868239083073,0.01835511982570806,-0.004833285971393389,0.052493606138107426,0.0500710429099176,-0.009695344321303397,0.11481718291181207,-0.18069818785931324,0.28084027367914843,-0.010185074587248499,0.11170438257023158,-0.28296543042067335,0.38310751624050854
multihop,4,12,155,90,100,64,0.07777777777777778,0.03333333333333333,0.13333333333333333,0.01048119730984181,0.005155347163019798,0.01676381784597897,0.06729658046793596,0.01895134744719144,0.12351046698872786,0.03333333333333333,0.0,0.07777777777777778,0.002737520128824477,0.0014492753623188406,0.004347826086956522,0.03059581320450885,-0.002415458937198068,0.07471819645732689,0.036700767263427116,-0.02803116415648385,0.10305721322345364,-0.19406846350580373,0.267469998032658,-0.02950987124981659,0.09933168697376345,-0.2963357060671638,0.3697372405940181
multihop,4,13,156,90,100,64,0.07777777777777778,0.03333333333333333,0.13333333333333333,0.009351615042152124,0.004693568248555461,0.014826655299801083,0.06842616273562564,0.01991729421237095,0.12478687127024723,0.022222222222222223,0.0,0.05555555555555556,0.002900918821634934,0.001610305958132045,0.00435493037794828,0.019321303400587284,-0.0035474093018850058,0.05313772852136025,0.04910485933503836,-0.011128635028890778,0.11366865586814436,-0.18166437143419248,0.2798740901042692,-0.013794515536265145,0.1082894389639913,-0.28393161399555256,0.38214133266562933
multihop,4,14,157,90,100,64,0.08888888888888889,0.03333333333333333,0.15555555555555556,0.007099554797764517,0.0035426731078904996,0.01131476745287487,0.08178933409112438,0.028649237472766893,0.14489911906791703,0.06666666666666667,0.022222222222222223,0.12222222222222223,0.003384010609074548,0.0017760727479397556,0.005155347163019798,0.06328265605759212,0.01851851851851852,0.11883353462157807,0.018506678033532252,-0.055716586151368756,0.09336252012882446,-0.21226255273569858,0.2492759088027631,-0.05625017374624708,0.08975771187345785,-0.3145297952970587,0.3515431513641232
multihop,4,15,158,90,100,64,0.06666666666666667,0.022222222222222223,0.12222222222222223,0.005972340627072085,0.003059581320450886,0.009368191721132898,0.06069432603959457,0.016074642417353416,0.11592782040352374,0.1,0.044444444444444446,0.16666666666666666,0.0057994695462726155,0.003061949417448139,0.009342142654163117,0.09420053045372738,0.03800085251491901,0.1605451359287676,-0.0335062044141328,-0.11867487212276218,0.0520037652742256,-0.26427543518336366,0.19726302635509804,-0.11114695225916454,0.04510249399776716,-0.36654267774472377,0.2995302689164581
multihop,4,16,159,90,100,64,0.08888888888888889,0.03333333333333333,0.15555555555555553,0.007258217296580467,0.004025764895330112,0.010973761485270437,0.08163067159230843,0.02768542199488491,0.1452299422184329,0.16666666666666666,0.08888888888888889,0.24444444444444444,0.0059724113165346895,0.003715685567615178,0.008402084137425969,0.16069425535013201,0.08469018222329672,0.23879178189049072,-0.07906358375782356,-0.1703893054265473,0.01146688764192653,-0.3098328145270544,0.15170564701140726,-0.17780978947890333,0.009603019906859413,-0.4121000570884145,0.25397288957276737
multihop,4,17,160,90,100,64,0.16666666666666666,0.08888888888888889,0.24444444444444444,0.009676044330775789,0.005475040257648953,0.014549587951122477,0.1569906223358909,0.08452685421994886,0.23365870986075565,0.24444444444444444,0.15555555555555556,0.3333333333333333,0.00825303010381454,0.0054868807426352185,0.011338872559623027,0.23619141434062996,0.14892680848386655,0.32524613452346113,-0.07920079200473902,-0.17052684237946383,0.011656216996857122,-0.30997002277396984,0.15156843876449183,-0.17696059896550903,0.008041212566885165,-0.41223726533532995,0.25383568132585194
multihop,4,18,161,90,100,64,0.18888888888888888,0.11111111111111112,0.2666666666666667,0.010483565406839064,0.005974708724069338,0.015525243913990718,0.17840532348204985,0.10336506583309654,0.2581320450885668,0.25555555555555554,0.16666666666666666,0.34444444444444444,0.007760395238923312,0.005311056609535446,0.01036558822822517,0.2477951603166323,0.160360365160557,0.3365372307261646,-0.06938983683458244,-0.17341894003978403,0.03613368579099382,-0.3001590676038133,0.1613793939346484,-0.18993607457789954,0.04332809537822723,-0.4024263101651734,0.2636466364960085
multihop,4,19,162,90,100,64,0.18888888888888888,0.11111111111111112,0.2777777777777777,0.008873259448707019,0.005008525149190111,0.013221085535663542,0.1800156294401819,0.10481434119541538,0.26271904897224585,0.3111111111111111,0.22222222222222213,0.4111111111111111,0.008080088333552468,0.00564568462037638,0.01065643648763853,0.3030310227775587,0.21235135949974476,0.4017602983943592,-0.12301539333737684,-0.23250935398313918,-0.013353320778884804,-0.35378462410660766,0.107753837431854,-0.246347418143509,-0.0030403116179083737,-0.45605186666796776,0.21002107999321412
multihop,4,20,163,90,100,64,0.26666666666666666,0.17777777777777776,0.35555555555555557,0.01354314672728995,0.008051529790660225,0.02014540115563133,0.2531235199393768,0.1677773041583783,0.34251403097470856,0.3333333333333333,0.23333333333333334,0.4333333333333333,0.007267760374032083,0.005013332032647222,0.009550605879383983,0.3260655729593014,0.22832442999551827,0.4252556166312512,-0.07294205301992454,-0.18340199842645255,0.03865231599886327,-0.30371128378915535,0.1578271777493063,-0.1965784568802263,0.04462483156657633,-0.40597852635051546,0.26009442031066643
multihop,4,21,164,90,100,64,0.26666666666666666,0.17777777777777776,0.35555555555555557,0.012427843731046391,0.007904778466293144,0.017592722484480128,0.25423882293562033,0.1676083095109844,0.34442082090966025,0.35555555555555557,0.25555555555555554,0.45555555555555555,0.00872184261980803,0.006311119876604477,0.0112935959588248,0.34683371293574766,0.24845599722331785,0.4468124760539445,-0.09259489000012723,-0.19193436501069527,0.004800206837367587,-0.32336412076935805,0.13817434076910362,-0.21158660586042252,0.01706510856673686,-0.42563136333071816,0.24044158333046373
multihop,4,22,165,90,100,64,0.2777777777777778,0.18888888888888886,0.3666666666666667,0.010012384793848318,0.006135880698807753,0.014379282014197269,0.26776539298392954,0.17970067253954725,0.35762424645032825,0.3111111111111111,0.22222222222222215,0.41111111111111104,0.008882802526158631,0.006306383682609969,0.0114854825050649,0.3022283085849526,0.21254800963214618,0.39983292898960693,-0.03446291560102302,-0.1356149947901866,0.06600371791228568,-0.26523214637025383,0.19630631516820782,-0.1537119135211698,0.07216397326792372,-0.36749938893161394,0.29857355772956795
multihop,4,23,166,90,100,64,0.26666666666666666,0.17777777777777776,0.3555555555555556,0.009685587408227407,0.005818485011713245,0.014054852725573608,0.25698107925843927,0.1698610307018474,0.348797595215171,0.2777777777777778,0.18888888888888886,0.36666666666666675,0.006611726816330397,0.004513592876764233,0.008868523254712515,0.27116605096144747,0.18226407833664865,0.3619961281614092,-0.014184971703008113,-0.12400066483439581,0.09499370333611847,-0.24495420247223895,0.21658425906622272,-0.13234197355267474,0.09600355197573969,-0.34722144503359903,0.31885150162758286
multihop,4,24,167,90,100,64,0.23333333333333334,0.14444444444444446,0.3222222222222222,0.008065738372643743,0.004508856682769727,0.012091503267973858,0.22526759496068963,0.13977384673676235,0.3136595386947049,0.17777777777777778,0.1,0.2555555555555556,0.005160083357014305,0.003386378706071801,0.0070948186037700115,0.17261769442076347,0.09499851993937672,0.252171544946481,0.05264990053992614,-0.05683444633892204,0.16104071942786752,-0.1781193302293047,0.28341913130915697,-0.061505806227207464,0.16557629181313166,-0.2803865727906648,0.3856863738705171
multihop,4,25,168,90,100,64,0.3111111111111111,0.22222222222222215,0.41111111111111104,0.015326394455684067,0.010488372290296175,0.020623758516313005,0.2957847166554271,0.2047431091911853,0.3937155406542166,0.2111111111111111,0.13333333333333333,0.3,0.009848986101037857,0.006938468533999511,0.013067231687541262,0.20126212501007332,0.12247984201612003,0.28998524887639104,0.09452259164535377,-0.004511283982191914,0.19452732783934823,-0.13624663912387708,0.3252918224145846,-0.0032381886100077803,0.197131254178537,-0.23851388168523718,0.4275590649759447
multihop,4,26,169,90,100,64,0.3888888888888889,0.28888888888888886,0.4888888888888889,0.016775669818002905,0.012108288480869311,0.021767547598749645,0.3721132190708861,0.2727548469997272,0.47275976875356096,0.2,0.12222222222222223,0.2888888888888888,0.01421582765343501,0.010836832461732256,0.01775613619880139,0.18578417234656505,0.10751396823781068,0.2712727734939963,0.18632904672432105,0.08647804774083545,0.28745388307821507,-0.04444018404490979,0.4170982774935519,0.08646851713445103,0.2889289831923316,-0.1467074266062699,0.519365520054912
multihop,4,27,170,90,100,64,0.3333333333333333,0.23333333333333334,0.4333333333333333,0.016787580992451773,0.012115135638940844,0.021630339351834175,0.3165457523408817,0.22039338067406644,0.4160627162213939,0.2111111111111111,0.13333333333333333,0.3,0.014684640169428498,0.01080793726027436,0.01889985459177542,0.19642647094168272,0.11672766990565783,0.2835251377030731,0.12011928139919892,0.030269015818887943,0.21092647730373418,-0.11064994937003192,0.35088851216842976,0.02822827850979932,0.21380463310406767,-0.21291719193139202,0.45315575472978986
multihop,4,28,171,90,100,64,0.35555555555555557,0.25555555555555554,0.45555555555555555,0.01742452839525023,0.01276174364042249,0.02242114413722804,0.33813102716030546,0.24071669306918092,0.43747505633950173,0.2,0.12222222222222223,0.28888888888888886,0.015018612535503776,0.011293595958824808,0.019048975780376322,0.18498138746449627,0.10685542962227795,0.27063599221143503,0.1531496396958091,0.05315444481202965,0.2534764388486666,-0.07761959107342173,0.3839188704650399,0.05190640312637806,0.2541199586042505,-0.17988683363478183,0.4861861130264
multihop,4,29,172,90,100,64,0.36666666666666664,0.26666666666666666,0.4666666666666667,0.017263497799437023,0.012742871321143644,0.02214633620049774,0.34940316886722983,0.25134713969227457,0.4490999852965918,0.16666666666666666,0.08888888888888889,0.24444444444444444,0.014213459556437755,0.010504878279814344,0.018097138631932692,0.15245320711022892,0.07821549399917153,0.23039681088023936,0.19694996175700089,0.08744068270469195,0.30580420574026707,-0.03381926901222995,0.4277191925262317,0.08900466817279322,0.29997429987884583,-0.13608651157359006,0.5299864350875918
multihop,4,30,173,90,100,64,0.34444444444444444,0.2555555555555555,0.4444444444444444,0.015492161245491774,0.010985670892482742,0.020349128186857697,0.3289522831989528,0.2364775016647368,0.4291204198529944,0.13333333333333333,0.06666666666666667,0.21111111111111108,0.013569337173184934,0.009839383821161316,0.01778678008084047,0.11976399616014842,0.05389038573825954,0.1941719719108351,0.20918828703880427,0.10805857664646362,0.3116084821699968,-0.02158094373042657,0.4399575178080351,0.10816611218488684,0.3104151184322082,-0.12384818629178668,0.5422247603693953
multihop,4,31,174,90,100,64,0.3333333333333333,0.24444444444444435,0.4333333333333333,0.013394027305925604,0.009351685731614733,0.017912287454458314,0.31993930602740783,0.22749958381578886,0.41931519583101806,0.1111111111111111,0.05555555555555555,0.17777777777777778,0.010332077888477472,0.0069456284929430715,0.014047692766630046,0.10077903322263367,0.04329117943954567,0.16778439872956893,0.21916027280477415,0.11916264090177134,0.3198067632850241,-0.011608957964456684,0.44992950357400496,0.12463434228675746,0.3135387022895331,-0.11387620052581679,0.5521967461353651
multihop,4,32,175,90,100,64,0.3333333333333333,0.24444444444444435,0.4333333333333333,0.012108150636417224,0.008385431467272903,0.0162926487200259,0.32122518269691624,0.22972817250773694,0.4202662827875399,0.08888888888888889,0.03333333333333333,0.15555555555555553,0.008721771930345429,0.005654959961488381,0.012124658393171965,0.08016711695854345,0.025729309371019304,0.1445842160679976,0.2410580657383727,0.14218510230179018,0.34122146443118306,0.010288834969141875,0.4718272965076036,0.14629128317516937,0.3370853921982469,-0.09197840759221823,0.5740945390689637
multihop,4,33,176,90,100,64,0.3,0.21111111111111105,0.39999999999999997,0.008560741334532225,0.005325919069048053,0.012281094173915872,0.2914392586654678,0.20142054097938836,0.38999241060257106,0.1,0.044444444444444446,0.16666666666666666,0.009690323602221907,0.006289606422279057,0.013699699145647143,0.09030967639777808,0.034119344489544325,0.15586583546462063,0.20112958226768968,0.11385336743393012,0.2908298995926869,-0.02963964850154116,0.4318988130369205,0.12035970106379032,0.28543391176550703,-0.13190689106290127,0.5341660555982806
multihop,4,34,177,90,100,64,0.2777777777777778,0.18888888888888886,0.3777777777777777,0.010502651561742295,0.006467272899497964,0.015033152474343253,0.26727512621603555,0.17789381099617005,0.36440116393734623,0.07777777777777778,0.022222222222222223,0.13333333333333333,0.008882802526158631,0.005811380720721486,0.012425406711823095,0.06889497525161913,0.016081687505920244,0.12558497739350985,0.19838015096441627,0.11111099093902468,0.28823522342818436,-0.03238907980481456,0.42914938173364714,0.1168659145065156,0.28411527654540053,-0.13465632236617467,0.5314166242950072
multihop,4,35,178,90,100,64,0.28888888888888886,0.19999999999999996,0.38888888888888884,0.009702234776670775,0.006133312020460358,0.013881962205171905,0.27918665411221816,0.1895066432189719,0.37710628090013104,0.07777777777777778,0.022222222222222223,0.13333333333333333,0.01000764859985381,0.006768021218149096,0.01371601780808942,0.06777012917792395,0.015444664111949486,0.12461149071352529,0.21141652493429414,0.12269820971867013,0.30192650257521675,-0.0193527058349367,0.442185755703525,0.12973153994582526,0.2985748474391084,-0.1216199483962968,0.5444529982648851
multihop,4,36,179,90,100,64,0.23333333333333334,0.14444444444444446,0.3222222222222222,0.0076041008371046164,0.004674623472577437,0.011005019482015889,0.22572923249622873,0.13991137396987782,0.3152672362116669,0.07777777777777778,0.022222222222222223,0.13333333333333333,0.010651770983106629,0.007267831063494691,0.014374421230024926,0.06712600679467115,0.01656701573123301,0.12364055945761392,0.15860322570155755,0.07260809037365036,0.24749703987875343,-0.07216600506767329,0.3893724564707884,0.07280102785760637,0.2494645314354969,-0.1744332476290334,0.4916396990321485
multihop,4,37,180,90,100,64,0.2222222222222222,0.14444444444444443,0.3111111111111111,0.008252959414351935,0.005183905705912043,0.011774237472766881,0.21396926280787032,0.1347208305234272,0.3025315513580153,0.1111111111111111,0.05555555555555555,0.17777777777777778,0.013708984206560264,0.009510277540968082,0.018388414562594813,0.09740212690455086,0.04056519583101827,0.16341762786663444,0.11656713590331942,0.028810197379117483,0.20577097020580534,-0.11420209486591142,0.34733636667255025,0.02945228306152034,0.2095264294659927,-0.21646933742727154,0.44960360923391035
multihop,4,38,181,90,100,64,0.18888888888888888,0.11111111111111112,0.27777777777777773,0.008255327511349188,0.005366547837680029,0.011492516106594054,0.18063356137753978,0.10285104740576742,0.26773739818950143,0.15555555555555556,0.08888888888888889,0.2333333333333333,0.015165363859870854,0.011283982191910583,0.019489497489817178,0.14039019169568476,0.07017618464935907,0.21863908293146372,0.04024336968185503,-0.04945297136087114,0.12913231954040544,-0.1905258610873758,0.2710126004510859,-0.047331935717083454,0.13418344573870186,-0.2927931036487359,0.373279843012446
multihop,4,39,182,90,100,64,0.2222222222222222,0.14444444444444443,0.3111111111111111,0.01325911646654479,0.009699863145200395,0.017133323154050712,0.20896310575567748,0.1277701609881821,0.29867929816673916,0.15555555555555556,0.08888888888888889,0.2333333333333333,0.018397816261121216,0.01375858788608817,0.023245312581734696,0.13715773929443437,0.06806608386739223,0.21541624076265445,0.07180536646124311,-0.014992551981496332,0.15906967188779045,-0.15896386430798773,0.302574597230474,-0.016865736691981912,0.16419080236164768,-0.2612311068693478,0.4048418397918341
multihop,4,40,183,90,100,64,0.18888888888888888,0.11111111111111112,0.27777777777777773,0.010841289432349467,0.00791891635881406,0.014083407733992718,0.1780475994565395,0.09980756914489786,0.2663044070285118,0.24444444444444444,0.15555555555555556,0.3333333333333333,0.01825587182021125,0.014355350096632491,0.022432982854977735,0.22618857262423334,0.13812369754665152,0.3162267042875986,-0.04814097316769378,-0.13526089536687125,0.03173032871307004,-0.2789102039369246,0.18262825760153706,-0.14097281303038073,0.038134376882830084,-0.3811774464982847,0.28489550016289716
multihop,4,41,184,90,100,64,0.3,0.21111111111111105,0.39999999999999997,0.01504480298139877,0.011160789014574755,0.01925556220036504,0.2849551970186014,0.19428277587623125,0.3838760870272109,0.32222222222222224,0.2222222222222222,0.42222222222222217,0.01987572085579491,0.01535468879670983,0.02470872406933787,0.30234650136642754,0.20588320209834599,0.4017216268402234,-0.017391304347826077,-0.08664298569669415,0.05071996068958986,-0.2481605351170569,0.21337792642140477,-0.08830129708581338,0.05217391304347825,-0.35042777767841704,0.31564516898276485
multihop,4,42,185,90,100,64,0.2777777777777778,0.18888888888888886,0.3777777777777777,0.011982853563950631,0.008565689596914549,0.015724446819610386,0.2657949242138273,0.17576928956383184,0.36369470493511413,0.3111111111111111,0.22222222222222215,0.41111111111111104,0.020988655755041226,0.016761390546556787,0.025504828797190515,0.29012245535607,0.1980293589243326,0.3893485957184806,-0.024327531142242745,-0.10999106220107195,0.056190322188432645,-0.25509676191147357,0.2064416996269881,-0.12312061411695911,0.07015336040682138,-0.3573640044728337,0.3087089421883482
multihop,4,43,186,90,100,64,0.28888888888888886,0.19999999999999996,0.38888888888888884,0.016813771438346774,0.01258880363739699,0.021339204800097263,0.2720751174505422,0.18107585297440046,0.37127718716731767,0.3,0.21111111111111105,0.3999999999999999,0.020683241931858193,0.016463010324902907,0.02517761434374023,0.279316758068142,0.18680783882519772,0.37774977503078516,-0.007241640617599696,-0.06392914653784221,0.049116759022449545,-0.23801087138683052,0.22352759015163115,-0.06502199930109137,0.05147948084781137,-0.34027811394819063,0.32579483271299126
multihop,4,44,187,90,100,64,0.36666666666666664,0.26666666666666666,0.4666666666666667,0.025026331824820208,0.0181353339158145,0.03246718241698583,0.3416403348418466,0.24279046035098734,0.44245446096457175,0.37777777777777777,0.27777777777777773,0.4777777777777778,0.02148129061993245,0.016167280958096702,0.027184746203622386,0.3562964871578456,0.2572649133559257,0.4572248810296343,-0.014656152315998863,-0.062321267879132336,0.0318879061286347,-0.2454253830852297,0.21611307845323197,-0.0666418789811387,0.033126888936484085,-0.3476926256465898,0.31838032101459207
multihop,4,45,188,90,100,64,0.36666666666666664,0.2666666666666666,0.4666666666666667,0.025343656822452102,0.018916865127332927,0.03239590181375021,0.3413230098442148,0.24227730080062881,0.4418397153547408,0.3,0.21111111111111105,0.3999999999999999,0.020678505737863687,0.015991706888970888,0.02554737236664078,0.2793214942621366,0.1863722724470854,0.3770745254262928,0.062001515582078226,0.00628487022828455,0.12513403429004416,-0.1687677151871526,0.29277074635130906,0.005970049144977684,0.12647415387215366,-0.2710349577485127,0.39503798891266917
multihop,4,46,189,90,100,64,0.3333333333333333,0.2333333333333333,0.4333333333333333,0.06030150469590098,0.04583773375238047,0.0750691873115242,0.2730318286374324,0.17689631905830325,0.37428306040131815,0.36666666666666664,0.26666666666666666,0.4666666666666667,0.043866911534965136,0.03344033067116817,0.05465596145444981,0.32279975513170167,0.22457103955216812,0.4233356280900128,-0.04976792649426921,-0.11239473808847211,0.008844901487164904,-0.28053715726350004,0.18100130427496164,-0.11264822134387352,0.007924131682970185,-0.38280439982486014,0.28326854683632174
multihop,4,47,190,90,100,64,0.3111111111111111,0.22222222222222215,0.4111111111111111,0.0673915871056765,0.051908456439032434,0.08313027608476513,0.24371952400543462,0.14664020936805033,0.34770361746255923,0.3111111111111111,0.22222222222222215,0.4111111111111111,0.06949208914223992,0.05445669934640522,0.08495311874840063,0.24161902196887128,0.14383246809431108,0.3452853760113893,0.002100502036563415,-0.0312233589087809,0.035109406081273074,-0.22866872873266741,0.23286973280579426,-0.028091671451189168,0.0363151757454606,-0.3309359712940275,0.33513697536715437
multihop,4,48,191,90,100,64,0.25555555555555554,0.16666666666666666,0.3444444444444445,0.07013384342849548,0.05510082172965802,0.08547951313339526,0.1854217121270601,0.09527298238135834,0.28319727909189457,0.25555555555555554,0.16666666666666666,0.3444444444444445,0.07013384342849548,0.05510082172965802,0.08547951313339526,0.1854217121270601,0.09527298238135834,0.28319727909189457,0.0,0.0,0.0,-0.23076923076923084,0.23076923076923084,0.0,0.0,-0.33303647333059094,0.33303647333059094
order-ops,1,1,0,51,51,14,0.0,0.0,0.0,0.0,0.0,0.0,0.0,0.0,0.0,0.058823529411764705,0.0,0.13725490196078433,0.06485671191553546,0.049773755656108615,0.0799396681749623,-0.0060331825037707254,-0.06636500754147816,0.0693815987933635,0.0060331825037707254,-0.0693815987933635,0.06636500754147816,-0.22473604826546012,0.23680241327300156,-0.08748710010319918,0.08262286324786311,-0.3270032908268202,0.33906965583436166
order-ops,1,2,1,51,51,14,0.0,0.0,0.0,0.0,0.0,0.0,0.0,0.0,0.0,0.0392156862745098,0.0,0.09803921568627451,0.03469079939668174,0.024132730015082957,0.046757164404223235,0.0045248868778280625,-0.0407239819004525,0.06938159879336349,-0.0045248868778280625,-0.06938159879336349,0.0407239819004525,-0.2352941176470589,0.22624434389140277,-0.0661062963900135,0.039160839160839164,-0.337561360208419,0.3285115864527629
order-ops,1,3,2,51,51,14,0.0,0.0,0.0,0.0,0.0,0.0,0.0,0.0,0.0,0.0,0.0,0.0,0.0,0.0,0.0,0.0,0.0,0.0,0.0,0.0,0.0,-0.23076923076923084,0.23076923076923084,0.0,0.0,-0.33303647333059094,0.33303647333059094
order-ops,1,4,3,51,51,14,0.0,0.0,0.0,0.0,0.0,0.0,0.0,0.0,0.0,0.0,0.0,0.0,0.0,0.0,0.0,0.0,0.0,0.0,0.0,0.0,0.0,-0.23076923076923084,0.23076923076923084,0.0,0.0,-0.33303647333059094,0.33303647333059094
order-ops,1,5,4,51,51,14,0.0,0.0,0.0,0.0,0.0,0.0,0.0,0.0,0.0,0.0392156862745098,0.0,0.09803921568627451,0.028657616892911,0.01809954751131222,0.03921568627450981,0.0105580693815988,-0.03469079939668176,0.07390648567119155,-0.0105580693815988,-0.07390648567119155,0.03469079939668176,-0.24132730015082965,0.22021116138763203,-0.10047095761381475,0.040293040293040296,-0.34359454271218975,0.32247840394899213
order-ops,1,6,5,51,51,14,0.0,0.0,0.0,0.0,0.0,0.0,0.0,0.0,0.0,0.0,0.0,0.0,0.0015082956259426848,0.0,0.004524886877828055,-0.0015082956259426848,-0.004524886877828055,0.0,0.0015082956259426848,0.0,0.004524886877828055,-0.22926093514328816,0.23227752639517352,0.0,0.004709576138147567,-0.33152817770464826,0.3345447689565336
order-ops,1,7,6,51,51,14,0.0,0.0,0.0,0.0,0.0,0.0,0.0,0.0,0.0,0.0,0.0,0.0,0.0,0.0,0.0,0.0,0.0,0.0,0.0,0.0,0.0,-0.23076923076923084,0.23076923076923084,0.0,0.0,-0.33303647333059094,0.33303647333059094
order-ops,1,8,7,51,51,14,0.0,0.0,0.0,0.0,0.0,0.0,0.0,0.0,0.0,0.0,0.0,0.0,0.0,0.0,0.0,0.0,0.0,0.0,0.0,0.0,0.0,-0.23076923076923084,0.23076923076923084,0.0,0.0,-0.33303647333059094,0.33303647333059094
order-ops,1,9,8,51,51,14,0.0,0.0,0.0,0.0,0.0,0.0,0.0,0.0,0.0,0.0,0.0,0.0,0.0,0.0,0.0,0.0,0.0,0.0,0.0,0.0,0.0,-0.23076923076923084,0.23076923076923084,0.0,0.0,-0.33303647333059094,0.33303647333059094
order-ops,1,10,9,51,51,14,0.0,0.0,0.0,0.0,0.0,0.0,0.0,0.0,0.0,0.0,0.0,0.0,0.0,0.0,0.0,0.0,0.0,0.0,0.0,0.0,0.0,-0.23076923076923084,0.23076923076923084,0.0,0.0,-0.33303647333059094,0.33303647333059094
order-ops,1,11,10,51,51,14,0.0,0.0,0.0,0.0,0.0,0.0,0.0,0.0,0.0,0.0,0.0,0.0,0.0,0.0,0.0,0.0,0.0,0.0,0.0,0.0,0.0,-0.23076923076923084,0.23076923076923084,0.0,0.0,-0.33303647333059094,0.33303647333059094
order-ops,1,12,11,51,51,14,0.0,0.0,0.0,0.0,0.0,0.0,0.0,0.0,0.0,0.0,0.0,0.0,0.0,0.0,0.0,0.0,0.0,0.0,0.0,0.0,0.0,-0.23076923076923084,0.23076923076923084,0.0,0.0,-0.33303647333059094,0.33303647333059094
order-ops,1,13,12,51,51,14,0.0,0.0,0.0,0.0,0.0,0.0,0.0,0.0,0.0,0.0,0.0,0.0,0.0,0.0,0.0,0.0,0.0,0.0,0.0,0.0,0.0,-0.23076923076923084,0.23076923076923084,0.0,0.0,-0.33303647333059094,0.33303647333059094
order-ops,1,14,13,51,51,14,0.0,0.0,0.0,0.0,0.0,0.0,0.0,0.0,0.0,0.0,0.0,0.0,0.004524886877828055,0.0,0.010558069381598794,-0.004524886877828055,-0.010558069381598794,0.0,0.004524886877828055,0.0,0.010558069381598794,-0.22624434389140277,0.2352941176470589,0.0,0.010395010395010396,-0.3285115864527629,0.337561360208419
order-ops,1,15,14,51,51,14,0.0,0.0,0.0,0.0,0.0,0.0,0.0,0.0,0.0,0.0,0.0,0.0,0.00904977375565611,0.0030165912518853697,0.016591251885369532,-0.00904977375565611,-0.016591251885369532,-0.0030165912518853697,0.00904977375565611,0.0030165912518853697,0.016591251885369532,-0.22171945701357473,0.23981900452488694,0.0030769230769230774,0.0161009002250562,-0.3239866995749348,0.3420862470862471
order-ops,1,16,15,51,51,14,0.0,0.0,0.0,0.0,0.0,0.0,0.0,0.0,0.0,0.0,0.0,0.0,0.007541478129713424,0.0015082956259426848,0.016591251885369532,-0.007541478129713424,-0.016591251885369532,-0.0015082956259426848,0.007541478129713424,0.0015082956259426848,0.016591251885369532,-0.2232277526395174,0.23831070889894426,0.0018315018315018315,0.01349527665317139,-0.32549499520087755,0.34057795146030434
order-ops,1,17,16,51,51,14,0.0,0.0,0.0,0.0,0.0,0.0,0.0,0.0,0.0,0.0,0.0,0.0,0.004524886877828055,0.0,0.010558069381598794,-0.004524886877828055,-0.010558069381598794,0.0,0.004524886877828055,0.0,0.010558069381598794,-0.22624434389140277,0.2352941176470589,0.0,0.01098901098901099,-0.3285115864527629,0.337561360208419
order-ops,1,18,17,51,51,14,0.0,0.0,0.0,0.0,0.0,0.0,0.0,0.0,0.0,0.0,0.0,0.0,0.024132730015082954,0.013574660633484163,0.03619909502262444,-0.024132730015082954,-0.03619909502262444,-0.013574660633484163,0.024132730015082954,0.013574660633484163,0.03619909502262444,-0.20663650075414788,0.2549019607843138,0.01098901098901099,0.03678929765886288,-0.30890374331550796,0.3571692033456739
order-ops,1,19,18,51,51,14,0.0,0.0,0.0,0.0,0.0,0.0,0.0,0.0,0.0,0.29411764705882354,0.1764705882352941,0.43137254901960775,0.025641025641025637,0.013574660633484163,0.0392156862745098,0.26847662141779793,0.14781297134238314,0.39668174962292607,-0.26847662141779793,-0.39668174962292607,-0.14781297134238314,-0.49924585218702877,-0.037707390648567096,-0.3994601889338731,-0.13062324906335446,-0.6015130947483889,0.06455985191279301
order-ops,1,20,19,51,51,14,0.0,0.0,0.0,0.0,0.0,0.0,0.0,0.0,0.0,0.5294117647058824,0.392156862745098,0.6666666666666666,0.04223227752639517,0.027149321266968326,0.05882352941176472,0.4871794871794873,0.34841628959276016,0.6244343891402715,-0.4871794871794873,-0.6244343891402715,-0.34841628959276016,-0.7179487179487181,-0.25641025641025644,-0.6442307692307695,-0.3376046572475146,-0.8202159605100783,-0.15414301384889634
order-ops,1,21,20,51,51,14,0.0,0.0,0.0,0.0,0.0,0.0,0.0,0.0,0.0,0.3333333333333333,0.21568627450980388,0.4705882352941176,0.02262443438914027,0.012066365007541479,0.03469079939668176,0.3107088989441931,0.1840120663650075,0.4419306184012066,-0.3107088989441931,-0.4419306184012066,-0.1840120663650075,-0.5414781297134239,-0.07993966817496229,-0.4527972027972027,-0.1843700324832401,-0.6437453722747841,0.02232757438639782
order-ops,1,22,21,51,51,14,0.0,0.0,0.0,0.0,0.0,0.0,0.0,0.0,0.0,0.39215686274509803,0.2549019607843137,0.5294117647058822,0.024132730015082954,0.012066365007541479,0.03770739064856712,0.36802413273001516,0.2368024132730015,0.5037707390648567,-0.36802413273001516,-0.5037707390648567,-0.2368024132730015,-0.598793363499246,-0.13725490196078433,-0.5370885145556198,-0.22344322344322348,-0.7010606060606062,-0.03498765939942422
order-ops,1,23,22,51,51,14,0.0,0.0,0.0,0.0,0.0,0.0,0.0,0.0,0.0,0.4117647058823529,0.2745098039215686,0.5490196078431372,0.021116138763197585,0.010558069381598794,0.033182503770739065,0.3906485671191554,0.25791855203619907,0.526395173453997,-0.3906485671191554,-0.526395173453997,-0.25791855203619907,-0.6214177978883862,-0.15987933634992457,-0.5928705440900562,-0.22671791224422827,-0.7236850404497464,-0.05761209378856447
order-ops,1,24,23,51,51,14,0.0,0.0,0.0,0.0,0.0,0.0,0.0,0.0,0.0,0.37254901960784315,0.23529411764705885,0.5098039215686274,0.021116138763197585,0.010558069381598794,0.03318250377073907,0.35143288084464563,0.22469834087481147,0.48265460030165913,-0.35143288084464563,-0.48265460030165913,-0.22469834087481474,-0.5822021116138765,-0.1206636500754148,-0.5218332343332344,-0.21457295235129256,-0.6844693541752366,-0.01839640751405469
order-ops,1,25,24,51,51,14,0.0,0.0,0.0,0.0,0.0,0.0,0.0,0.0,0.0,0.5490196078431373,0.41176470588235287,0.6862745098039216,0.09653092006033182,0.06787330316742082,0.12669683257918554,0.45248868778280554,0.31221719457013575,0.5897435897435899,-0.45248868778280554,-0.5897435897435899,-0.31221719457013575,-0.6832579185520364,-0.2217194570135747,-0.661545718432511,-0.3041944593867672,-0.7855251611133964,-0.1194522144522146
order-ops,1,26,25,51,51,14,0.0,0.0,0.0,0.0,0.0,0.0,0.0,0.0,0.0,0.5882352941176471,0.45098039215686264,0.7254901960784313,0.09200603318250378,0.06787330316742082,0.11764705882352944,0.49622926093514347,0.35595776772247356,0.6304675716440424,-0.49622926093514347,-0.6304675716440424,-0.35595776772247356,-0.7269984917043744,-0.26546003016591263,-0.7073170731707318,-0.34065483696631277,-0.8292657342657344,-0.16319278760455252
order-ops,1,27,26,51,51,14,0.0,0.0,0.0,0.0,0.0,0.0,0.0,0.0,0.0,0.5882352941176471,0.45098039215686264,0.7254901960784313,0.07843137254901962,0.055806938159879346,0.10256410256410257,0.5098039215686276,0.3710407239819004,0.6440422322775264,-0.5098039215686276,-0.6440422322775264,-0.3710407239819004,-0.7405731523378585,-0.2790346907993968,-0.7216117216117215,-0.35644546767786217,-0.8428403948992186,-0.1767674482380367
order-ops,1,28,27,51,51,14,0.0,0.0,0.0,0.0,0.0,0.0,0.0,0.0,0.0,0.5098039215686274,0.3725490196078431,0.6470588235294118,0.07390648567119158,0.049773755656108615,0.09954751131221719,0.435897435897436,0.29562594268476616,0.5776772247360484,-0.435897435897436,-0.5776772247360484,-0.29562594268476616,-0.6666666666666669,-0.20512820512820518,-0.6639676113360323,-0.27125506072874495,-0.768933909228027,-0.10286096256684507
order-ops,1,29,28,51,51,14,0.0,0.0,0.0,0.0,0.0,0.0,0.0,0.0,0.0,0.5490196078431373,0.41176470588235287,0.6862745098039216,0.06485671191553546,0.04521116138763201,0.08748114630467572,0.484162895927602,0.3423831070889895,0.6229260935143289,-0.484162895927602,-0.6229260935143289,-0.3423831070889895,-0.7149321266968328,-0.25339366515837114,-0.7151778210288849,-0.3261501831501835,-0.8171993692581929,-0.15112642259701103
order-ops,1,30,29,51,51,14,0.0,0.0,0.0,0.0,0.0,0.0,0.0,0.0,0.0,0.5098039215686274,0.37254901960784303,0.6470588235294118,0.06334841628959278,0.04072398190045249,0.0889894419306184,0.4464555052790348,0.3001508295625942,0.5927601809954752,-0.4464555052790348,-0.5927601809954752,-0.3001508295625942,-0.6772247360482657,-0.215686274509804,-0.7097902097902096,-0.2652116442081092,-0.7794919786096257,-0.11341903194844388
order-ops,1,31,30,51,51,14,0.0,0.0,0.0,0.0,0.0,0.0,0.0,0.0,0.0,0.5098039215686274,0.37254901960784303,0.6470588235294118,0.04374057315233786,0.027149321266968326,0.06334841628959277,0.46606334841628977,0.3212669683257918,0.6108597285067873,-0.46606334841628977,-0.6108597285067873,-0.3212669683257918,-0.6968325791855206,-0.23529411764705893,-0.7221371882086168,-0.2884615384615385,-0.7990998217468808,-0.13302687508569883
order-ops,1,32,31,51,51,14,0.0,0.0,0.0,0.0,0.0,0.0,0.0,0.0,0.0,0.39215686274509803,0.2549019607843137,0.5294117647058822,0.03016591251885369,0.016591251885369532,0.046757164404223235,0.36199095022624445,0.2262443438914027,0.5007541478129713,-0.36199095022624445,-0.5007541478129713,-0.2262443438914027,-0.5927601809954752,-0.1312217194570136,-0.5966735966735965,-0.18818628486897723,-0.6950274235568354,-0.028954476895653503
order-ops,1,33,32,51,51,14,0.0,0.0,0.0,0.0,0.0,0.0,0.0,0.0,0.0,0.49019607843137253,0.3529411764705882,0.6274509803921569,0.04524886877828054,0.02865761689291101,0.06485671191553545,0.4449472096530921,0.29864253393665163,0.5912518853695325,-0.4449472096530921,-0.5912518853695325,-0.29864253393665163,-0.6757164404223229,-0.21417797888386125,-0.7136818910256412,-0.25678693199923536,-0.777983682983683,-0.11191073632250115
order-ops,1,34,33,51,51,14,0.0,0.0,0.0,0.0015082956259426848,0.0,0.004524886877828055,-0.0015082956259426848,-0.004524886877828055,0.0,0.45098039215686275,0.31372549019607837,0.5882352941176471,0.04826546003016591,0.030165912518853706,0.06787330316742082,0.40271493212669696,0.2609351432880844,0.5475113122171945,-0.4042232277526395,-0.5490196078431371,-0.2624434389140271,-0.6349924585218704,-0.1734539969834087,-0.6403326403326404,-0.2393162393162393,-0.7372597010832305,-0.07118675442204858
order-ops,1,35,34,51,51,14,0.0,0.0,0.0,0.0,0.0,0.0,0.0,0.0,0.0,0.3333333333333333,0.21568627450980388,0.4705882352941176,0.02865761689291101,0.015082956259426848,0.04524886877828055,0.30467571644042235,0.17345399698340877,0.44193061840120657,-0.30467571644042235,-0.44193061840120657,-0.17345399698340877,-0.5354449472096532,-0.07390648567119151,-0.5494642857142858,-0.11940064200192152,-0.6377121897710133,0.028360756890168592
order-ops,1,36,35,51,51,14,0.0,0.0,0.0,0.0,0.0,0.0,0.0,0.0,0.0,0.23529411764705882,0.11764705882352941,0.3529411764705882,0.01659125188536953,0.007541478129713424,0.027149321266968326,0.21870286576168932,0.10558069381598792,0.3378582202111614,-0.21870286576168932,-0.3378582202111614,-0.10558069381598792,-0.44947209653092013,0.012066365007541519,-0.4668588043256478,-0.05172359438187594,-0.5517393390922802,0.11433360756890162
order-ops,1,37,36,51,51,14,0.0,0.0,0.0,0.0015082956259426848,0.0,0.004524886877828055,-0.0015082956259426848,-0.004524886877828055,0.0,0.39215686274509803,0.2549019607843137,0.5294117647058822,0.039215686274509796,0.0196078431372549,0.06334841628959276,0.35294117647058826,0.21568627450980393,0.49321266968325783,-0.35444947209653094,-0.4947209653092006,-0.21719457013574656,-0.5852187028657618,-0.1236802413273001,-0.5333387888707039,-0.19564869007803826,-0.6874859454271218,-0.021412998765939995
order-ops,1,38,37,51,51,14,0.0,0.0,0.0,0.0,0.0,0.0,0.0,0.0,0.0,0.49019607843137253,0.3529411764705882,0.6274509803921569,0.08748114630467572,0.05580693815987935,0.12368024132730013,0.40271493212669685,0.2579185520361991,0.5460030165912519,-0.40271493212669685,-0.5460030165912519,-0.2579185520361991,-0.6334841628959277,-0.171945701357466,-0.6439694089694091,-0.23074052812859025,-0.7357514054572878,-0.0696784587961059
order-ops,1,39,38,51,51,14,0.0,0.0,0.0,0.0,0.0,0.0,0.0,0.0,0.0,0.43137254901960786,0.2941176470588235,0.5686274509803921,0.058823529411764705,0.0407239819004525,0.0799396681749623,0.3725490196078432,0.23680241327300153,0.5067873303167421,-0.3725490196078432,-0.5067873303167421,-0.23680241327300153,-0.603318250377074,-0.14177978883861236,-0.5853684594538254,-0.21290979853479872,-0.7055854929384342,-0.03951254627725226
order-ops,1,40,39,51,51,14,0.0,0.0,0.0,0.0,0.0,0.0,0.0,0.0,0.0,0.45098039215686275,0.31372549019607837,0.5882352941176471,0.06938159879336352,0.04977375565610861,0.09200603318250375,0.38159879336349933,0.24434389140271492,0.5188536953242835,-0.38159879336349933,-0.5188536953242835,-0.24434389140271492,-0.6123680241327302,-0.1508295625942685,-0.6028278671135815,-0.20512820512820518,-0.7146352666940903,-0.04856232003290839
order-ops,1,41,40,51,51,14,0.0,0.0,0.0,0.0,0.0,0.0,0.0,0.0,0.0,0.47058823529411764,0.33333333333333326,0.6078431372549019,0.07993966817496233,0.05429864253393667,0.10708898944193063,0.3906485671191554,0.2579185520361991,0.5263951734539969,-0.3906485671191554,-0.5263951734539969,-0.2579185520361991,-0.6214177978883862,-0.15987933634992457,-0.6135957066189622,-0.2124505494505498,-0.7236850404497464,-0.05761209378856447
order-ops,1,42,41,51,51,14,0.0,0.0,0.0,0.0,0.0,0.0,0.0,0.0,0.0,0.5294117647058824,0.392156862745098,0.6666666666666666,0.12669683257918557,0.09502262443438916,0.15837104072398192,0.40271493212669696,0.2654600301659125,0.5400075414781265,-0.40271493212669696,-0.5400075414781298,-0.2654600301659125,-0.6334841628959278,-0.17194570135746612,-0.6282051282051281,-0.22572299285414058,-0.7357514054572879,-0.06967845879610601
order-ops,1,43,42,51,51,14,0.0,0.0,0.0,0.0,0.0,0.0,0.0,0.0,0.0,0.5294117647058824,0.392156862745098,0.6666666666666666,0.1191553544494721,0.08597285067873305,0.15384615384615385,0.41025641025641046,0.2714932126696833,0.5475113122171946,-0.41025641025641046,-0.5475113122171946,-0.2714932126696833,-0.6410256410256413,-0.17948717948717963,-0.6400014513788099,-0.23076923076923078,-0.7432928835870014,-0.07721993692581952
order-ops,1,44,43,51,51,14,0.0196078431372549,0.0,0.058823529411764705,0.0,0.0,0.0,0.0196078431372549,0.0,0.058823529411764705,0.6078431372549019,0.47058823529411753,0.7450980392156862,0.18853695324283556,0.1493212669683258,0.22926093514328807,0.41930618401206654,0.27752639517345395,0.5565610859728507,-0.3996983408748116,-0.5399698340874811,-0.25641025641025633,-0.6304675716440424,-0.16892911010558076,-0.6205128205128206,-0.23209438549955796,-0.7327348142054025,-0.06666186754422065
order-ops,1,45,44,51,51,14,0.0,0.0,0.0,0.0030165912518853697,0.0,0.007541478129713425,-0.0030165912518853697,-0.007541478129713425,0.0,0.6862745098039216,0.568627450980392,0.8039215686274511,0.2624434389140271,0.21870286576168926,0.3076923076923076,0.4238310708898946,0.277526395173454,0.5656108597285068,-0.42684766214177994,-0.568627450980392,-0.28054298642533937,-0.6576168929110108,-0.1960784313725491,-0.6282111756168359,-0.26720265831487316,-0.7598841354723709,-0.093811188811189
order-ops,1,46,45,51,51,14,0.058823529411764705,0.0,0.13725490196078433,0.0030165912518853697,0.0,0.007541478129713424,0.05580693815987933,-0.0030165912518853697,0.1327300150829563,0.5294117647058824,0.392156862745098,0.6666666666666666,0.25339366515837114,0.20663650075414788,0.30015082956259426,0.2760180995475112,0.1372549019607843,0.41327300150829566,-0.2202111613876319,-0.3604826546003016,-0.08144796380090495,-0.4509803921568627,0.01055806938159895,-0.43454959514170033,-0.01800041868077518,-0.5532476347182228,0.11282531194295906
order-ops,1,47,46,51,51,14,0.0,0.0,0.0,0.0015082956259426848,0.0,0.004524886877828055,-0.0015082956259426848,-0.004524886877828055,0.0,0.5294117647058824,0.392156862745098,0.6666666666666666,0.36048265460030166,0.32428355957767724,0.3951734539969834,0.16892911010558068,0.03016591251885368,0.30618401206636503,-0.17043740573152336,-0.3076923076923077,-0.030165912518853696,-0.40120663650075417,0.06033182503770748,-0.44082840236686394,0.12280756170824075,-0.5034738790621143,0.1625990675990676
order-ops,1,48,47,51,51,14,0.0,0.0,0.0,0.0,0.0,0.0,0.0,0.0,0.0,0.5294117647058824,0.392156862745098,0.6666666666666666,0.38159879336349906,0.34087481146304677,0.4193061840120664,0.14781297134238308,0.007541478129713429,0.28359728506787013,-0.14781297134238308,-0.28359728506787335,-0.007541478129713429,-0.3785822021116139,0.08295625942684776,-0.4324794388001936,0.16483516483516483,-0.480849444672974,0.18522350198820786
order-ops,2,1,48,51,51,14,0.0,0.0,0.0,0.0,0.0,0.0,0.0,0.0,0.0,0.47058823529411764,0.33333333333333326,0.6078431372549019,0.2036199095022625,0.16440422322775267,0.24132730015082962,0.2669683257918551,0.1342383107088989,0.39969834087481154,-0.2669683257918551,-0.39969834087481154,-0.1342383107088989,-0.4977375565610859,-0.03619909502262425,-0.5196640141467728,-0.012143764388346622,-0.600004799122446,0.06606814753873586
order-ops,2,2,49,51,51,14,0.0,0.0,0.0,0.0,0.0,0.0,0.0,0.0,0.0,0.49019607843137253,0.3529411764705882,0.6274509803921569,0.11915535444947213,0.09502262443438916,0.14479638009049775,0.3710407239819006,0.2277526395173454,0.5128205128205129,-0.3710407239819006,-0.5128205128205129,-0.2277526395173454,-0.6018099547511314,-0.14027149321266974,-0.6167133313685036,-0.14328808446455504,-0.7040771973124915,-0.038004250651309635
order-ops,2,3,50,51,51,14,0.0,0.0,0.0,0.0,0.0,0.0,0.0,0.0,0.0,0.27450980392156865,0.1568627450980392,0.3921568627450981,0.019607843137254898,0.010558069381598794,0.030165912518853703,0.2549019607843138,0.13725490196078433,0.38009049773755654,-0.2549019607843138,-0.38009049773755654,-0.13725490196078433,-0.48567119155354466,-0.02413273001508298,-0.4909994843396185,-0.055454382826476,-0.5879384341149048,0.07813451254627712
order-ops,2,4,51,51,51,14,0.0196078431372549,0.0,0.058823529411764705,0.00904977375565611,0.0015082956259426848,0.021116138763197588,0.010558069381598792,-0.01809954751131222,0.05580693815987933,0.2549019607843137,0.13725490196078433,0.37254901960784315,0.0196078431372549,0.00904977375565611,0.031674208144796386,0.23529411764705882,0.1191553544494721,0.3589743589743589,-0.22473604826546004,-0.3438914027149322,-0.11463046757164404,-0.45550527903469085,0.006033182503770801,-0.4582700490998364,-0.04365904365904366,-0.557772521596051,0.1083004250651309
order-ops,2,5,52,51,51,14,0.0196078431372549,0.0,0.058823529411764705,0.013574660633484163,0.0030165912518853697,0.025641025641025644,0.006033182503770739,-0.024132730015082957,0.05279034690799397,0.23529411764705882,0.11764705882352941,0.3529411764705882,0.015082956259426848,0.004524886877828055,0.02865761689291101,0.22021116138763197,0.10558069381598793,0.34238310708898945,-0.21417797888386125,-0.33333333333333326,-0.10558069381598793,-0.4449472096530921,0.016591251885369585,-0.44354148306685126,-0.04665730444418977,-0.5472144522144522,0.11885849444672969
order-ops,2,6,53,51,51,14,0.058823529411764705,0.0,0.13725490196078433,0.01659125188536953,0.006033182503770739,0.0301659125188537,0.04223227752639517,-0.015082956259426848,0.11463046757164404,0.19607843137254902,0.09803921568627451,0.3137254901960784,0.0015082956259426848,0.0,0.004524886877828055,0.19457013574660634,0.09653092006033183,0.31070889894419307,-0.15233785822021118,-0.26244343891402716,-0.05128205128205128,-0.383107088989442,0.07843137254901966,-0.3076923076923077,-0.00978583916083954,-0.4853743315508021,0.18069861511037977
order-ops,2,7,54,51,51,14,0.0392156862745098,0.0,0.09803921568627451,0.007541478129713424,0.0015082956259426848,0.015082956259426848,0.031674208144796386,-0.010558069381598794,0.09351432880844646,0.13725490196078433,0.058823529411764705,0.23529411764705882,0.0015082956259426848,0.0,0.004524886877828055,0.13574660633484165,0.05580693815987934,0.23378582202111614,-0.10407239819004527,-0.1885369532428356,-0.028657616892911013,-0.3348416289592761,0.12669683257918557,-0.260545905707196,-0.005805515239477504,-0.4371088715206362,0.22896407514054568
order-ops,2,8,55,51,51,14,0.0784313725490196,0.0196078431372549,0.1568627450980392,0.024132730015082957,0.00904977375565611,0.04374057315233786,0.05429864253393664,-0.010558069381598796,0.13423831070889894,0.0784313725490196,0.0196078431372549,0.1568627450980392,0.0015082956259426848,0.0,0.004524886877828055,0.07692307692307691,0.016591251885369532,0.1568627450980392,-0.022624434389140274,-0.12971342383107087,0.08295625942684766,-0.25339366515837114,0.20814479638009056,-0.17889087656529518,0.08875739644970415,-0.35566090771973125,0.31041203894145064
order-ops,2,9,56,51,51,14,0.0784313725490196,0.0196078431372549,0.1568627450980392,0.028657616892911006,0.012066365007541479,0.048265460030165915,0.049773755656108594,-0.013574660633484162,0.12669683257918551,0.0196078431372549,0.0,0.058823529411764705,0.0015082956259426848,0.0,0.004524886877828055,0.01809954751131222,-0.004524886877828055,0.058823529411764705,0.031674208144796386,-0.04675716440422323,0.11613876319758672,-0.19909502262443446,0.2624434389140272,-0.041025641025641026,0.09265846333154014,-0.30136226518579456,0.3647106814753873
order-ops,2,10,57,51,51,14,0.13725490196078433,0.058823529411764705,0.23529411764705882,0.04675716440422323,0.02564102564102564,0.0708898944193062,0.09049773755656108,0.01055806938159879,0.18250377073906482,0.0196078431372549,0.0,0.058823529411764705,0.0030165912518853697,0.0,0.007541478129713425,0.016591251885369536,-0.006033182503770739,0.058823529411764705,0.07390648567119155,-0.018099547511312233,0.17194570135746604,-0.15686274509803927,0.3046757164404224,-0.007181422351233674,0.16666666666666666,-0.2591299876593994,0.4069429590017825
order-ops,2,11,58,51,51,14,0.13725490196078433,0.058823529411764705,0.23529411764705882,0.04524886877828054,0.022624434389140274,0.07088989441930618,0.09200603318250376,0.012066365007541473,0.18250377073906487,0.0392156862745098,0.0,0.09803921568627451,0.004524886877828055,0.0,0.010558069381598794,0.03469079939668175,-0.004524886877828055,0.09351432880844646,0.05731523378582202,-0.04524886877828054,0.16138763197586728,-0.17345399698340883,0.2880844645550529,-0.06813311688311689,0.16216329205459631,-0.2757212395447689,0.390351707116413
order-ops,2,12,59,51,51,14,0.13725490196078433,0.058823529411764705,0.23529411764705882,0.06787330316742082,0.042232277526395176,0.09653092006033183,0.0693815987933635,-0.010558069381598794,0.15837104072398192,0.058823529411764705,0.0,0.13725490196078433,0.0015082956259426848,0.0,0.004524886877828055,0.057315233785822026,0.0,0.13273001508295626,0.012066365007541468,-0.09803921568627451,0.12217194570135743,-0.21870286576168937,0.2428355957767723,-0.14945360195360197,0.12692307692307692,-0.32097010832304945,0.34510283833813243
order-ops,2,13,60,51,51,14,0.058823529411764705,0.0,0.13725490196078433,0.030165912518853692,0.013574660633484163,0.04977375565610861,0.028657616892911013,-0.025641025641025647,0.09653092006033182,0.11764705882352941,0.0392156862745098,0.2156862745098039,0.0030165912518853697,0.0,0.007541478129713425,0.11463046757164404,0.03619909502262443,0.21116138763197584,-0.08597285067873302,-0.1975867269984917,0.022624434389140267,-0.31674208144796384,0.14479638009049783,-0.23680340557275542,0.035311455393422383,-0.41900932400932395,0.24706362265185794
order-ops,2,14,61,51,51,14,0.058823529411764705,0.0,0.13725490196078433,0.03167420814479638,0.013574660633484163,0.05429864253393666,0.02714932126696833,-0.02564102564102564,0.09200603318250378,0.0392156862745098,0.0,0.09803921568627451,0.0015082956259426848,0.0,0.004524886877828055,0.03770739064856712,-0.0030165912518853697,0.09803921568627451,-0.0105580693815988,-0.09200603318250378,0.07088989441930618,-0.24132730015082965,0.22021116138763203,-0.07365145935624659,0.060439560439560426,-0.34359454271218975,0.32247840394899213
order-ops,2,15,62,51,51,14,0.0,0.0,0.0,0.00904977375565611,0.0015082956259426848,0.0196078431372549,-0.00904977375565611,-0.0196078431372549,-0.0015082956259426848,0.0,0.0,0.0,0.0015082956259426848,0.0,0.004524886877828055,-0.0015082956259426848,-0.004524886877828055,0.0,-0.007541478129713424,-0.01809954751131222,0.0015082956259426848,-0.23831070889894426,0.2232277526395174,-0.018461538461538463,-2.5907285954645444e-20,-0.34057795146030434,0.32549499520087755
order-ops,2,16,63,51,51,14,0.0392156862745098,0.0,0.09803921568627451,0.013574660633484165,0.0030165912518853697,0.027149321266968326,0.025641025641025637,-0.013574660633484163,0.08144796380090497,0.0,0.0,0.0,0.0015082956259426848,0.0,0.004524886877828055,-0.0015082956259426848,-0.004524886877828055,0.0,0.027149321266968326,-0.012066365007541479,0.08295625942684766,-0.2036199095022625,0.2579185520361992,-0.009615384615384616,0.08090360184280312,-0.3058871520636226,0.3601857945975593
order-ops,2,17,64,51,51,14,0.058823529411764705,0.0,0.13725490196078433,0.012066365007541479,0.0030165912518853697,0.024132730015082957,0.04675716440422323,-0.007541478129713425,0.11613876319758672,0.0,0.0,0.0,0.0,0.0,0.0,0.0,0.0,0.0,0.04675716440422323,-0.007541478129713425,0.11613876319758672,-0.1840120663650076,0.27752639517345407,0.0,0.09660107334525939,-0.2862793089263677,0.37979363773481417
order-ops,2,18,65,51,51,14,0.09803921568627451,0.0196078431372549,0.196078431372549,0.024132730015082957,0.007541478129713424,0.04524886877828054,0.07390648567119155,0.007541478129713423,0.15233785822021118,0.0196078431372549,0.0,0.058823529411764705,0.012066365007541479,0.004524886877828055,0.019607843137254905,0.007541478129713423,-0.01809954751131222,0.05128205128205128,0.0663650075414781,-0.016591251885369536,0.15837104072398187,-0.16440422322775272,0.29713423831070895,-0.030100334448160536,0.13538461538461538,-0.2666714657891128,0.39940148087206906
order-ops,2,19,66,51,51,14,0.0,0.0,0.0,0.0030165912518853697,0.0,0.007541478129713424,-0.0030165912518853697,-0.007541478129713424,0.0,0.13725490196078433,0.058823529411764705,0.23529411764705882,0.02714932126696833,0.012066365007541479,0.04524886877828054,0.11010558069381599,0.024132730015082954,0.20814479638009048,-0.11312217194570136,-0.21116138763197584,-0.027149321266968326,-0.3438914027149322,0.11764705882352948,-0.1806020066889632,-0.02014452938365999,-0.4461586452762923,0.2199143013848896
order-ops,2,20,67,51,51,14,0.09803921568627451,0.0196078431372549,0.196078431372549,0.0030165912518853697,0.0,0.007541478129713424,0.09502262443438914,0.018099547511312215,0.19004524886877827,0.29411764705882354,0.1764705882352941,0.43137254901960775,0.02714932126696833,0.012066365007541479,0.04524886877828055,0.2669683257918552,0.14781297134238308,0.3936651583710407,-0.1719457013574661,-0.306184012066365,-0.04072398190045249,-0.40271493212669696,0.05882352941176475,-0.3044903846153846,-0.038461538461538464,-0.5049821746880571,0.16109077197312485
order-ops,2,21,68,51,51,14,0.11764705882352941,0.0392156862745098,0.21568627450980393,0.0030165912518853697,0.0,0.007541478129713424,0.11463046757164404,0.03619909502262443,0.21116138763197587,0.17647058823529413,0.0784313725490196,0.2941176470588235,0.02111613876319759,0.007541478129713425,0.03619909502262444,0.1553544494720965,0.05429864253393665,0.2669683257918552,-0.04072398190045248,-0.1568627450980392,0.07239819004524888,-0.2714932126696833,0.19004524886877835,-0.1907051282051282,0.09203296703296701,-0.3737604552310434,0.2923124914301385
order-ops,2,22,69,51,51,14,0.11764705882352941,0.0392156862745098,0.21568627450980393,0.004524886877828055,0.0,0.012066365007541479,0.11312217194570136,0.03619909502262443,0.2081447963800905,0.1568627450980392,0.058823529411764705,0.2549019607843137,0.028657616892911013,0.015082956259426848,0.04374057315233786,0.12820512820512822,0.03318250377073906,0.23378582202111614,-0.015082956259426855,-0.1583710407239819,0.12669683257918551,-0.2458521870286577,0.215686274509804,-0.1804733727810651,0.16039396773439316,-0.3481194295900178,0.3179535170711641
order-ops,2,23,70,51,51,14,0.19607843137254902,0.09803921568627451,0.3137254901960784,0.07239819004524888,0.04223227752639518,0.10558069381598796,0.12368024132730017,0.03016591251885369,0.226282051282048,0.17647058823529413,0.0784313725490196,0.27450980392156865,0.039215686274509796,0.02111613876319759,0.05882352941176471,0.13725490196078433,0.039215686274509796,0.24283559577677225,-0.013574660633484158,-0.15384615384615385,0.12971342383107087,-0.244343891402715,0.21719457013574667,-0.21099332040508512,0.16783508158508134,-0.3466111339640751,0.3194618126971068
order-ops,2,24,71,51,51,14,0.17647058823529413,0.0784313725490196,0.2941176470588235,0.048265460030165915,0.025641025641025644,0.07541478129713423,0.1282051282051282,0.034690799396681744,0.23227752639517346,0.13725490196078433,0.058823529411764705,0.23529411764705882,0.04374057315233786,0.02714932126696833,0.0618401206636501,0.09351432880844644,0.006033182503770738,0.19004524886877833,0.03469079939668174,-0.09653092006033184,0.16742081447963802,-0.1960784313725491,0.2654600301659126,-0.1334402120790261,0.18462158808932952,-0.2983456739339092,0.3677272727272727
order-ops,2,25,72,51,51,14,0.27450980392156865,0.1568627450980392,0.39215686274509803,0.06787330316742082,0.0392156862745098,0.0995475113122172,0.2066365007541478,0.09200603318250376,0.32730015082956254,0.23529411764705882,0.11764705882352941,0.3529411764705882,0.110105580693816,0.07993966817496231,0.14177978883861236,0.1251885369532429,0.012066365007541465,0.24736048265460037,0.08144796380090494,-0.036199095022624445,0.20211161387631976,-0.1493212669683259,0.31221719457013575,-0.03846153846153846,0.20512820512820507,-0.25158850952968603,0.41448443713149585
order-ops,2,26,73,51,51,14,0.23529411764705882,0.11764705882352941,0.3529411764705882,0.0784313725490196,0.0497737556561086,0.1085972850678733,0.15686274509803924,0.04374057315233785,0.27903469079939663,0.21568627450980393,0.11764705882352941,0.3333333333333333,0.08898944193061842,0.06787330316742082,0.11161387631975869,0.12669683257918551,0.013574660633484155,0.25037707390648567,0.030165912518853692,-0.09502262443438914,0.15535444947209653,-0.20060331825037714,0.26093514328808454,-0.13030168589174795,0.2,-0.30287056081173724,0.36320238584944464
order-ops,2,27,74,51,51,14,0.3137254901960784,0.196078431372549,0.45098039215686264,0.07541478129713422,0.04524886877828055,0.11010558069381599,0.2383107088989442,0.11312217194570134,0.36953242835595773,0.19607843137254902,0.09803921568627451,0.3137254901960784,0.08446455505279037,0.06334841628959277,0.10708898944193063,0.11161387631975869,0.0030165912518853627,0.22775263951734542,0.12669683257918551,0.00452488687782805,0.25644796380090173,-0.10407239819004532,0.35746606334841635,-0.04615384615384616,0.2850678733031674,-0.20633964075140543,0.45973330590977646
order-ops,2,28,75,51,51,14,0.29411764705882354,0.1764705882352941,0.411764705882353,0.0889894419306184,0.060331825037707405,0.11764705882352945,0.2051282051282051,0.07843137254901959,0.33785822021116135,0.23529411764705882,0.11764705882352941,0.3529411764705882,0.0708898944193062,0.051282051282051294,0.09200603318250378,0.1644042232277527,0.04977375565610859,0.2880844645550529,0.04072398190045249,-0.10708898944193063,0.19004524886877824,-0.19004524886877835,0.27149321266968335,-0.189235935706085,0.23974358974358975,-0.29231249143013843,0.37376045523104345
order-ops,2,29,76,51,51,14,0.27450980392156865,0.1568627450980392,0.3921568627450981,0.08748114630467572,0.0603318250377074,0.11764705882352941,0.18702865761689294,0.07088989441930617,0.3122171945701357,0.17647058823529413,0.0784313725490196,0.2941176470588235,0.061840120663650085,0.04374057315233787,0.081447963800905,0.11463046757164409,0.01055806938159879,0.22775263951734548,0.07239819004524886,-0.05580693815987936,0.20361990950226241,-0.15837104072398198,0.30316742081447967,-0.10121457489878541,0.2292899408284024,-0.2606382832853421,0.4054346633758398
order-ops,2,30,77,51,51,14,0.37254901960784315,0.23529411764705882,0.5098039215686274,0.12669683257918557,0.09200603318250378,0.16289592760180996,0.24585218702865766,0.11613876319758672,0.3770739064856712,0.17647058823529413,0.0784313725490196,0.2941176470588235,0.05731523378582202,0.0392156862745098,0.0784313725490196,0.11915535444947213,0.016591251885369526,0.23378582202111614,0.1266968325791855,-0.013574660633484153,0.2684766214177979,-0.10407239819004535,0.35746606334841635,-0.07513416815742396,0.29027848330914346,-0.20633964075140546,0.45973330590977646
order-ops,2,31,78,51,51,14,0.35294117647058826,0.23529411764705876,0.4901960784313725,0.12217194570135749,0.08748114630467574,0.15686274509803924,0.23076923076923078,0.10407239819004523,0.36048265460030166,0.0784313725490196,0.0196078431372549,0.1568627450980392,0.0497737556561086,0.03318250377073907,0.06787330316742084,0.028657616892911023,-0.0407239819004525,0.11312217194570134,0.20211161387631973,0.061840120663650064,0.34389140271493207,-0.028657616892911103,0.43288084464555054,0.013494433198380559,0.3627873337778996,-0.1309248594542712,0.5351480872069106
order-ops,2,32,79,51,51,14,0.35294117647058826,0.23529411764705876,0.4901960784313725,0.12368024132730017,0.0904977375565611,0.15686274509803927,0.22926093514328807,0.10407239819004524,0.35746606334841635,0.0784313725490196,0.0196078431372549,0.1568627450980392,0.04374057315233786,0.028657616892911016,0.060331825037707405,0.03469079939668175,-0.031674208144796386,0.11613876319758674,0.1945701357466063,0.06033182503770736,0.33182503770739064,-0.03619909502262453,0.42533936651583715,0.012145748987854237,0.34911242603550285,-0.13846633758398463,0.5276066090771973
order-ops,2,33,80,51,51,14,0.35294117647058826,0.23529411764705876,0.4901960784313725,0.0980392156862745,0.06787330316742084,0.12971342383107087,0.2549019607843138,0.13273001508295626,0.3815987933634993,0.11764705882352941,0.0392156862745098,0.21568627450980393,0.06485671191553546,0.04374057315233787,0.08748114630467572,0.05279034690799395,-0.027149321266968333,0.14479638009049778,0.20211161387631973,0.06636500754147812,0.3408748114630467,-0.028657616892911103,0.43288084464555054,0.020317393629210912,0.34370135943084246,-0.1309248594542712,0.5351480872069106
order-ops,2,34,81,51,51,14,0.3333333333333333,0.21568627450980388,0.47058823529411753,0.10256410256410256,0.0693815987933635,0.138763197586727,0.2307692307692308,0.10859728506787329,0.3559577677224737,0.1568627450980392,0.058823529411764705,0.25490196078431376,0.0723981900452489,0.05128205128205129,0.09653092006033183,0.08446455505279031,-0.012066365007541484,0.19306184012066369,0.14630467571644043,0.021116138763197585,0.2714932126696833,-0.08446455505279041,0.3770739064856713,-0.01958190745424789,0.2747293148028439,-0.1867317976141505,0.4793411490470314
order-ops,2,35,82,51,51,14,0.3137254901960784,0.196078431372549,0.45098039215686264,0.11312217194570139,0.08144796380090498,0.1463046757164404,0.20060331825037714,0.07993966817496227,0.3257918552036199,0.11764705882352941,0.0392156862745098,0.21568627450980393,0.05580693815987933,0.03921568627450981,0.07390648567119157,0.06184012066365005,-0.021116138763197588,0.15837104072398195,0.13876319758672695,0.021116138763197557,0.2624811463046725,-0.09200603318250389,0.3695324283559578,-0.004524886877828059,0.25320512820512814,-0.194273275743864,0.4717996709173179
order-ops,2,36,83,51,51,14,0.29411764705882354,0.1764705882352941,0.4313725490196077,0.10105580693815991,0.0708898944193062,0.13273001508295626,0.19306184012066366,0.07239819004524885,0.3212669683257918,0.11764705882352941,0.0392156862745098,0.2156862745098039,0.04374057315233786,0.030165912518853696,0.05882352941176472,0.07390648567119153,-0.009049773755656113,0.16742081447963805,0.11915535444947209,-0.007541478129713435,0.2518853695324284,-0.11161387631975875,0.34992458521870295,-0.047095761381475684,0.2692307692307692,-0.21388111888111885,0.45219182778006306
order-ops,2,37,84,51,51,14,0.29411764705882354,0.1764705882352941,0.4313725490196077,0.06787330316742082,0.04374057315233786,0.09502262443438915,0.22624434389140274,0.1070889894419306,0.3514328808446456,0.17647058823529413,0.0784313725490196,0.2941176470588235,0.06334841628959277,0.04524886877828056,0.08295625942684766,0.11312217194570139,0.010558069381598792,0.2247360482654601,0.11312217194570136,-0.025641025641025644,0.25339366515837103,-0.11764705882352948,0.3438914027149322,-0.08026755852842811,0.2923076923076923,-0.2199143013848896,0.4461586452762923
order-ops,2,38,85,51,51,14,0.2549019607843137,0.13725490196078433,0.37254901960784315,0.061840120663650085,0.037707390648567124,0.09049773755656108,0.19306184012066366,0.08144796380090497,0.31523378582202116,0.21568627450980393,0.11764705882352941,0.3333333333333333,0.10256410256410259,0.07390648567119157,0.13423831070889894,0.11312217194570139,-1.7851732182426588e-17,0.23378582202111617,0.07993966817496229,-0.048265460030165935,0.21417797888386125,-0.15082956259426855,0.3107088989441931,-0.1015384615384615,0.2593926479357395,-0.25309680515562866,0.41297614150555323
order-ops,2,39,86,51,51,14,0.27450980392156865,0.1568627450980392,0.3921568627450981,0.06485671191553546,0.03921568627450981,0.09351432880844646,0.20965309200603321,0.09653092006033183,0.3303167420814479,0.17647058823529413,0.0784313725490196,0.2941176470588235,0.07843137254901962,0.052790346907993974,0.1085972850678733,0.09803921568627452,-0.007541478129713428,0.2171945701357466,0.11161387631975866,-0.01659125188536953,0.2413273001508296,-0.11915535444947217,0.3423831070889895,-0.0451505016722408,0.2591973244147157,-0.22142259701083228,0.4446503496503496
order-ops,2,40,87,51,51,14,0.27450980392156865,0.1568627450980392,0.3921568627450981,0.06033182503770741,0.037707390648567124,0.08597285067873303,0.21417797888386125,0.10256410256410256,0.33484162895927605,0.19607843137254902,0.09803921568627451,0.3137254901960784,0.0874811463046757,0.06184012066365009,0.11613876319758673,0.10859728506787335,-0.001508295625942702,0.23076923076923075,0.10558069381598795,-0.010558069381598794,0.22624434389140274,-0.1251885369532429,0.3363499245852188,-0.03245423446745561,0.2482553904428901,-0.227455779514603,0.4386171671465789
order-ops,2,41,88,51,51,14,0.27450980392156865,0.1568627450980392,0.3921568627450981,0.07239819004524888,0.0497737556561086,0.0980392156862745,0.20211161387631982,0.0904977375565611,0.32126696832579194,0.21568627450980393,0.11764705882352941,0.3333333333333333,0.09803921568627451,0.07239819004524888,0.12669683257918554,0.11764705882352942,0.006033182503770728,0.23831070889894423,0.08446455505279032,-0.042232277526395176,0.21568627450980393,-0.1463046757164405,0.31523378582202116,-0.08322824716267338,0.23886639676113355,-0.24857191827780062,0.41750102838338127
order-ops,2,42,89,51,51,14,0.21568627450980393,0.11764705882352941,0.3333333333333333,0.0497737556561086,0.0301659125188537,0.07239819004524888,0.16591251885369532,0.06334841628959277,0.277526395173454,0.29411764705882354,0.1764705882352941,0.411764705882353,0.14781297134238308,0.11312217194570136,0.18401206636500758,0.14630467571644046,0.019607843137254895,0.27752639517345407,0.019607843137254898,-0.10256410256410256,0.13725490196078433,-0.21116138763197595,0.2503770739064857,-0.09673753665689148,0.15384615384615385,-0.31342863019333606,0.35264431646784583
order-ops,2,43,90,51,51,14,0.19607843137254902,0.09803921568627451,0.3137254901960784,0.04675716440422324,0.02714932126696833,0.0693815987933635,0.14932126696832582,0.049773755656108594,0.2579185520361991,0.29411764705882354,0.1764705882352941,0.43137254901960775,0.13423831070889897,0.10407239819004524,0.16742081447963802,0.15987933634992457,0.03318250377073905,0.2926093514328809,-0.01055806938159879,-0.13574660633484165,0.11312217194570136,-0.24132730015082962,0.22021116138763205,-0.16297262059973927,0.13757591093117397,-0.34359454271218975,0.32247840394899213
order-ops,2,44,91,51,51,14,0.27450980392156865,0.1568627450980392,0.3921568627450981,0.06938159879336352,0.04524886877828055,0.09653092006033183,0.20512820512820518,0.09351432880844646,0.32428355957767724,0.37254901960784315,0.23529411764705882,0.5098039215686274,0.16138763197586728,0.12820512820512822,0.19607843137254904,0.2111613876319759,0.08144796380090494,0.34539969834087486,-0.006033182503770744,-0.138763197586727,0.1282051282051282,-0.23680241327300158,0.2247360482654601,-0.1961612426035503,0.163130978217185,-0.33906965583436166,0.3270032908268202
order-ops,2,45,92,51,51,14,0.27450980392156865,0.1568627450980392,0.3921568627450981,0.052790346907993974,0.03318250377073907,0.07390648567119157,0.22171945701357468,0.10407239819004527,0.3484162895927601,0.39215686274509803,0.2549019607843137,0.5294117647058824,0.2111613876319758,0.167420814479638,0.2579185520361991,0.18099547511312217,0.051282051282051266,0.3152337858220211,0.04072398190045251,-0.08898944193061839,0.1764705882352941,-0.19004524886877833,0.27149321266968335,-0.08484260415041345,0.17265044479330194,-0.29231249143013843,0.37376045523104345
order-ops,2,46,93,51,51,14,0.27450980392156865,0.1568627450980392,0.3921568627450981,0.07390648567119155,0.04826546003016592,0.1010558069381599,0.20060331825037714,0.08597285067873302,0.32281297134237985,0.47058823529411764,0.33333333333333326,0.6078431372549019,0.23680241327300153,0.1975867269984917,0.2775263951734539,0.2337858220211161,0.09954751131221717,0.3680241327300151,-0.03318250377073907,-0.14177978883861236,0.06787330316742084,-0.2639517345399699,0.19758672699849178,-0.16483516483516478,0.09502560133365062,-0.36621897710133,0.2998539695598519
order-ops,2,47,94,51,51,14,0.1568627450980392,0.058823529411764705,0.2549019607843137,0.048265460030165915,0.0301659125188537,0.06787330316742082,0.10859728506787332,0.013574660633484165,0.21568627450980393,0.5882352941176471,0.4509803921568627,0.7254901960784313,0.38763197586726994,0.35897435897435903,0.41478129713423834,0.20060331825037706,0.06485671191553542,0.33484162895927594,-0.09200603318250376,-0.2277526395173454,0.042232277526395176,-0.3227752639517346,0.13876319758672706,-0.2931445787377991,0.10121457489878538,-0.4250425065130947,0.24103044014808717
order-ops,2,48,95,51,51,14,0.11764705882352941,0.0392156862745098,0.21568627450980393,0.04072398190045248,0.02262443438914027,0.061840120663650085,0.07692307692307691,-0.009049773755656108,0.17496229260935142,0.5294117647058824,0.392156862745098,0.6666666666666666,0.42081447963800883,0.38763197586726994,0.4509803921568627,0.10859728506787326,-0.03318250377073907,0.24736048265460034,-0.031674208144796365,-0.16892911010558068,0.10407239819004528,-0.2624434389140272,0.19909502262443446,-0.2573979591836735,0.2059216255442667,-0.3647106814753873,0.30136226518579456
order-ops,3,1,96,51,51,14,0.21568627450980393,0.11764705882352941,0.3333333333333333,0.052790346907993974,0.031674208144796386,0.07692307692307693,0.16289592760181001,0.05731523378582202,0.2790346907993967,0.39215686274509803,0.2549019607843137,0.5294117647058824,0.16138763197586722,0.13122171945701355,0.19306184012066363,0.23076923076923087,0.09954751131221717,0.368024132730015,-0.06787330316742082,-0.18401206636500753,0.03619909502262446,-0.29864253393665163,0.16289592760181001,-0.24332810047095754,0.07692307692307696,-0.40090977649801174,0.26516317016317015
order-ops,3,2,97,51,51,14,0.2549019607843137,0.13725490196078433,0.37254901960784315,0.09200603318250378,0.06184012066365008,0.12669683257918551,0.16289592760180996,0.05279034690799396,0.28054298642533937,0.3137254901960784,0.196078431372549,0.4509803921568627,0.08597285067873302,0.06485671191553546,0.1085972850678733,0.22775263951734545,0.10407239819004524,0.35897435897435903,-0.06485671191553546,-0.18401206636500755,0.04826546003016591,-0.2956259426847663,0.16591251885369537,-0.22884844322344325,0.06490384615384616,-0.3978931852461264,0.2681797614150555
order-ops,3,3,98,51,51,14,0.19607843137254902,0.09803921568627451,0.3137254901960784,0.05580693815987934,0.033182503770739065,0.081447963800905,0.14027149321266968,0.03921568627450979,0.2549019607843137,0.17647058823529413,0.0784313725490196,0.2941176470588235,0.03016591251885369,0.01809954751131222,0.04223227752639518,0.14630467571644043,0.04977375565610859,0.2533936651583711,-0.006033182503770752,-0.12217194570135748,0.11010558069381599,-0.23680241327300158,0.2247360482654601,-0.14442700156985872,0.1307721010332948,-0.3390696558343617,0.32700329082682017
order-ops,3,4,99,51,51,14,0.2549019607843137,0.13725490196078433,0.37254901960784315,0.0799396681749623,0.05279034690799398,0.10859728506787333,0.17496229260935148,0.06184012066365005,0.2986425339366516,0.21568627450980393,0.11764705882352941,0.3333333333333333,0.04223227752639517,0.028657616892911013,0.05731523378582203,0.17345399698340877,0.06636500754147813,0.28959276018099556,0.0015082956259426664,-0.12368024132730017,0.12669683257918551,-0.22926093514328816,0.23227752639517352,-0.18087623822917945,0.1552982304342972,-0.33152817770464826,0.3345447689565336
order-ops,3,5,100,51,51,14,0.2549019607843137,0.13725490196078433,0.37254901960784315,0.06485671191553546,0.03921568627450981,0.09351432880844646,0.19004524886877833,0.07541478129713423,0.31523378582202105,0.23529411764705882,0.11764705882352941,0.3529411764705882,0.039215686274509796,0.024132730015082964,0.05580693815987934,0.19607843137254904,0.08295625942684766,0.3182503770739065,-0.006033182503770747,-0.12217194570135746,0.11312217194570133,-0.23680241327300158,0.2247360482654601,-0.1750278706800446,0.1350437773608504,-0.3390696558343617,0.32700329082682017
order-ops,3,6,101,51,51,14,0.2549019607843137,0.13725490196078433,0.37254901960784315,0.07088989441930618,0.04374057315233786,0.1010558069381599,0.18401206636500758,0.07088989441930615,0.30618401206636503,0.13725490196078433,0.058823529411764705,0.23529411764705882,0.021116138763197585,0.012066365007541479,0.031674208144796386,0.11613876319758674,0.031674208144796386,0.21417797888386128,0.0678733031674208,-0.028657616892911023,0.17194570135746604,-0.16289592760181004,0.29864253393665163,-0.01958041958041961,0.17538701923076902,-0.26516317016317015,0.40090977649801174
order-ops,3,7,102,51,51,14,0.23529411764705882,0.11764705882352941,0.3529411764705882,0.0678733031674208,0.042232277526395176,0.09653092006033184,0.167420814479638,0.0588235294117647,0.28506787330316746,0.058823529411764705,0.0,0.13725490196078433,0.015082956259426846,0.007541478129713424,0.024132730015082957,0.04374057315233785,-0.012066365007541479,0.11613876319758673,0.12368024132730013,0.028657616892911006,0.2277526395173454,-0.10708898944193071,0.354449472096531,0.02248397435897435,0.23076923076923075,-0.20935623200329082,0.4567167146578911
order-ops,3,8,103,51,51,14,0.27450980392156865,0.1568627450980392,0.3921568627450981,0.0693815987933635,0.042232277526395176,0.10105580693815988,0.20512820512820518,0.08748114630467572,0.3288084464555053,0.058823529411764705,0.0,0.13725490196078433,0.012066365007541479,0.004524886877828055,0.019607843137254905,0.04675716440422322,-0.00904977375565611,0.1191553544494721,0.15837104072398192,0.054298642533936646,0.2730015082956259,-0.07239819004524892,0.38914027149321273,0.062499999999999986,0.2554945054945055,-0.17466543260660902,0.49140751405457284
order-ops,3,9,104,51,51,14,0.2549019607843137,0.13725490196078433,0.37254901960784315,0.06938159879336349,0.04374057315233787,0.09803921568627451,0.18552036199095026,0.07390648567119153,0.30618401206636503,0.0392156862745098,0.0,0.09803921568627451,0.010558069381598796,0.004524886877828055,0.01809954751131222,0.028657616892911013,-0.012066365007541479,0.08748114630467572,0.15686274509803919,0.054298642533936646,0.26847662141779793,-0.07390648567119165,0.38763197586727005,0.0604374471682164,0.25801411290322573,-0.17617372823255176,0.48989921842863016
order-ops,3,10,105,51,51,14,0.2549019607843137,0.13725490196078433,0.37254901960784315,0.07239819004524886,0.046757164404223235,0.10105580693815988,0.1825037707390649,0.07239819004524886,0.301659125188537,0.0196078431372549,0.0,0.058823529411764705,0.012066365007541479,0.004524886877828055,0.019607843137254905,0.007541478129713426,-0.016591251885369532,0.048265460030165915,0.17496229260935148,0.06787330316742081,0.28959276018099556,-0.05580693815987936,0.4057315233785823,0.08664622015915119,0.27149321266968324,-0.15807418072123947,0.5079987659399424
order-ops,3,11,106,51,51,14,0.2549019607843137,0.13725490196078433,0.37254901960784315,0.07088989441930618,0.04524886877828054,0.09954751131221722,0.18401206636500758,0.07239819004524883,0.30467571644042235,0.0196078431372549,0.0,0.058823529411764705,0.012066365007541479,0.004524886877828055,0.019607843137254905,0.007541478129713426,-0.016591251885369532,0.048265460030165915,0.17647058823529416,0.06938159879336349,0.2926093514328808,-0.05429864253393668,0.407239819004525,0.08894097222222223,0.27307692307692305,-0.1565658850952968,0.5095070615658851
order-ops,3,12,107,51,51,14,0.2549019607843137,0.13725490196078433,0.37254901960784315,0.07239819004524886,0.048265460030165915,0.09954751131221719,0.1825037707390649,0.07088989441930615,0.30316742081447967,0.0196078431372549,0.0,0.058823529411764705,0.004524886877828055,0.0,0.010558069381598794,0.015082956259426851,-0.006033182503770739,0.05429864253393665,0.16742081447963805,0.060331825037707384,0.28355957767722473,-0.06334841628959278,0.3981900452488689,0.08481262327416174,0.25874125874125875,-0.1656156588509529,0.500457287810229
order-ops,3,13,108,51,51,14,0.2549019607843137,0.13725490196078433,0.37254901960784315,0.061840120663650085,0.0392156862745098,0.08748114630467571,0.19306184012066374,0.08144796380090497,0.3137254901960785,0.058823529411764705,0.0,0.13725490196078433,0.00904977375565611,0.0030165912518853697,0.016591251885369532,0.049773755656108594,-0.006033182503770739,0.12066365007541478,0.14328808446455504,0.028657616892910995,0.2624434389140272,-0.0874811463046758,0.3740573152337859,0.07692307692307693,0.21116138763197587,-0.1897483888660359,0.476324557795146
order-ops,3,14,109,51,51,14,0.2549019607843137,0.13725490196078433,0.37254901960784315,0.06787330316742082,0.04374057315233786,0.09351432880844647,0.18702865761689302,0.07692307692307693,0.30618401206636503,0.0196078431372549,0.0,0.058823529411764705,0.00904977375565611,0.0030165912518853697,0.016591251885369532,0.010558069381598796,-0.015082956259426848,0.054298642533936646,0.17647058823529418,0.07088989441930615,0.2926093514328808,-0.05429864253393665,0.407239819004525,0.08695497336801683,0.2727272727272727,-0.15656588509529676,0.5095070615658851
order-ops,3,15,110,51,51,14,0.23529411764705882,0.11764705882352941,0.3529411764705882,0.07692307692307694,0.049773755656108594,0.10859728506787332,0.15837104072398192,0.05279034690799396,0.27300150829562597,0.0,0.0,0.0,0.004524886877828055,0.0,0.010558069381598794,-0.004524886877828055,-0.010558069381598794,0.0,0.16289592760181001,0.0588235294117647,0.277526395173454,-0.06787330316742082,0.3936651583710409,0.059613833746898263,0.27747252747252743,-0.17014054572878093,0.495932400932401
order-ops,3,16,111,51,51,14,0.27450980392156865,0.1568627450980392,0.3921568627450981,0.0799396681749623,0.052790346907993974,0.11010558069381601,0.19457013574660642,0.07993966817496229,0.3167420814479638,0.0,0.0,0.0,0.004524886877828055,0.0,0.010558069381598794,-0.004524886877828055,-0.010558069381598794,0.0,0.19909502262443446,0.08597285067873302,0.3197586726998492,-0.03167420814479638,0.4298642533936653,0.09079382093316521,0.30769230769230765,-0.13394145070615648,0.5321314959550254
order-ops,3,17,112,51,51,14,0.23529411764705882,0.11764705882352941,0.3529411764705882,0.08295625942684769,0.05279034690799398,0.11764705882352942,0.15233785822021115,0.04675716440422322,0.26696832579185525,0.0196078431372549,0.0,0.058823529411764705,0.0030165912518853697,0.0,0.007541478129713425,0.016591251885369532,-0.006033182503770739,0.058823529411764705,0.13574660633484162,0.036199095022624424,0.244343891402715,-0.09502262443438922,0.36651583710407243,0.04761904761904761,0.22832722832722832,-0.19728986699574932,0.46878307966543253
order-ops,3,18,113,51,51,14,0.21568627450980393,0.11764705882352941,0.3333333333333333,0.08748114630467574,0.05580693815987934,0.12368024132730016,0.1282051282051282,0.025641025641025637,0.23831070889894418,0.0,0.0,0.0,0.010558069381598796,0.004524886877828055,0.01809954751131222,-0.010558069381598796,-0.01809954751131222,-0.004524886877828055,0.13876319758672695,0.03619909502262443,0.24886877828054296,-0.09200603318250389,0.3695324283559578,0.03205128205128205,0.2571765571182548,-0.194273275743864,0.4717996709173179
order-ops,3,19,114,51,51,14,0.19607843137254902,0.09803921568627451,0.3137254901960784,0.07390648567119155,0.04374057315233786,0.110105580693816,0.12217194570135745,0.025641025641025637,0.2277526395173454,0.1568627450980392,0.058823529411764705,0.2549019607843137,0.02714932126696833,0.013574660633484163,0.04223227752639518,0.12971342383107087,0.04223227752639517,0.22926093514328805,-0.0075414781297134265,-0.11463046757164405,0.10105580693815987,-0.23831070889894426,0.2232277526395174,-0.10096153846153845,0.11936694770746463,-0.3405779514603044,0.3254949952008775
order-ops,3,20,115,51,51,14,0.17647058823529413,0.0784313725490196,0.2941176470588235,0.04826546003016592,0.02564102564102564,0.07541478129713423,0.12820512820512822,0.03318250377073906,0.23529411764705882,0.23529411764705882,0.11764705882352941,0.3529411764705882,0.022624434389140274,0.00904977375565611,0.037707390648567124,0.2126696832579185,0.10558069381598792,0.3303167420814479,-0.08446455505279037,-0.20965309200603316,0.04072398190045248,-0.3152337858220212,0.14630467571644046,-0.1964285714285714,0.07051282051282051,-0.4175010283833813,0.24857191827780056
order-ops,3,21,116,51,51,14,0.21568627450980393,0.11764705882352941,0.3333333333333333,0.06334841628959276,0.037707390648567124,0.09351432880844646,0.15233785822021115,0.04675716440422323,0.2639517345399699,0.1568627450980392,0.058823529411764705,0.2549019607843137,0.028657616892911013,0.015082956259426848,0.04524886877828054,0.12820512820512822,0.033182503770739065,0.23378582202111614,0.02413273001508295,-0.08144796380090497,0.12971342383107093,-0.20663650075414788,0.25490196078431376,-0.0849364954075775,0.16722408026755853,-0.308903743315508,0.35716920334567387
order-ops,3,22,117,51,51,14,0.17647058823529413,0.0784313725490196,0.2941176470588235,0.05279034690799396,0.02865761689291102,0.0799396681749623,0.12368024132730011,0.02714932126696831,0.2337858220211161,0.13725490196078433,0.058823529411764705,0.23529411764705882,0.024132730015082957,0.012066365007541479,0.037707390648567124,0.11312217194570136,0.025641025641025644,0.21266968325791855,0.010558069381598789,-0.1191553544494721,0.138763197586727,-0.22021116138763205,0.24132730015082962,-0.14548494983277593,0.16410256410256413,-0.32247840394899213,0.34359454271218975
order-ops,3,23,118,51,51,14,0.19607843137254902,0.09803921568627451,0.3137254901960784,0.07390648567119155,0.04524886877828055,0.10558069381598795,0.12217194570135746,0.02564102564102564,0.22926093514328805,0.11764705882352941,0.0392156862745098,0.21568627450980393,0.02564102564102564,0.013574660633484163,0.03921568627450981,0.09200603318250376,0.010558069381598794,0.1885369532428356,0.030165912518853685,-0.10256410256410256,0.1644042232277526,-0.20060331825037714,0.26093514328808454,-0.13960223537146613,0.19883978193918367,-0.30287056081173724,0.36320238584944464
order-ops,3,24,119,51,51,14,0.17647058823529413,0.0784313725490196,0.2941176470588235,0.03167420814479638,0.013574660633484163,0.05279034690799397,0.14479638009049772,0.05279034690799396,0.24886877828054302,0.0784313725490196,0.0196078431372549,0.1568627450980392,0.03167420814479637,0.019607843137254905,0.04374057315233787,0.04675716440422323,-0.016591251885369536,0.12669683257918551,0.09803921568627451,-0.018137254901960782,0.21719457013574658,-0.13273001508295634,0.32880844645550533,-0.046475290697674414,0.22931785195936133,-0.23499725764431645,0.43107568901686544
order-ops,3,25,120,51,51,14,0.2549019607843137,0.13725490196078433,0.37254901960784315,0.061840120663650085,0.0407239819004525,0.08446455505279037,0.19306184012066374,0.08597285067873303,0.3107088989441931,0.19607843137254902,0.09803921568627451,0.3137254901960784,0.10708898944193063,0.07993966817496233,0.13574660633484165,0.08898944193061845,-0.016591251885369543,0.20361990950226244,0.10407239819004527,-0.03167420814479638,0.24283559577677225,-0.12669683257918557,0.3348416289592761,-0.06695535551918529,0.2582417582417582,-0.22896407514054568,0.4371088715206362
order-ops,3,26,121,51,51,14,0.27450980392156865,0.1568627450980392,0.39215686274509803,0.055806938159879346,0.03619909502262444,0.07696078431372223,0.21870286576168932,0.10859728506787329,0.33484162895927605,0.1568627450980392,0.058823529411764705,0.25490196078431376,0.09351432880844641,0.07239819004524888,0.11613876319758673,0.06334841628959276,-0.03318250377073908,0.17496229260935142,0.1553544494720965,0.02111613876319758,0.2911387631975835,-0.07541478129713433,0.38612368024132737,-0.0437869822485207,0.33538461538461545,-0.17768202385849444,0.4883909228026875
order-ops,3,27,122,51,51,14,0.27450980392156865,0.1568627450980392,0.39215686274509803,0.06033182503770741,0.03921568627450981,0.08446455505279034,0.21417797888386128,0.10558069381598793,0.33031674208144796,0.1568627450980392,0.058823529411764705,0.25490196078431376,0.07993966817496229,0.061840120663650085,0.09954751131221722,0.07692307692307696,-0.019607843137254916,0.18853695324283556,0.13725490196078433,0.0030165912518853692,0.2730015082956259,-0.09351432880844651,0.36802413273001516,-0.05714359964359964,0.31181318681318676,-0.19578157136980662,0.47029137529137527
order-ops,3,28,123,51,51,14,0.23529411764705882,0.11764705882352941,0.3529411764705882,0.06485671191553546,0.0407239819004525,0.09200603318250376,0.17043740573152344,0.07390648567119155,0.27601809954751133,0.11764705882352941,0.0392156862745098,0.21568627450980393,0.058823529411764726,0.04223227752639519,0.07692307692307693,0.0588235294117647,-0.02564102564102565,0.1568627450980392,0.11161387631975869,0.0090497737556561,0.21719457013574658,-0.11915535444947215,0.34238310708898956,-0.03402427490542246,0.2647058823529412,-0.22142259701083225,0.44465034965034966
order-ops,3,29,124,51,51,14,0.2549019607843137,0.13725490196078433,0.37254901960784315,0.048265460030165915,0.028657616892911013,0.0708898944193062,0.20663650075414786,0.10256410256410253,0.3212669683257918,0.0784313725490196,0.0196078431372549,0.1568627450980392,0.049773755656108594,0.03469079939668176,0.06787330316742082,0.028657616892911013,-0.0407239819004525,0.11312217194570139,0.1779788838612368,0.0889894419306184,0.2790346907993967,-0.05279034690799403,0.4087481146304677,0.06947890818858563,0.29538461538461547,-0.15505758946935413,0.5110153571918278
order-ops,3,30,125,51,51,14,0.2549019607843137,0.13725490196078433,0.37254901960784315,0.05128205128205128,0.0301659125188537,0.07541478129713425,0.2036199095022625,0.0995475113122172,0.3167420814479638,0.09803921568627451,0.0196078431372549,0.196078431372549,0.057315233785822026,0.04223227752639517,0.07390648567119157,0.040723981900452476,-0.03770739064856712,0.13423831070889894,0.16289592760180993,0.06184012066365009,0.26998491704374056,-0.0678733031674209,0.39366515837104077,0.04230580693815987,0.2841455171812313,-0.170140545728781,0.4959324009324009
order-ops,3,31,126,51,51,14,0.17647058823529413,0.0784313725490196,0.2941176470588235,0.03619909502262443,0.019607843137254905,0.05429864253393667,0.1402714932126697,0.04977375565610859,0.2413273001508296,0.0784313725490196,0.0196078431372549,0.1568627450980392,0.04223227752639517,0.028657616892911016,0.057315233785822026,0.03619909502262443,-0.031674208144796386,0.12066365007541476,0.10407239819004523,-0.003016591251885361,0.21116138763197587,-0.12669683257918563,0.33484162895927605,-0.054950238440804475,0.2738943074469389,-0.22896407514054573,0.43710887152063616
order-ops,3,32,127,51,51,14,0.1568627450980392,0.058823529411764705,0.2549019607843137,0.03167420814479638,0.01809954751131222,0.04675716440422324,0.12518853695324286,0.03770739064856711,0.22171945701357468,0.0784313725490196,0.0196078431372549,0.1568627450980392,0.03469079939668174,0.024132730015082957,0.046757164404223235,0.04374057315233785,-0.021116138763197595,0.12518853695324283,0.08144796380090494,-0.034690799396681744,0.19758672699849172,-0.1493212669683259,0.31221719457013575,-0.05732466063348415,0.22080046022353692,-0.25158850952968603,0.41448443713149585
order-ops,3,33,128,51,51,14,0.058823529411764705,0.0,0.13725490196078433,0.015082956259426846,0.007541478129713424,0.024132730015082957,0.04374057315233785,-0.012066365007541479,0.11463046757164404,0.09803921568627451,0.0196078431372549,0.196078431372549,0.07239819004524888,0.05731523378582203,0.0889894419306184,0.025641025641025647,-0.05279034690799398,0.11919306184011744,0.01809954751131221,-0.09502262443438915,0.1266968325791855,-0.21266968325791863,0.24886877828054305,-0.11916055546887187,0.12019230769230768,-0.31493692581927873,0.35113602084190315
order-ops,3,34,129,51,51,14,0.058823529411764705,0.0,0.13725490196078433,0.015082956259426846,0.007541478129713424,0.024132730015082957,0.04374057315233785,-0.012066365007541479,0.11463046757164404,0.09803921568627451,0.0196078431372549,0.196078431372549,0.06334841628959276,0.045248868778280556,0.08295625942684769,0.03469079939668175,-0.04374057315233786,0.1282051282051282,0.009049773755656102,-0.10407239819004523,0.11613876319758672,-0.22171945701357473,0.23981900452488694,-0.132569558101473,0.11282051282051281,-0.32398669957493487,0.342086247086247
order-ops,3,35,130,51,51,14,0.058823529411764705,0.0,0.13725490196078433,0.013574660633484163,0.006033182503770739,0.02115384615384287,0.04524886877828053,-0.010558069381598794,0.11613876319758673,0.0784313725490196,0.0196078431372549,0.1568627450980392,0.060331825037707405,0.04374057315233787,0.07843137254901963,0.018099547511312226,-0.05128205128205129,0.10256410256410256,0.027149321266968316,-0.0769230769230769,0.12669683257918554,-0.20361990950226252,0.2579185520361992,-0.0846153846153846,0.12482311320754674,-0.3058871520636226,0.3601857945975593
order-ops,3,36,131,51,51,14,0.0392156862745098,0.0,0.09803921568627451,0.012066365007541479,0.004524886877828055,0.019607843137254905,0.02714932126696833,-0.013574660633484163,0.08597285067873305,0.058823529411764705,0.0,0.13725490196078433,0.051282051282051294,0.03770739064856713,0.06485671191553546,0.007541478129713419,-0.052790346907993974,0.08295625942684766,0.019607843137254895,-0.06938159879336349,0.10558069381598793,-0.21116138763197595,0.2503770739064857,-0.09455436390532546,0.0850815850815851,-0.31342863019333606,0.35264431646784583
order-ops,3,37,132,51,51,14,0.0196078431372549,0.0,0.058823529411764705,0.00904977375565611,0.0030165912518853697,0.016591251885369532,0.010558069381598796,-0.015082956259426848,0.054298642533936646,0.1568627450980392,0.058823529411764705,0.25490196078431376,0.0708898944193062,0.05429864253393665,0.09049773755656108,0.08597285067873307,-0.012066365007541479,0.19457013574660637,-0.07541478129713426,-0.18099547511312217,0.015082956259426853,-0.3061840120663651,0.1553544494720966,-0.2076963993453355,0.012237762237762233,-0.4084512546277252,0.2576216920334567
order-ops,3,38,133,51,51,14,0.0,0.0,0.0,0.007541478129713424,0.0015082956259426848,0.013574660633484165,-0.007541478129713424,-0.013574660633484165,-0.0015082956259426848,0.13725490196078433,0.058823529411764705,0.23529411764705882,0.08748114630467572,0.06636500754147814,0.11010558069381599,0.049773755656108594,-0.04072398190045251,0.15233785822021118,-0.057315233785822026,-0.15987933634992457,0.03322021116138436,-0.2880844645550529,0.1734539969834088,-0.18132417582417582,0.04751400560224068,-0.390351707116413,0.2757212395447689
order-ops,3,39,134,51,51,14,0.0,0.0,0.0,0.007541478129713424,0.0015082956259426848,0.013574660633484165,-0.007541478129713424,-0.013574660633484165,-0.0015082956259426848,0.1568627450980392,0.058823529411764705,0.25490196078431376,0.07993966817496229,0.06184012066365009,0.10105580693815987,0.07692307692307691,-0.019607843137254905,0.18702865761689294,-0.08446455505279034,-0.1930618401206637,0.010558069381598797,-0.31523378582202116,0.1463046757164405,-0.19309345669528039,0.009615384615384616,-0.41750102838338127,0.24857191827780062
order-ops,3,40,135,51,51,14,0.0,0.0,0.0,0.006033182503770739,0.0015082956259426848,0.012066365007541479,-0.006033182503770739,-0.012066365007541479,-0.0015082956259426848,0.1568627450980392,0.058823529411764705,0.25490196078431376,0.08295625942684766,0.06334841628959277,0.10407239819004525,0.07390648567119151,-0.022624434389140278,0.1855203619909502,-0.07993966817496227,-0.19004524886877833,0.016591251885369532,-0.3107088989441931,0.15082956259426855,-0.1801152506030555,3.903209519070114e-18,-0.41297614150555323,0.25309680515562866
order-ops,3,41,136,51,51,14,0.0,0.0,0.0,0.007541478129713424,0.0015082956259426848,0.013574660633484165,-0.007541478129713424,-0.013574660633484165,-0.0015082956259426848,0.3137254901960784,0.196078431372549,0.4509803921568627,0.0889894419306184,0.07085218702865764,0.10859728506787332,0.22473604826546006,0.10105580693815987,0.35897435897435903,-0.23227752639517354,-0.36651583710407243,-0.10859728506787329,-0.46304675716440435,-0.0015082956259427072,-0.3139750130821559,-0.13800904977375564,-0.5653139997257645,0.1007589469354174
order-ops,3,42,137,51,51,14,0.0,0.0,0.0,0.007541478129713424,0.0015082956259426848,0.013574660633484165,-0.007541478129713424,-0.013574660633484165,-0.0015082956259426848,0.37254901960784315,0.23529411764705882,0.5098039215686274,0.15535444947209653,0.12217194570135749,0.19004524886877827,0.21719457013574664,0.08144796380090498,0.35595776772247356,-0.22473604826546004,-0.363499245852187,-0.08898944193061839,-0.45550527903469085,0.006033182503770801,-0.31587707505260704,-0.13595706618962433,-0.557772521596051,0.1083004250651309
order-ops,3,43,138,51,51,14,0.0,0.0,0.0,0.013574660633484163,0.006033182503770739,0.02262443438914027,-0.013574660633484163,-0.02262443438914027,-0.006033182503770739,0.3137254901960784,0.196078431372549,0.4509803921568627,0.1538461538461539,0.11915535444947213,0.18853695324283562,0.15987933634992457,0.028657616892910985,0.297134238310709,-0.1734539969834087,-0.31070889894419307,-0.04374057315233783,-0.4042232277526395,0.05731523378582215,-0.2564102564102564,-0.09890109890109888,-0.5064904703139996,0.15958247634718226
order-ops,3,44,139,51,51,14,0.11764705882352941,0.0392156862745098,0.21568627450980393,0.025641025641025633,0.015082956259426848,0.036199095022624445,0.09200603318250376,0.012066365007541475,0.18702865761689297,0.37254901960784315,0.23529411764705882,0.5098039215686274,0.16138763197586728,0.12820512820512822,0.19607843137254902,0.21116138763197584,0.0784313725490196,0.3469079939668176,-0.11915535444947208,-0.25037707390648567,0.007541478129713448,-0.3499245852187029,0.11161387631975876,-0.21469694795254496,0.0016394509745571166,-0.452191827780063,0.21388111888111888
order-ops,3,45,140,51,51,14,0.13725490196078433,0.058823529411764705,0.23529411764705882,0.034690799396681744,0.02111613876319759,0.04977375565610861,0.10256410256410259,0.015082956259426848,0.2006033182503771,0.45098039215686275,0.31372549019607837,0.5882352941176471,0.19306184012066363,0.15384615384615383,0.23680241327300147,0.2579185520361991,0.12518853695324286,0.3937028657616862,-0.1553544494720965,-0.28054298642533937,-0.03619909502262441,-0.38612368024132737,0.07541478129713433,-0.3398953488372093,-0.011478930135646725,-0.4883909228026875,0.17768202385849444
order-ops,3,46,141,51,51,14,0.19607843137254902,0.09803921568627451,0.3137254901960784,0.05580693815987934,0.036199095022624445,0.07692307692307693,0.14027149321266968,0.04374057315233784,0.24886877828054305,0.49019607843137253,0.3529411764705882,0.6274509803921569,0.2654600301659126,0.22775263951734545,0.30316742081447967,0.22473604826546,0.08898944193061836,0.35897435897435903,-0.0844645550527904,-0.22473604826546004,0.05429864253393668,-0.3152337858220212,0.14630467571644046,-0.27140997182617616,0.12375046451133367,-0.4175010283833813,0.24857191827780056
order-ops,3,47,142,51,51,14,0.13725490196078433,0.058823529411764705,0.23529411764705882,0.049773755656108615,0.031674208144796386,0.07088989441930618,0.08748114630467572,0.01055806938159879,0.17948717948717946,0.5882352941176471,0.45098039215686264,0.7254901960784313,0.4208144796380089,0.3921568627450981,0.4464555052790348,0.16742081447963797,0.02564102564102563,0.3046757164404223,-0.07993966817496227,-0.21870286576168932,0.05882352941176473,-0.3107088989441931,0.15082956259426855,-0.30926216640502346,0.1692307692307692,-0.41297614150555323,0.25309680515562866
order-ops,3,48,143,51,51,14,0.0196078431372549,0.0,0.058823529411764705,0.025641025641025637,0.010558069381598794,0.04374057315233787,-0.006033182503770742,-0.030165912518853696,0.02865761689291101,0.5490196078431373,0.41176470588235287,0.6862745098039216,0.4404223227752638,0.40723981900452494,0.4690799396681751,0.10859728506787328,-0.03619909502262444,0.2518853695324283,-0.11463046757164402,-0.25641025641025633,0.03016591251885369,-0.34539969834087486,0.11613876319758681,-0.3846153846153845,0.18484601285072597,-0.44766694090223497,0.21840600575894692
order-ops,4,1,144,51,51,14,0.23529411764705882,0.11764705882352941,0.35294117647058826,0.0693815987933635,0.04675716440422325,0.09351432880844648,0.1659125188536954,0.060331825037707384,0.28355957767722473,0.3333333333333333,0.21568627450980388,0.4705882352941176,0.12669683257918554,0.10105580693815988,0.1538461538461538,0.20663650075414786,0.08295625942684764,0.3363499245852187,-0.04072398190045249,-0.16892911010558068,0.08597285067873305,-0.27149321266968335,0.19004524886877835,-0.1794871794871795,0.11257035647279551,-0.37376045523104345,0.29231249143013843
order-ops,4,2,145,51,51,14,0.21568627450980393,0.11764705882352941,0.3333333333333333,0.09653092006033183,0.06787330316742082,0.1282051282051282,0.11915535444947213,0.016591251885369532,0.2292609351432881,0.23529411764705882,0.11764705882352941,0.3529411764705882,0.060331825037707405,0.045248868778280556,0.07692307692307693,0.1749622926093515,0.06787330316742081,0.29260935143288086,-0.05580693815987932,-0.15082956259426847,0.036199095022624424,-0.28657616892911014,0.17496229260935153,-0.18935185185185185,0.056133056133056136,-0.38884341149047025,0.27722953517071164
order-ops,4,3,146,51,51,14,0.19607843137254902,0.09803921568627451,0.3137254901960784,0.10407239819004527,0.0784313725490196,0.13273001508295626,0.09200603318250378,-0.00754147812971344,0.20361990950226241,0.17647058823529413,0.0784313725490196,0.2941176470588235,0.030165912518853685,0.019607843137254905,0.042232277526395176,0.14630467571644043,0.049773755656108594,0.25490196078431376,-0.05429864253393664,-0.17797888386123678,0.06938159879336347,-0.28506787330316746,0.1764705882352942,-0.18985270049099837,0.08735652018304034,-0.38733511586452757,0.2787378307966543
order-ops,4,4,147,51,51,14,0.17647058823529413,0.0784313725490196,0.2941176470588235,0.0995475113122172,0.07390648567119157,0.12669683257918554,0.07692307692307691,-0.0211161387631976,0.1870286576168929,0.27450980392156865,0.1568627450980392,0.3921568627450981,0.06938159879336352,0.04374057315233786,0.09954751131221719,0.20512820512820518,0.09049773755656111,0.32730015082956265,-0.12820512820512822,-0.27300150829562586,0.01659125188536951,-0.35897435897435903,0.10256410256410262,-0.3150887573964497,0.0769230769230769,-0.46124160153571914,0.20483134512546272
order-ops,4,5,148,51,51,14,0.13725490196078433,0.058823529411764705,0.23529411764705882,0.07692307692307694,0.05279034690799399,0.10256410256410257,0.06033182503770738,-0.02413273001508298,0.1583710407239819,0.29411764705882354,0.1764705882352941,0.411764705882353,0.09049773755656108,0.061840120663650085,0.12368024132730017,0.2036199095022625,0.08446455505279032,0.3288084464555053,-0.14328808446455507,-0.29713423831070895,0.01809954751131222,-0.37405731523378594,0.08748114630467577,-0.36363932677491995,0.10213306808134298,-0.47632455779514604,0.18974838886603587
order-ops,4,6,149,51,51,14,0.19607843137254902,0.09803921568627451,0.3137254901960784,0.0874811463046757,0.061840120663650085,0.11613876319758673,0.10859728506787328,0.009049773755656099,0.2187028657616893,0.13725490196078433,0.058823529411764705,0.23529411764705882,0.03921568627450979,0.02714932126696833,0.05279034690799398,0.09803921568627455,0.01206636500754147,0.1990950226244344,0.010558069381598782,-0.12368024132730017,0.14177978883861234,-0.22021116138763205,0.24132730015082962,-0.13141025641025642,0.15258562827970545,-0.3224784039489922,0.3435945427121897
order-ops,4,7,150,51,51,14,0.19607843137254902,0.09803921568627451,0.3137254901960784,0.08898944193061838,0.06184012066365009,0.11764705882352944,0.1070889894419306,0.0090497737556561,0.21719457013574656,0.0392156862745098,0.0,0.09803921568627451,0.022624434389140274,0.012066365007541479,0.03469079939668175,0.01659125188536953,-0.028657616892911013,0.07993966817496229,0.0904977375565611,-0.02111613876319759,0.20211161387631976,-0.14027149321266974,0.32126696832579194,-0.03978898256915499,0.21840796703296692,-0.24253873577402985,0.42353421088715204
order-ops,4,8,151,51,51,14,0.19607843137254902,0.09803921568627451,0.3137254901960784,0.09502262443438915,0.06787330316742082,0.12368024132730017,0.10105580693815985,0.0015082956259426775,0.2111613876319759,0.0196078431372549,0.0,0.058823529411764705,0.015082956259426846,0.007541478129713424,0.024132730015082957,0.004524886877828056,-0.019607843137254905,0.04675716440422322,0.0965309200603318,-0.012066365007541493,0.2126696832579186,-0.13423831070889902,0.32730015082956265,-0.026530965286587473,0.2123076923076923,-0.23650555327025913,0.42956739339092276
order-ops,4,9,152,51,51,14,0.13725490196078433,0.058823529411764705,0.23529411764705882,0.07390648567119155,0.04826546003016593,0.1010558069381599,0.06334841628959276,-0.01659125188536955,0.15384615384615383,0.0196078431372549,0.0,0.058823529411764705,0.013574660633484163,0.006033182503770739,0.02262443438914027,0.0060331825037707384,-0.019607843137254905,0.05128205128205128,0.057315233785822026,-0.037707390648567124,0.15686274509803916,-0.1734539969834088,0.2880844645550529,-0.04807692307692307,0.19048017200191078,-0.2757212395447689,0.390351707116413
order-ops,4,10,153,51,51,14,0.13725490196078433,0.058823529411764705,0.23529411764705882,0.06787330316742082,0.04223227752639518,0.09502262443438915,0.06938159879336349,-0.012066365007541494,0.16138763197586725,0.0196078431372549,0.0,0.058823529411764705,0.015082956259426851,0.006033182503770739,0.02564102564102564,0.004524886877828052,-0.022624434389140274,0.049773755656108594,0.06485671191553544,-0.0301659125188537,0.1659125188536953,-0.1659125188536954,0.2956259426847663,-0.04315279286396103,0.2032997557997555,-0.2681797614150555,0.3978931852461264
order-ops,4,11,154,51,51,14,0.1568627450980392,0.058823529411764705,0.2549019607843137,0.0693815987933635,0.04374057315233786,0.09653092006033186,0.08748114630467572,-4.997599661070132e-18,0.1855203619909502,0.0,0.0,0.0,0.012066365007541479,0.004524886877828055,0.019607843137254905,-0.012066365007541479,-0.019607843137254905,-0.004524886877828055,0.09954751131221717,0.013574660633484155,0.196078431372549,-0.13122171945701366,0.330316742081448,0.005268105182488738,0.2157190635451505,-0.23348896201837377,0.4325839846428081
order-ops,4,12,155,51,51,14,0.11764705882352941,0.0392156862745098,0.21568627450980393,0.06485671191553545,0.0407239819004525,0.0904977375565611,0.05279034690799396,-0.022624434389140285,0.14027149321266968,0.0196078431372549,0.0,0.058823529411764705,0.00904977375565611,0.0030165912518853697,0.016591251885369532,0.010558069381598796,-0.015082956259426848,0.054298642533936646,0.04223227752639517,-0.025641025641025647,0.12217194570135745,-0.18853695324283568,0.273001508295626,-0.014652014652014654,0.12228796844181455,-0.29080419580419575,0.37526875085698613
order-ops,4,13,156,51,51,14,0.11764705882352941,0.0392156862745098,0.21568627450980393,0.058823529411764726,0.036199095022624445,0.08295625942684767,0.0588235294117647,-0.015120663650075401,0.1463046757164404,0.0392156862745098,0.0,0.09803921568627451,0.007541478129713424,0.0015082956259426848,0.015082956259426848,0.03167420814479638,-0.010558069381598794,0.09200603318250378,0.02714932126696832,-0.05580693815987934,0.11613876319758672,-0.20361990950226252,0.2579185520361992,-0.05263157894736842,0.12550607287449392,-0.3058871520636226,0.3601857945975593
order-ops,4,14,157,51,51,14,0.058823529411764705,0.0,0.13725490196078433,0.04374057315233786,0.02413273001508296,0.06485671191553545,0.015082956259426846,-0.040723981900452504,0.08597285067873302,0.0196078431372549,0.0,0.058823529411764705,0.010558069381598796,0.004524886877828055,0.01809954751131222,0.00904977375565611,-0.016591251885369532,0.05279034690799397,0.006033182503770736,-0.0693815987933635,0.08597285067873302,-0.2247360482654601,0.23680241327300158,-0.06557377049180328,0.10931174089068826,-0.3270032908268202,0.33906965583436166
order-ops,4,15,158,51,51,14,0.0784313725490196,0.0196078431372549,0.1568627450980392,0.04374057315233787,0.022624434389140274,0.06787330316742081,0.034690799396681744,-0.02714932126696833,0.11010558069381597,0.0196078431372549,0.0,0.058823529411764705,0.00904977375565611,0.0030165912518853697,0.016591251885369532,0.010558069381598796,-0.015082956259426848,0.05429864253393665,0.02413273001508295,-0.05580693815987933,0.10859728506787329,-0.20663650075414788,0.25490196078431376,-0.06095791001451378,0.1519230769230769,-0.308903743315508,0.35716920334567387
order-ops,4,16,159,51,51,14,0.09803921568627451,0.0196078431372549,0.17647058823529413,0.05429864253393666,0.031674208144796386,0.0799396681749623,0.04374057315233786,-0.024132730015082968,0.12368024132730014,0.0,0.0,0.0,0.006033182503770739,0.0015082956259426848,0.012066365007541479,-0.006033182503770739,-0.012066365007541479,-0.0015082956259426848,0.049773755656108594,-0.01813725490196077,0.12971342383107087,-0.18099547511312225,0.2805429864253394,-0.021978021978021983,0.15026833631484793,-0.28326271767448236,0.38281022898669953
order-ops,4,17,160,51,51,14,0.11764705882352941,0.0392156862745098,0.21568627450980393,0.07390648567119158,0.0497737556561086,0.10105580693815987,0.04374057315233785,-0.03318250377073908,0.13273001508295626,0.0196078431372549,0.0,0.058823529411764705,0.00904977375565611,0.0030165912518853697,0.016591251885369532,0.010558069381598796,-0.015082956259426848,0.054298642533936646,0.03318250377073906,-0.036199095022624445,0.11463046757164402,-0.19758672699849178,0.2639517345399699,-0.022979520479520475,0.11312531422825511,-0.2998539695598519,0.36621897710133
order-ops,4,18,161,51,51,14,0.21568627450980393,0.11764705882352941,0.3333333333333333,0.10558069381598795,0.07239819004524888,0.14177978883861236,0.110105580693816,0.013574660633484153,0.2156862745098039,0.0,0.0,0.0,0.015082956259426846,0.006033182503770739,0.025641025641025644,-0.015082956259426846,-0.025641025641025644,-0.006033182503770739,0.12518853695324283,0.02714932126696832,0.2322775263951734,-0.105580693815988,0.3559577677224737,-0.001709401709401707,0.25,-0.2078479363773481,0.4582250102838338
order-ops,4,19,162,51,51,14,0.23529411764705882,0.11764705882352941,0.35294117647058826,0.10407239819004528,0.07239819004524888,0.138763197586727,0.13122171945701358,0.025641025641025633,0.2458521870286576,0.13725490196078433,0.058823529411764705,0.23529411764705882,0.0196078431372549,0.007541478129713424,0.03318250377073907,0.11764705882352941,0.03318250377073906,0.21417797888386125,0.01357466063348415,-0.12066365007541477,0.1478129713423831,-0.2171945701357467,0.24434389140271498,-0.11208791208791209,0.16783216783216784,-0.3194618126971068,0.3466111339640751
order-ops,4,20,163,51,51,14,0.21568627450980393,0.11764705882352941,0.3333333333333333,0.08446455505279032,0.060331825037707405,0.110105580693816,0.13122171945701358,0.028657616892911002,0.2443438914027149,0.23529411764705882,0.11764705882352941,0.3529411764705882,0.01809954751131222,0.007541478129713424,0.0301659125188537,0.2171945701357466,0.10708898944193061,0.334841628959276,-0.08597285067873305,-0.22322775263951733,0.05128205128205129,-0.3167420814479639,0.14479638009049778,-0.22923152337858219,0.043478260869565216,-0.419009324009324,0.24706362265185788
order-ops,4,21,164,51,51,14,0.1568627450980392,0.058823529411764705,0.25490196078431376,0.09200603318250378,0.06485671191553545,0.1206636500754148,0.06485671191553545,-0.025641025641025644,0.167420814479638,0.17647058823529413,0.0784313725490196,0.2941176470588235,0.02714932126696832,0.015082956259426848,0.0407239819004525,0.1493212669683258,0.05128205128205129,0.25791855203619907,-0.08446455505279034,-0.21417797888386125,0.042232277526395176,-0.31523378582202116,0.1463046757164405,-0.21440385855279473,0.02564102564102562,-0.41750102838338127,0.24857191827780062
order-ops,4,22,165,51,51,14,0.2549019607843137,0.13725490196078433,0.37254901960784315,0.10407239819004524,0.07390648567119157,0.13574660633484162,0.1508295625942685,0.04223227752639516,0.26847662141779793,0.23529411764705882,0.11764705882352941,0.3529411764705882,0.028657616892911,0.01809954751131222,0.04072398190045249,0.20663650075414788,0.09653092006033183,0.32579185520362,-0.05580693815987934,-0.18702865761689288,0.07390648567119154,-0.2865761689291102,0.1749622926093515,-0.16804843304843306,0.08112493275954756,-0.3888434114904703,0.2772295351707116
order-ops,4,23,166,51,51,14,0.2549019607843137,0.13725490196078433,0.37254901960784315,0.11161387631975868,0.07843137254901962,0.14781297134238314,0.14328808446455513,0.042232277526395155,0.25188536953242835,0.17647058823529413,0.0784313725490196,0.2941176470588235,0.02262443438914027,0.012066365007541479,0.03469079939668175,0.15384615384615388,0.05731523378582202,0.2609351432880845,-0.010558069381598808,-0.14932126696832582,0.12971342383107085,-0.24132730015082965,0.22021116138763203,-0.12727272727272726,0.09807692307692306,-0.34359454271218975,0.32247840394899213
order-ops,4,24,167,51,51,14,0.19607843137254902,0.09803921568627451,0.3137254901960784,0.09653092006033184,0.06485671191553544,0.13122171945701358,0.0995475113122172,0.004487179487179506,0.20211161387631976,0.09803921568627451,0.0196078431372549,0.196078431372549,0.01659125188536953,0.007541478129713425,0.025641025641025644,0.08144796380090495,0.005995475113122203,0.168966817496226,0.0180995475113122,-0.10859728506787333,0.1447963800904977,-0.21266968325791863,0.24886877828054305,-0.10014733693978976,0.12201735670626211,-0.31493692581927873,0.35113602084190315
order-ops,4,25,168,51,51,14,0.39215686274509803,0.2549019607843137,0.5294117647058824,0.17647058823529413,0.14328808446455504,0.21116138763197587,0.21568627450980393,0.085972850678733,0.3499245852187029,0.27450980392156865,0.1568627450980392,0.39215686274509803,0.08898944193061838,0.06787330316742082,0.11161387631975868,0.18552036199095026,0.07239819004524885,0.30467571644042235,0.030165912518853692,-0.08446455505279035,0.15082956259426847,-0.20060331825037714,0.26093514328808454,-0.10629473467708765,0.151326087391661,-0.30287056081173724,0.36320238584944464
order-ops,4,26,169,51,51,14,0.4117647058823529,0.2745098039215686,0.5490196078431372,0.1855203619909502,0.15535444947209653,0.21568627450980396,0.22624434389140277,0.09049773755656106,0.36500754147812975,0.29411764705882354,0.1764705882352941,0.411764705882353,0.09200603318250376,0.07239819004524888,0.11312217194570136,0.20211161387631985,0.0769230769230769,0.33484162895927605,0.024132730015082957,-0.11613876319758674,0.167420814479638,-0.20663650075414788,0.2549019607843138,-0.1105798545966229,0.1596190828402364,-0.30890374331550796,0.3571692033456739
order-ops,4,27,170,51,51,14,0.4117647058823529,0.2745098039215686,0.5490196078431372,0.1749622926093514,0.1432880844645551,0.20663650075414783,0.23680241327300158,0.10105580693815985,0.3740573152337857,0.27450980392156865,0.1568627450980392,0.3921568627450981,0.08748114630467574,0.0693815987933635,0.10708898944193064,0.18702865761689297,0.06334841628959278,0.3182503770739065,0.04977375565610858,-0.08597285067873306,0.18555806938159553,-0.18099547511312225,0.2805429864253394,-0.11795169946332743,0.16849816849816845,-0.28326271767448236,0.38281022898669953
order-ops,4,28,171,51,51,14,0.47058823529411764,0.33333333333333326,0.6078431372549019,0.18250377073906485,0.14932126696832582,0.2171945701357466,0.2880844645550529,0.14177978883861236,0.4328808446455506,0.2549019607843137,0.13725490196078433,0.37254901960784315,0.06787330316742084,0.049773755656108615,0.08748114630467572,0.18702865761689294,0.06938159879336349,0.31225490196078115,0.10105580693815985,-0.01659125188536956,0.22775263951734537,-0.12971342383107098,0.3318250377073907,-0.015391134289439393,0.21645796064400713,-0.2319806663924311,0.4340922802687508
order-ops,4,29,172,51,51,14,0.45098039215686275,0.31372549019607837,0.5882352941176471,0.17797888386123673,0.14630467571644043,0.21116138763197587,0.27300150829562597,0.13122171945701352,0.41478129713423834,0.21568627450980393,0.11764705882352941,0.3333333333333333,0.06485671191553546,0.04675716440422324,0.08446455505279038,0.15082956259426852,0.04072398190045247,0.27149321266968335,0.12217194570135745,-0.0015082956259426955,0.248868778280543,-0.10859728506787339,0.3529411764705883,0.028340080971659916,0.19591402848330908,-0.2108645276292335,0.4552084190319484
order-ops,4,30,173,51,51,14,0.4117647058823529,0.2745098039215686,0.5490196078431372,0.17647058823529407,0.14479638009049772,0.2096530920060332,0.2352941176470589,0.09351432880844644,0.37707390648567113,0.19607843137254902,0.09803921568627451,0.3137254901960784,0.06334841628959277,0.04524886877828056,0.08295625942684766,0.1327300150829563,0.02413273001508296,0.2503770739064858,0.10256410256410255,-0.034690799396681744,0.24283559577677222,-0.1282051282051283,0.33333333333333337,-0.016726486662859964,0.20710297766749355,-0.2304723707664884,0.4356005758946935
order-ops,4,31,174,51,51,14,0.35294117647058826,0.21568627450980393,0.4901960784313725,0.12217194570135745,0.09200603318250378,0.1553544494720965,0.23076923076923087,0.09653092006033186,0.36651583710407243,0.13725490196078433,0.058823529411764705,0.23529411764705882,0.05128205128205127,0.03770739064856713,0.06636500754147813,0.085972850678733,-0.003016591251885372,0.18853695324283565,0.14479638009049772,0.021116138763197578,0.2745098039215686,-0.08597285067873311,0.37556561085972856,0.020979020979020983,0.23886639676113358,-0.18824009324009322,0.47783285342108867
order-ops,4,32,175,51,51,14,0.3333333333333333,0.19607843137254904,0.47058823529411753,0.12518853695324283,0.09502262443438914,0.15987933634992454,0.2081447963800906,0.07541478129713423,0.34238310708898945,0.09803921568627451,0.0196078431372549,0.196078431372549,0.04223227752639516,0.030165912518853703,0.05429864253393667,0.05580693815987934,-0.01809954751131222,0.1447963800904978,0.15233785822021115,0.027149321266968313,0.28205128205128205,-0.07843137254901969,0.383107088989442,0.03846153846153844,0.25714285714285706,-0.1806986151103798,0.4853743315508021
order-ops,4,33,176,51,51,14,0.11764705882352941,0.0392156862745098,0.21568627450980393,0.07390648567119157,0.046757164404223235,0.10558069381598792,0.043740573152337876,-0.04072398190045249,0.13876319758672698,0.17647058823529413,0.0784313725490196,0.2941176470588235,0.06334841628959276,0.04826546003016592,0.0799396681749623,0.11312217194570136,0.010558069381598794,0.22624434389140274,-0.0693815987933635,-0.1930618401206637,0.049773755656108594,-0.3001508295625943,0.16138763197586733,-0.275802891513078,0.07816534886655156,-0.4024180721239544,0.26365487453722747
order-ops,4,34,177,51,51,14,0.19607843137254902,0.09803921568627451,0.3137254901960784,0.09200603318250379,0.06334841628959277,0.12368024132730016,0.10407239819004528,-0.0015082956259426911,0.22021116138763203,0.1568627450980392,0.058823529411764705,0.25490196078431376,0.06033182503770739,0.045248868778280556,0.07692307692307693,0.0965309200603318,-4.783261231586454e-18,0.2051282051282052,0.007541478129713423,-0.0995475113122172,0.11463046757164401,-0.2232277526395174,0.23831070889894426,-0.14807870370370374,0.1193651403043416,-0.32549499520087755,0.34057795146030434
order-ops,4,35,178,51,51,14,0.19607843137254902,0.09803921568627451,0.3137254901960784,0.09200603318250376,0.06184012066365009,0.12669683257918551,0.10407239819004527,-0.003016591251885384,0.220211161387632,0.17647058823529413,0.0784313725490196,0.2941176470588235,0.0497737556561086,0.03770739064856713,0.061840120663650106,0.12669683257918557,0.02714932126696832,0.23680241327300156,-0.022624434389140274,-0.1463046757164404,0.10105580693815987,-0.25339366515837114,0.20814479638009056,-0.15692307692307686,0.10737179487179485,-0.35566090771973125,0.31041203894145064
order-ops,4,36,179,51,51,14,0.09803921568627451,0.0196078431372549,0.17647058823529413,0.06334841628959277,0.037707390648567124,0.09200603318250376,0.03469079939668176,-0.03770739064856712,0.11915535444947208,0.17647058823529413,0.0784313725490196,0.2941176470588235,0.057315233785822046,0.04374057315233787,0.07239819004524888,0.11915535444947213,0.018099547511312195,0.2337858220211162,-0.08446455505279032,-0.21116138763197587,0.03921568627450981,-0.31523378582202116,0.1463046757164405,-0.2846153846153846,0.07111756168359941,-0.41750102838338127,0.24857191827780062
order-ops,4,37,180,51,51,14,0.09803921568627451,0.0196078431372549,0.17647058823529413,0.0497737556561086,0.025641025641025647,0.07843137254901959,0.04826546003016592,-0.022624434389140278,0.13122171945701358,0.29411764705882354,0.1764705882352941,0.43137254901960775,0.08446455505279037,0.06485671191553546,0.10558069381598795,0.20965309200603324,0.08295625942684769,0.3438914027149321,-0.16138763197586733,-0.2941176470588236,-0.034690799396681744,-0.3921568627450982,0.0693815987933635,-0.33285256410256414,-0.040130434782609005,-0.4944241053064583,0.1716488413547236
order-ops,4,38,181,51,51,14,0.0784313725490196,0.0196078431372549,0.1568627450980392,0.049773755656108594,0.027149321266968326,0.07692307692307693,0.028657616892911023,-0.03619909502262444,0.10558069381598795,0.2549019607843137,0.13725490196078433,0.37254901960784315,0.10105580693815988,0.07541478129713426,0.1282051282051282,0.15384615384615388,0.03167420814479636,0.2850678733031674,-0.12518853695324283,-0.25641025641025644,-0.0030165912518853627,-0.3559577677224737,0.105580693815988,-0.2611896243291592,-0.030764299802761748,-0.4582250102838338,0.2078479363773481
order-ops,4,39,182,51,51,14,0.13725490196078433,0.058823529411764705,0.23529411764705882,0.036199095022624424,0.024132730015082957,0.049773755656108615,0.10105580693815988,0.012066365007541475,0.20211161387631976,0.23529411764705882,0.11764705882352941,0.3529411764705882,0.07692307692307694,0.05882352941176471,0.09653092006033184,0.15837104072398192,0.04671945701357467,0.2820512820512821,-0.05731523378582201,-0.16142533936651593,0.037707390648567124,-0.2880844645550529,0.17345399698340883,-0.15734469019352743,0.04273854560739776,-0.390351707116413,0.2757212395447689
order-ops,4,40,183,51,51,14,0.09803921568627451,0.0196078431372549,0.196078431372549,0.021116138763197585,0.012066365007541479,0.031674208144796386,0.07692307692307691,-1.735377594934566e-18,0.16742081447963802,0.35294117647058826,0.23529411764705876,0.4901960784313725,0.08295625942684766,0.06033182503770742,0.10708898944193061,0.26998491704374067,0.14027149321266966,0.4057315233785822,-0.19306184012066369,-0.31975867269984914,-0.07843137254901959,-0.4238310708898945,0.03770739064856715,-0.3039099744717497,-0.09480872437044204,-0.5260983134512547,0.13997463320992726
order-ops,4,41,184,51,51,14,0.21568627450980393,0.09803921568627451,0.3333333333333333,0.04374057315233785,0.0301659125188537,0.05882352941176472,0.1719457013574661,0.06334841628959274,0.2911010558069381,0.39215686274509803,0.2549019607843137,0.5294117647058824,0.09502262443438914,0.07239819004524888,0.11915535444947213,0.297134238310709,0.16289592760180993,0.43589743589743596,-0.1251885369532428,-0.2352941176470588,-0.027149321266968323,-0.3559577677224737,0.10558069381598803,-0.20513631937682578,-0.040209790209790194,-0.4582250102838338,0.20784793637734814
order-ops,4,42,185,51,51,14,0.1568627450980392,0.058823529411764705,0.2549019607843137,0.05128205128205128,0.02714932126696833,0.0799396681749623,0.10558069381598792,0.009049773755656106,0.2141779788838612,0.47058823529411764,0.33333333333333326,0.607843137254902,0.14781297134238314,0.11915535444947212,0.1779788838612368,0.3227752639517347,0.1764705882352941,0.46907993966817496,-0.2171945701357467,-0.34694570135746616,-0.09351432880844643,-0.44796380090497756,0.013574660633484142,-0.3193979933110368,-0.12454045954045967,-0.5502310434663377,0.11584190319484425
order-ops,4,43,186,51,51,14,0.19607843137254902,0.09803921568627451,0.3137254901960784,0.04826546003016591,0.0301659125188537,0.0693815987933635,0.14781297134238314,0.045248868778280535,0.2609351432880845,0.47058823529411764,0.33333333333333326,0.6078431372549019,0.13876319758672703,0.10708898944193063,0.1719457013574661,0.33182503770739075,0.1885369532428356,0.47511312217194585,-0.1840120663650076,-0.31372549019607854,-0.06184012066365009,-0.41478129713423845,0.04675716440422323,-0.2972027972027972,-0.06787138584247275,-0.5170485396955986,0.14902440696558333
order-ops,4,44,187,51,51,14,0.39215686274509803,0.2549019607843137,0.5294117647058822,0.13725490196078435,0.10558069381598793,0.17043740573152338,0.2549019607843139,0.1191553544494721,0.39366515837104077,0.49019607843137253,0.3529411764705882,0.6274509803921569,0.14328808446455507,0.11312217194570134,0.17496229260935145,0.3469079939668176,0.20361990950226244,0.4917043740573152,-0.09200603318250378,-0.19306184012066366,0.0015082956259426616,-0.3227752639517346,0.13876319758672706,-0.16703296703296702,0.01663688929313887,-0.4250425065130947,0.24103044014808717
order-ops,4,45,188,51,51,14,0.45098039215686275,0.31372549019607837,0.5882352941176471,0.23227752639517346,0.1885369532428356,0.27601809954751133,0.21870286576168932,0.08446455505279034,0.35444947209653094,0.5098039215686274,0.37254901960784303,0.6470588235294118,0.1719457013574661,0.13423831070889897,0.21266968325791855,0.33785822021116146,0.19306184012066363,0.4841628959276018,-0.11915535444947209,-0.23378582202111606,-0.010558069381598813,-0.34992458521870295,0.11161387631975875,-0.21625596853242463,-0.031339031339031334,-0.45219182778006306,0.21388111888111885
order-ops,4,46,189,51,51,14,0.5686274509803921,0.43137254901960775,0.7058823529411764,0.45098039215686253,0.4208144796380092,0.47511312217194585,0.11764705882352941,-0.02865761689291101,0.25791855203619907,0.49019607843137253,0.3529411764705882,0.6274509803921569,0.2383107088989442,0.1990950226244344,0.277526395173454,0.2518853695324283,0.1191553544494721,0.38310708898944196,-0.13423831070889897,-0.23076923076923075,-0.033144796380093766,-0.3650075414781298,0.09653092006033187,-0.26107379462642616,0.0015082956259426731,-0.4672747840394899,0.19879816262169198
order-ops,4,47,190,51,51,14,0.5882352941176471,0.45098039215686264,0.7254901960784313,0.4720965309200602,0.44494720965309215,0.493212669683258,0.11613876319758673,-0.02865761689291103,0.2564102564102564,0.5882352941176471,0.45098039215686264,0.7254901960784313,0.42684766214177955,0.4012066365007541,0.45098039215686264,0.16138763197586725,0.01809954751131221,0.30015082956259426,-0.04524886877828054,-0.10256410256410255,0.012066365007541482,-0.2760180995475114,0.1855203619909503,-0.06114398422090727,-0.027972027972027965,-0.3782853421088715,0.2877876045523104
order-ops,4,48,191,51,51,14,0.5490196078431373,0.41176470588235287,0.6862745098039216,0.4374057315233784,0.4012066365007543,0.46757164404223245,0.11161387631975862,-0.031674208144796386,0.25188536953242835,0.5490196078431373,0.41176470588235287,0.6862745098039216,0.4374057315233784,0.4012066365007543,0.46757164404223245,0.11161387631975862,-0.031674208144796386,0.25188536953242835,0.0,0.0,0.0,-0.23076923076923084,0.23076923076923084,0.0,0.0,-0.33303647333059094,0.33303647333059094
