task,virtual_index,loop,physical_layer_one_based,known_identity,mean,fit_sd,fit_min,fit_max,positive_fits,negative_fits,zero_fits,jlens_own_layer,raw_own_layer,jlens_control_layer,raw_control_layer,jlens_delta_layer,raw_delta_layer,crossed_fit_item_pointwise_low,crossed_fit_item_pointwise_high,crossed_fit_item_simultaneous_low,crossed_fit_item_simultaneous_high,conditional_item_pointwise_low,conditional_item_pointwise_high,conditional_item_simultaneous_low,conditional_item_simultaneous_high,conditional_fit_pointwise_low,conditional_fit_pointwise_high,conditional_fit_simultaneous_low,conditional_fit_simultaneous_high,crossed_fit_component_pointwise_low,crossed_fit_component_pointwise_high,crossed_fit_component_simultaneous_low,crossed_fit_component_simultaneous_high
multihop,0,1,1,False,-0.005884247418774274,0.00021604521521737083,-0.006270720848725965,-0.005787629061286352,0,5,0,0.0,0.022222222222222223,9.66183574879227e-05,0.01643459316093587,-9.66183574879227e-05,0.005787629061286352,-0.039700672539547226,0.018119115278961817,-0.23645698733799447,0.22468849250044592,-0.0396687979539642,0.01811911527896182,-0.2276037044323489,0.21583520959480035,-0.00607748413375012,-0.005787629061286352,-0.08944382509599899,0.07767533025845044,-0.04126675415000144,0.01851668566850522,-0.33505022849652,0.3232817336589714
multihop,1,1,2,False,-0.02202188121625462,0.00028806028695649343,-0.02253717912285687,-0.021893056739604056,0,5,0,0.0,0.044444444444444446,0.00012882447665056362,0.022551387704840394,-0.00012882447665056362,0.021893056739604056,-0.06842379463862841,0.014411776546367315,-0.2525946211354748,0.20855085870296558,-0.06839967557071139,0.014339632471346016,-0.24374133822982924,0.19969757579732,-0.022279530169555743,-0.021893056739604056,-0.10558145889347934,0.0615376964609701,-0.0680414957873721,0.014910818790431758,-0.35118786229400034,0.30714409986149105
multihop,2,1,3,False,-0.007244008714596952,0.0,-0.007244008714596952,-0.007244008714596952,0,5,0,0.0,0.011111111111111112,0.0,0.003867102396514162,0.0,0.007244008714596952,-0.031078904991948472,0.006119162640901772,-0.23781674863381716,0.22332873120462324,-0.031078904991948472,0.0061191626409017735,-0.22896346572817158,0.21447544829897766,-0.0072440087145969525,-0.007244008714596952,-0.09080358639182166,0.07631556896262777,-0.03393872683911209,0.006185931424531636,-0.33640998979234266,0.32192197236314873
multihop,3,1,4,False,0.00045088566827697265,0.000432090430434742,-0.00032206119162640903,0.0006441223832528181,4,1,0,0.0,0.0,0.0001932367149758454,0.0006441223832528181,-0.0001932367149758454,-0.0006441223832528181,-0.0005797101449275362,0.0019323671497584543,-0.23012185425094323,0.23102362558749717,-0.00032206119162640903,0.0018357487922705314,-0.22126857134529765,0.2221703426818516,6.441223832528184e-05,0.0006441223832528181,-0.08310869200894774,0.08401046334550169,-0.000521104054714216,0.002032924134373407,-0.32871509540946875,0.32961686674602264
multihop,4,1,5,False,-0.006468693757696315,7.201507173912336e-05,-0.006597518234346877,-0.006436487638533673,0,5,0,0.0,0.011111111111111112,3.2206119162640905e-05,0.004674623472577437,-3.2206119162640905e-05,0.006436487638533673,-0.029952318366960308,0.006602254428341384,-0.23704143367691652,0.22410404616152388,-0.029979219948849105,0.006574784503173251,-0.22818815077127094,0.2152507632558783,-0.006533105996021596,-0.006436487638533673,-0.09002827143492104,0.0770908839195284,-0.033806159420289854,0.00655308755274351,-0.335634674835442,0.3226972873200494
multihop,5,1,6,False,0.0044587237158905686,0.0001440301434782475,0.00420107476258944,0.00452313595421585,5,0,0,0.0,0.0,6.441223832528181e-05,0.00452313595421585,-6.441223832528181e-05,-0.00452313595421585,0.0030714924948997556,0.005843586839884125,-0.22611401620332963,0.23503146363511077,0.0030941555366107805,0.005848252344416028,-0.21726073329768406,0.2261781807294652,0.0043298992392400044,0.00452313595421585,-0.07910085396133415,0.08801830139311528,0.0031259150277567235,0.005789328820332748,-0.32470725736185513,0.33362470479363626
multihop,6,1,7,False,-0.00022544283413848632,0.0005413119585820164,-0.0011272141706924316,0.00016103059581320451,2,2,1,0.0,0.0,0.00038647342995169087,0.00016103059581320451,-0.00038647342995169087,-0.00016103059581320451,-0.0009661835748792271,0.00035426731078904995,-0.23079818275335867,0.23034729708508173,-0.0006119162640901771,0.00022544283413848632,-0.2219448998477131,0.22149401417943615,-0.0007085346215780999,0.00012882447665056362,-0.0837850205113632,0.08333413484308623,-0.0009661835748792271,0.0003391921060746222,-0.3293914239118842,0.3289405382436072
multihop,7,1,8,False,0.0016103059581320453,0.0052142592137494935,-0.002254428341384863,0.010789049919484702,1,2,2,0.0022222222222222222,0.0,0.0006119162640901771,0.0,0.0016103059581320453,0.0,-0.0015458937198067637,0.012657004830917876,-0.22896243396108815,0.23218304587735225,-0.0008373590982286636,0.006183574879227054,-0.22010915105544257,0.22332976297170667,-0.0013526570048309177,0.006376811594202898,-0.08194927171909266,0.08516988363535677,-0.001599288590998618,0.012241830127055446,-0.32755567511961364,0.33077628703587775
multihop,8,1,9,False,-0.011207729468599034,0.00021604521521737083,-0.011594202898550725,-0.011111111111111112,0,5,0,0.0,0.011111111111111112,9.66183574879227e-05,0.0,-9.66183574879227e-05,0.011111111111111112,-0.03352657004830918,0.0,-0.24178046938781922,0.21936501045062118,-0.03349436392914654,-3.2206119162640905e-05,-0.23292718648217364,0.2105117275449756,-0.01140096618357488,-0.011111111111111112,-0.09476730714582375,0.07235184820862568,-0.032320398940314785,0.0,-0.34037371054634474,0.31795825160914665
multihop,9,1,10,False,-0.00048309178743961384,0.0023529209655720547,-0.004669887278582932,0.0008051529790660225,4,1,0,0.0,0.0,0.0012882447665056363,0.0008051529790660225,-0.0012882447665056363,-0.0008051529790660225,-0.0029307568438003222,0.0011272141706924314,-0.2310558317066598,0.2300896481317806,-0.001320450885668277,0.00041867954911433157,-0.22220254880101423,0.22123636522613502,-0.0026086956521739137,0.0007085346215780999,-0.08404266946466434,0.0830764858897851,-0.0029997862668212118,0.001153186847436497,-0.3296490728651853,0.3286828892903061
multihop,10,1,11,False,-0.0007388462631429384,0.0012564155039836615,-0.002415458937198068,0.00048545988443686656,2,3,0,0.0,0.0,0.001224306147579805,0.00048545988443686656,-0.001224306147579805,-0.00048545988443686656,-0.002155441886899687,0.00048545988443686656,-0.23131158618236314,0.22983389365607726,-0.0014454982476082218,2.36809699725282e-06,-0.22245830327671756,0.22098061075043168,-0.0017055034574216161,0.00022781093113573934,-0.08429842394036766,0.08282073141408178,-0.00210290752456589,0.0004607758154437197,-0.3299048273408886,0.3284271348146028
multihop,11,1,12,False,-0.0008051529790660224,0.0014889888896060328,-0.0033816425120772944,0.00016103059581320451,1,2,2,0.0,0.0,0.000966183574879227,0.00016103059581320451,-0.000966183574879227,-0.00016103059581320451,-0.002415458937198068,0.00022544283413848632,-0.23137789289828622,0.22976758694015417,-0.001384863123993559,-0.00022544283413848627,-0.22252460999264065,0.2209143040345086,-0.00215780998389694,6.441223832528181e-05,-0.08436473065629074,0.08275442469815869,-0.0024743924283405026,0.000234268876837127,-0.3299711340568117,0.32836082809867967
multihop,12,1,13,False,-0.00045088566827697265,0.001554591740566463,-0.00322061191626409,0.00032206119162640903,3,1,1,0.0,0.0,0.0007729468599033817,0.00032206119162640903,-0.0007729468599033817,-0.00032206119162640903,-0.0022222222222222222,0.0006119162640901771,-0.23102362558749717,0.23012185425094323,-0.0010950080515297906,0.00022544283413848632,-0.2221703426818516,0.22126857134529765,-0.0018679549114331722,0.00032206119162640903,-0.08401046334550169,0.08310869200894774,-0.0022581732389619145,0.000637044115304985,-0.32961686674602264,0.32871509540946875
multihop,13,1,14,False,9.61447380884722e-05,0.0013208671057004934,-0.002254428341384863,0.0008051529790660225,4,1,0,0.0,0.0,0.0007090082409775503,0.0008051529790660225,-0.0007090082409775503,-0.0008051529790660225,-0.0016103059581320453,0.001416595623756749,-0.23047659518113173,0.23066888465730867,-0.0007738940987022829,0.0011594202898550722,-0.22162331227548615,0.2218156017516631,-0.001095481670929241,0.0007729468599033816,-0.08346343293913625,0.08365572241531319,-0.001646903820816864,0.001466325660699062,-0.3290698363396572,0.3292621258158342
multihop,14,1,15,False,0.00032158757222695844,0.0005588518258388162,-0.000646490480250071,0.0006441223832528181,4,1,0,0.0,0.0,0.00032253481102585956,0.0006441223832528181,-0.00032253481102585956,-0.0006441223832528181,-0.0005152979066022544,0.0011272141706924316,-0.23025115234699323,0.23089432749144717,-0.0002585961921000284,0.001030595813204509,-0.22139786944134765,0.2220410445858016,-0.0001946575731741972,0.0006441223832528181,-0.08323799010499776,0.08388116524945168,-0.000521431776371876,0.0011796607881565287,-0.32884439350551875,0.32948756864997264
multihop,15,1,16,False,-0.007085819835180451,0.004730110116347467,-0.010466988727858294,-0.0006441223832528188,0,5,0,0.0044444444444444444,0.011111111111111112,0.0010632755517666005,0.0006441223832528181,0.0033811688926778443,0.010466988727858294,-0.03307570806100218,0.012044141328028795,-0.23765855975440064,0.22348692008403975,-0.03169130671592309,0.00853462157809984,-0.22880527684875507,0.21463363717839418,-0.010466988727858294,-0.0031566732973382617,-0.09064539751240516,0.07647375784204427,-0.03411396574440054,0.012923705822982393,-0.33625180091292617,0.3220801612425652
multihop,16,1,17,False,-0.09677938808373591,0.0002789131735215572,-0.09726247987117552,-0.0966183574879227,0,5,0,0.0,0.1,0.00016103059581320451,0.003381642512077295,-0.00016103059581320451,0.0966183574879227,-0.16215780998389692,-0.04177053140096619,-0.3273521280029561,0.1337933518354843,-0.16215780998389692,-0.04173913043478262,-0.3184988450973105,0.12494006892983871,-0.09703703703703705,-0.0966183574879227,-0.18033896576096065,-0.013219810406511198,-0.16670912162966134,-0.0372307887556317,-0.4259453691614816,0.23238659299400977
multihop,17,1,18,False,-0.06431561996779388,0.0004910773166498213,-0.06505636070853463,-0.0639291465378422,0,5,0,0.0,0.06666666666666667,0.00038647342995169076,0.002737520128824476,-0.00038647342995169076,0.0639291465378422,-0.11935668276972627,-0.019742351046698872,-0.29488835988701406,0.16625711995142634,-0.11942109500805156,-0.01977375201288246,-0.2860350769813685,0.15740383704578076,-0.06473429951690822,-0.06396135265700484,-0.1478751976450186,0.01924395770943084,-0.1251491873572258,-0.011763303719657222,-0.3934816010455396,0.2648503611099518
multihop,18,1,19,False,-0.09587761674718195,8.82000897753849e-05,-0.09597423510466987,-0.09581320450885668,0,5,0,0.0,0.1,6.441223832528181e-05,0.004186795491143317,-6.441223832528181e-05,0.09581320450885668,-0.1617399355877617,-0.04074074074074074,-0.32645035666640215,0.13469512317203824,-0.16177214170692436,-0.04074074074074075,-0.3175970737607566,0.12584184026639267,-0.09594202898550724,-0.09581320450885668,-0.17943719442440667,-0.012318039069957237,-0.1702554347826087,-0.03202611657134397,-0.4250435978249276,0.23328836433056374
multihop,19,1,20,False,-0.13049919484702097,0.0014112014364062201,-0.13301127214170694,-0.12979066022544286,0,5,0,0.0,0.13333333333333333,0.0007085346215781,0.0035426731078904996,-0.0007085346215781,0.12979066022544286,-0.20692431561996782,-0.06428260869565218,-0.36107193476624116,0.10007354507219923,-0.20686151368760067,-0.06431561996779388,-0.3522186518605956,0.09122026216655366,-0.13178743961352657,-0.12979066022544286,-0.21405877252424568,-0.04693961716979625,-0.21254901102383214,-0.057625339991068926,-0.45966517592476663,0.19866678623072473
multihop,20,1,21,False,-0.15136876006441227,0.0003600753586956075,-0.15201288244766506,-0.15120772946859906,0,5,0,0.0,0.15555555555555556,0.00016103059581320451,0.004347826086956522,-0.00016103059581320451,0.15120772946859906,-0.2286634460547503,-0.08454025764895334,-0.38194149998363247,0.07920397985480793,-0.2285692431561997,-0.08466827697262483,-0.3730882170779869,0.07035069694916235,-0.15169082125603867,-0.15120772946859906,-0.234928337741637,-0.06780918238718756,-0.24047924354041642,-0.07604217554144282,-0.480534741142158,0.17779722101333342
multihop,21,1,22,False,-0.10573316283034953,0.002484765764247213,-0.10692431561996782,-0.10129061286350281,0,5,0,0.0022222222222222222,0.1111111111111111,0.0011921000284171644,0.004347826086956523,0.0010301221938050582,0.1067632850241546,-0.1737850359950744,-0.04495896087903761,-0.33630590274956973,0.12483957708887067,-0.17362445533769064,-0.04718162119920433,-0.32745261984392415,0.11598629418322509,-0.10689210950080517,-0.10351188784692618,-0.18929274050757425,-0.022173585153124814,-0.18456631500426257,-0.038025228250814495,-0.43489914390809525,0.22343281824739616
multihop,22,1,23,False,-0.10950080515297908,0.0006339780896949814,-0.1106280193236715,-0.10917874396135269,0,5,0,0.0,0.1111111111111111,0.00032206119162640903,0.001932367149758454,-0.00032206119162640903,0.10917874396135269,-0.17636151368760067,-0.053462157809983896,-0.3400735450721993,0.12107193476624112,-0.1763607085346216,-0.05355877616747183,-0.3312202621665537,0.11221865186059554,-0.1100805152979066,-0.10917874396135269,-0.1930603828302038,-0.025941227475754364,-0.18837215320910974,-0.04191824771768675,-0.43866678623072475,0.21966517592476661
multihop,23,1,24,False,-0.06666666666666668,0.001884814800437938,-0.06988727858293076,-0.06553945249597425,0,5,0,0.0,0.06666666666666667,0.0011272141706924316,0.0011272141706924316,-0.0011272141706924316,0.06553945249597425,-0.12238405797101451,-0.021256038647342997,-0.2972394065858869,0.16390607325255352,-0.1224484702093398,-0.021674718196457325,-0.2883861236802413,0.15505279034690794,-0.06840579710144928,-0.06553945249597425,-0.1502262443438914,0.016892911010558037,-0.1290407933288258,-0.012477641211718566,-0.3958326477444124,0.262499314411079
multihop,24,1,25,False,-0.09809747087240694,0.0016865985150114188,-0.10015866249881597,-0.09661598939092547,0,5,0,0.0,0.1,0.0014814814814814816,0.003384010609074548,-0.0014814814814814816,0.09661598939092547,-0.16447826086956524,-0.04209333854314674,-0.32867021079162717,0.13247526904681325,-0.16457401487164913,-0.04218758880363741,-0.3198169278859816,0.12362198614116768,-0.09938571563891259,-0.09680922610590133,-0.18165704854963166,-0.014537893195182228,-0.17419745023613312,-0.03223741051738205,-0.42726345195015264,0.23106851020533875
multihop,25,1,26,False,-0.08372880553187458,0.002225487111285873,-0.08743250923557828,-0.08227953016955573,0,5,0,0.0,0.08888888888888889,0.0014492753623188406,0.006609358719333144,-0.0014492753623188406,0.08227953016955573,-0.14714512882447664,-0.028745405891825337,-0.3143015454510948,0.1468439343873456,-0.14763369091597991,-0.028755209813393964,-0.3054482625454492,0.13799065148170003,-0.08575779103912096,-0.08231173628871838,-0.16728838320909928,-0.0001692278546498588,-0.15871069567257182,-0.0196825833406826,-0.41289478660962026,0.24543717554587113
multihop,26,1,27,False,-0.07268258027848822,0.0021501196642011934,-0.07632139812446717,-0.07100738846263144,0,5,0,0.0,0.07777777777777778,0.0016751918158567775,0.0067703893151463464,-0.0016751918158567775,0.07100738846263144,-0.1295658449370086,-0.020797243535095215,-0.3032553201977084,0.157890159640732,-0.12926889741403808,-0.020321895424836606,-0.2944020372920628,0.14903687673508642,-0.07455006157052192,-0.0713299232736573,-0.15624215795571295,0.010876997398736502,-0.14536720230782332,-0.013663013256377848,-0.4018485613562339,0.25648340079925747
multihop,27,1,28,False,-0.04083499100123141,0.005178830083965162,-0.05007814720090937,-0.03832291370654542,0,5,0,0.0,0.044444444444444446,0.0025120772946859906,0.006121530737899023,-0.0025120772946859906,0.03832291370654542,-0.08650326797385621,-0.004825494932272437,-0.2714077309204516,0.18973774891798878,-0.08592361703135361,-0.0061513687600644115,-0.26255444801480604,0.1808844660123432,-0.045537084398976996,-0.03832291370654542,-0.12439456867845614,0.042724586675993305,-0.08359808729614815,-0.005284194289586872,-0.3700009720789771,0.2883309900765143
multihop,28,1,29,False,-0.01564743771904897,0.002057161922405322,-0.019318935303590034,-0.014649048025007104,0,5,0,0.0,0.022222222222222223,0.0009983896940418682,0.007573174197215116,-0.0009983896940418682,0.014649048025007104,-0.04978136544472862,0.007768838211613146,-0.24622017763826917,0.21492530220017123,-0.0495628492943071,0.00760538031637776,-0.2373668947326236,0.20607201929452565,-0.017515392630482143,-0.014649048025007104,-0.09920701539627369,0.06791213995817574,-0.05007010780324122,0.008131811131996014,-0.34481341879679467,0.3135185433586967
multihop,29,1,30,False,-0.0049578478734489005,0.004776508468056683,-0.010142559439234634,0.002898550724637678,1,4,0,0.0022222222222222222,0.011111111111111112,0.0015463673392062138,0.005477408354646207,0.0006758548830160084,0.005633702756464909,-0.03049919484702093,0.012369340248176553,-0.2355305877926691,0.2256148920457713,-0.03001236146632566,0.01056550156294402,-0.22667730488702353,0.2167616091401257,-0.008339016766126743,-0.0006431751444539207,-0.08851742555067361,0.07860172980377582,-0.03243480290666991,0.012592592592592591,-0.3341238289511946,0.3242081332042968
multihop,30,1,31,False,-0.007854030501089324,0.0009887529546300452,-0.009496068958984558,-0.007080610021786493,0,5,0,0.0,0.011111111111111112,0.0007734204793028323,0.0040305010893246195,-0.0007734204793028323,0.007080610021786493,-0.030854030501089327,0.005056360708534622,-0.23842677042030952,0.22271870941813088,-0.030789049919484703,0.004895436677086293,-0.22957348751466394,0.2138654265124853,-0.008691389599317987,-0.007209434498437057,-0.09141360817831404,0.0757055471761354,-0.03326091375044185,0.005067647100328637,-0.33702001157883504,0.32131195057665635
multihop,31,1,32,False,0.0006483849578478737,0.005317453156391679,-0.008851946575731741,0.0032253481102585964,4,1,0,0.0,0.0,0.0025769631524107228,0.0032253481102585964,-0.0025769631524107228,-0.0032253481102585964,-0.004666133844842285,0.004546769915695747,-0.2299243549613723,0.23122112487706808,-0.0010566448801742918,0.0026148645448517576,-0.22107107205572674,0.2223678419714225,-0.00415032679738562,0.0031931419910959553,-0.08291119271937684,0.08420796263507259,-0.0046853128565015585,0.004566170550345741,-0.32851759611989784,0.32981436603559355
multihop,32,1,33,False,0.0013270815572605853,0.004792150618777916,-0.007239272520602445,0.003710807994695463,4,1,0,0.0,0.0,0.002383726437434877,0.003710807994695463,-0.002383726437434877,-0.003710807994695463,-0.0036279719617315527,0.005258608032585015,-0.22924565836195962,0.23189982147648078,-0.0005432532916548263,0.0037425523349436393,-0.22039237545631404,0.2230465385708352,-0.0029563322913706554,0.0035819835180448995,-0.08223249611996414,0.0848866592344853,-0.0036608407963558505,0.00531034398331563,-0.3278388995204851,0.3304930626350063
multihop,33,1,34,False,0.005070166360581293,0.005619693757704738,-0.001596026686685922,0.014021573010197661,4,1,0,0.0022222222222222222,0.0,0.001514161220043573,0.004362105358402645,0.0007080610021786499,-0.004362105358402645,0.00020653499340467297,0.015562847173623216,-0.2255025735586389,0.2356429062798015,0.0013991187144697088,0.01054572936680621,-0.21664929065299332,0.22678962337415592,0.000787226131349505,0.010125579830317014,-0.07848941131664343,0.088629744037806,0.00022035691799374732,0.015053371219223063,-0.3240958147171644,0.33423614743832697
multihop,34,1,35,False,0.006519915342299584,0.005452021327070679,0.0013025240379517578,0.01579527766114016,5,0,0,0.0022222222222222222,0.0,0.001030595813204509,0.005328288933281872,0.0011916264090177132,-0.005328288933281872,0.002100502036563418,0.016764075862517477,-0.2240528245769206,0.2370926552615198,0.002786440771419968,0.011898465367111583,-0.21519954167127503,0.22823937235587421,0.002912829996083804,0.011511863812508922,-0.07703966233492514,0.0900794930195243,0.002095607246194574,0.01683097309018058,-0.32264606573544613,0.33568589642004526
multihop,35,1,36,False,0.0028066685611442647,0.004720421782075229,-0.005631334659467652,0.005157715260017051,4,1,0,0.0,0.0,0.002351046698872786,0.005157715260017051,-0.002351046698872786,-0.005157715260017051,-0.0028347068295917393,0.007281010230179028,-0.22776607135807594,0.23337940848036445,-3.27744624419811e-05,0.006126266931893531,-0.21891278845243037,0.22452612557471888,-0.0014445391683243344,0.005028890783366487,-0.08075290911608045,0.08636624623836898,-0.002832345437958744,0.007377824388857697,-0.32635931251660144,0.33197264963888995
multihop,36,1,37,False,0.010176660035995076,0.009570064441973902,0.0024154589371980667,0.026889741403807902,5,0,0,0.0044444444444444444,0.0,0.0016751918158567779,0.0074074074074074086,0.0027692526285876666,-0.0074074074074074086,0.0021256038647342996,0.025764753244292875,-0.22039607988322513,0.24074939995521527,0.0031557260585393584,0.019001610305958122,-0.21154279697757955,0.2318961170495697,0.004347826086956522,0.01896798332859714,-0.07338291764122964,0.09373623771321979,0.0020703933747412014,0.02634712251099636,-0.3189893210417506,0.3393426411137408
multihop,37,1,38,False,-0.004573742540494458,0.007600646203026516,-0.01223832528180354,0.005472672160651702,1,4,0,0.008888888888888889,0.022222222222222223,0.0020294591266458275,0.010789049919484697,0.006859429762243062,0.01143317230273752,-0.03896949891067538,0.025346215780998393,-0.23514648245971465,0.22599899737872575,-0.03803543857156389,0.023252356256512265,-0.22629319955406907,0.21714571447308018,-0.01040257648953301,0.001255091408544094,-0.08813332021771918,0.07898583513673026,-0.03870069556574382,0.026428848219129535,-0.33373972361824017,0.3245922385372512
multihop,38,1,39,False,-0.030275646490480247,0.007226194808535271,-0.03687600644122383,-0.02062138865207919,0,5,0,0.008888888888888889,0.044444444444444446,0.0037378043004641453,0.009017713365539451,0.0051510845884247414,0.03542673107890499,-0.07732966278298758,0.009205325850146825,-0.26084838640970043,0.20029709342873994,-0.07652363360803256,0.008115267121341281,-0.25199510350405485,0.19144381052309437,-0.03581320450885668,-0.024578952353888413,-0.11383522416770496,0.053283931186744474,-0.07555600891185697,0.010464688565643636,-0.35944162756822595,0.29889033458726544
multihop,39,1,40,False,-0.053484417921758065,0.010165866350013916,-0.06568864260680118,-0.040899403239556695,0,5,0,0.006666666666666666,0.06666666666666667,0.0038022165387894278,0.010317798617031347,0.002864450127877237,0.05634886804963531,-0.10974955006157051,-0.005531294401818708,-0.2840571578409783,0.17708832199746213,-0.10864909538694703,-0.006787605380316391,-0.2752038749353327,0.16823503909181656,-0.06108316756654353,-0.0458572511130056,-0.13704399559898278,0.03007515975546665,-0.11438236280992395,-0.0011009071496018315,-0.38265039899950376,0.27568156315598763
multihop,40,1,41,False,-0.11431974116346375,0.012002164478250513,-0.12990655559938305,-0.09947414108768463,0,5,0,0.006666666666666666,0.13333333333333333,0.005089514066496164,0.017436439569699095,0.0015771526001705032,0.11589689376363427,-0.18697350240838997,-0.046129014631305,-0.34489248108268394,0.11625299875575645,-0.18569933244405987,-0.046999230368475926,-0.33603919817703837,0.10739971585011088,-0.12311201169486473,-0.10552747063206278,-0.19787931884068846,-0.03076016348623903,-0.19544507155477375,-0.041535217732102,-0.4434857222412094,0.21484623991428195
multihop,41,1,42,False,-0.12620806170907325,0.009706145887254998,-0.1394120969463566,-0.11590162995762875,0,5,0,0.0044444444444444444,0.14444444444444443,0.004444918063843896,0.01823685635477062,-4.736193994506199e-07,0.12620758808967383,-0.2015669704899769,-0.0565370057569499,-0.35678080162829345,0.10436467821014694,-0.2021436940051095,-0.056735250997074896,-0.3479275187226479,0.09551139530450137,-0.13332514042461746,-0.1188972726591538,-0.20976763938629797,-0.04264848403184854,-0.20270768037702333,-0.056835289310763606,-0.4553740427868189,0.20295791936867244
multihop,42,1,43,False,-0.1819795170213158,0.009955854868289014,-0.1962463541909662,-0.17112558124410632,0,5,0,0.0044444444444444444,0.2,0.004670360897982381,0.01824639943222224,-0.00022591645353793634,0.1817536005677778,-0.2660173657501071,-0.10341328240864449,-0.412552256940536,0.04859322289790441,-0.265324394650787,-0.10400013130567681,-0.4036989740348904,0.03973993999225883,-0.189580161143699,-0.17450769737558305,-0.26553909469854053,-0.09841993934409107,-0.2717507793653666,-0.10042666128038881,-0.5111454980990615,0.1471864640564299
multihop,43,1,44,False,-0.2285850867854533,0.01375155577895502,-0.25035973867519473,-0.21219075127347076,0,5,0,0.0022222222222222222,0.24444444444444444,0.008632660793786115,0.022269796230555104,-0.006410438571563893,0.22217464821388944,-0.31912920443251214,-0.1422539556056038,-0.45915782670467353,0.0019876531337668923,-0.3181659401557148,-0.1437202448612295,-0.45030454379902796,-0.006865629771878684,-0.24082483292545523,-0.21827818141460936,-0.312144664462678,-0.1450255091082286,-0.3225066508331236,-0.14212985863556982,-0.557751067863199,0.10058089429229239
multihop,44,1,45,False,-0.22233188985450708,0.010819668235838053,-0.2377898798137758,-0.20751612780089335,0,5,0,0.0022222222222222222,0.24444444444444444,0.007698209718670077,0.027588542086385365,-0.005475987496447853,0.2168559023580592,-0.3116979794477458,-0.13667484314008255,-0.45290462977372725,0.008240850064713118,-0.3112592484791161,-0.13737620861308686,-0.4440513468680817,-0.0006124328409324586,-0.23144527433873555,-0.21357087820346984,-0.3058914675317318,-0.13877231217728236,-0.3152287048687218,-0.14089407288910358,-0.5514978709322528,0.10683409122323861
multihop,45,1,46,False,-0.19595737566783875,0.009514093680671236,-0.21232092591885707,-0.18816160035288185,0,5,0,0.0,0.24444444444444444,0.009567111868902151,0.05805418064550788,-0.009567111868902151,0.18639026379893664,-0.2857982314203352,-0.11079097991853747,-0.42653011558705894,0.03461536425138145,-0.2849064075049588,-0.11150628641390947,-0.41767683268141337,0.025762081345735877,-0.20446073836557488,-0.19022373921808977,-0.27951695334506343,-0.11239779799061403,-0.28359938929486067,-0.11374002561452101,-0.5251233567455844,0.13320860540990695
multihop,46,1,47,False,-0.1324379099105213,0.0022971566212056623,-0.13565852182678537,-0.1297003897816968,0,5,0,0.0,0.2,0.002898550724637681,0.07046064081411639,-0.002898550724637681,0.1295393591858836,-0.2199660178080894,-0.050305478857488664,-0.3630106498297415,0.09813483000869891,-0.21982241075101894,-0.05059122757906973,-0.35415736692409594,0.08928154710305333,-0.13443468929860503,-0.1307953978332266,-0.215997487587746,-0.04887833223329657,-0.21883898629282136,-0.0515652274821644,-0.461603890988267,0.1967280711672244
multihop,47,1,48,False,-0.09630027611304093,0.0006400839585942619,-0.09733087192624544,-0.0958815965639266,0,5,0,0.0,0.16666666666666666,0.0007407407407407408,0.07110713129436647,-0.0007407407407407408,0.09555953537230019,-0.17731253755377702,-0.02200999001157901,-0.32687301603226115,0.13427246380617927,-0.17731099351919005,-0.021852680685800905,-0.3180197331266156,0.1254191809005337,-0.09687998625796847,-0.0958815965639266,-0.17985985379026564,-0.012740698435816211,-0.17854337147457267,-0.020176229034185145,-0.4254662571907866,0.23286570496470477
multihop,48,2,1,False,-0.13223148254182343,0.000463924647049535,-0.13294001716340154,-0.1318128029927091,0,5,0,0.0,0.17777777777777778,0.0013848631239935588,0.04693115835994793,-0.0013848631239935588,0.13084661941782988,-0.21074884705486494,-0.059017401271562096,-0.3628042224610436,0.09834125737739677,-0.2107515876853301,-0.05901987716998979,-0.353950939555398,0.08948797447175119,-0.13265016209093775,-0.131909421350197,-0.21579106021904815,-0.048671904864598714,-0.20484416366720481,-0.06423299294170588,-0.4613974636195691,0.19693449853592226
multihop,49,2,2,False,-0.10273515203182722,0.006602254428341396,-0.11320214075968554,-0.09645495879511225,0,5,0,0.0,0.1111111111111111,0.007246376811594203,0.01562233589087809,-0.007246376811594203,0.09548877522023302,-0.16821029885384112,-0.04354106280193239,-0.33330789195104743,0.12783758788739297,-0.1683382589750876,-0.04405630150610972,-0.32445460904540185,0.1189843049817474,-0.10814578005115091,-0.09809747087240693,-0.18629472970905192,-0.0191755743546025,-0.16363758751194807,-0.044285280251440615,-0.4319011331095729,0.2264308290459185
multihop,50,2,3,False,-0.07257120903015471,0.010055326011164272,-0.08612998519762655,-0.057788600334502525,0,5,0,0.0022222222222222222,0.07777777777777778,0.006698872785829308,0.00968321931123015,-0.004476650563607085,0.06809455846654762,-0.13121405440826558,-0.02124809438881187,-0.3031439489493749,0.1580015308890655,-0.1301227252130934,-0.021943020051772972,-0.29429066604372933,0.1491482479834199,-0.08084818165495343,-0.06387555685624166,-0.15613078670737943,0.010988368647070007,-0.1310494650069406,-0.02267741475646067,-0.40173719010790043,0.25659477204759096
multihop,51,2,4,False,-0.06356777493606139,0.0018374430693199263,-0.0664985317798617,-0.06215070569290518,0,5,0,0.0,0.06666666666666667,0.002544283413848631,0.005643175144453918,-0.002544283413848631,0.06102349152221275,-0.11867561807331631,-0.018251397177228387,-0.2941405148552816,0.1670049649831588,-0.11884114805342427,-0.018345647437719062,-0.285287231949636,0.15815168207751323,-0.06517808089419343,-0.06231173628871839,-0.1471273526132861,0.019991802741163328,-0.12075015413722058,-0.017410108271118715,-0.3927337560138071,0.2655982061416843
multihop,52,2,5,False,-0.05541489059391873,0.002416532236045615,-0.059247418774272996,-0.05280619494174481,0,5,0,0.0,0.05555555555555555,0.002608695652173913,0.002749360613810742,-0.002608695652173913,0.05280619494174481,-0.10974753717912285,-0.011200506772757413,-0.2859876305131389,0.17515784932530148,-0.11013631950364687,-0.01113384484228474,-0.27713434760749334,0.1663045664196559,-0.057411669982002464,-0.05364355403997347,-0.13897446827114346,0.02814468708330599,-0.10841320802141396,-0.011932320163706933,-0.38458087167166444,0.27375109048382695
multihop,53,2,6,False,-0.035355214549587954,0.002509185337298868,-0.038479208108364124,-0.03268210665908876,0,5,0,0.0,0.03333333333333333,0.0038003220611916265,0.0017784408449370089,-0.0038003220611916265,0.031554892488396324,-0.07925364686937576,-0.0016376574784503191,-0.2659279544688081,0.19521752536963224,-0.07956878137728524,-0.0017043786113479236,-0.25707467156316255,0.18636424246398667,-0.03731978781850905,-0.03339064128066686,-0.11891479222681267,0.04820436312763676,-0.08108885264867137,-0.0014193830368838976,-0.36452119562733365,0.29381076652815774
multihop,54,2,7,False,-0.014481316068138989,0.0021759734464915346,-0.016576608291308446,-0.011904352915728268,0,5,0,0.0,0.011111111111111112,0.004670360897982382,0.0013001559409545058,-0.004670360897982382,0.009810955170156607,-0.03780008348425533,-0.0013682829105396575,-0.2450540559873592,0.2160914238510812,-0.03757610887025516,-0.0016900940381921058,-0.2362007730817136,0.20723814094543563,-0.016156507883995766,-0.012806124252282213,-0.0980408937453637,0.06907826160908573,-0.040358196653169524,-0.0013297549139463067,-0.3436472971458847,0.3146846650096067
multihop,55,2,8,False,-0.015767192737647373,0.002901509529200758,-0.01931176032313568,-0.012385076606170631,0,5,0,0.0,0.011111111111111112,0.006119636260301221,0.0014635546337649632,-0.006119636260301221,0.009647556477346152,-0.039968747658411546,-0.0017796058072807326,-0.24633993265686757,0.21480554718157283,-0.03970121720185659,-0.0022339292808478224,-0.237486649751222,0.20595226427592725,-0.018022094698431686,-0.01351229077686306,-0.09932677041487209,0.06779238493957734,-0.04237493984501627,-0.0017048333366441988,-0.34493317381539307,0.3133987883400983
multihop,56,2,9,False,-0.0030486173848009177,0.002584617372809152,-0.00627065015926336,0.0006560335577016877,1,4,0,0.0,0.0,0.004187742729942219,0.0011391253451413011,-0.004187742729942219,-0.0011391253451413011,-0.006760952448612295,-0.00013679771786139465,-0.23362135730402112,0.22752412253441928,-0.005718826477162355,-0.0007154720854381125,-0.22476807439837554,0.2186708396287737,-0.005142962369171478,-0.0010508907579182805,-0.08660819506202563,0.0805109602924238,-0.0070011525023549286,-0.00014499386400424453,-0.33221459846254664,0.32611736369294475
multihop,57,2,10,False,-0.0033167566543525623,0.00692404584278705,-0.007729468599033816,0.008859050866723502,1,4,0,0.0022222222222222222,0.0,0.006185469356824856,0.000646490480250071,-0.0039632471346026325,-0.000646490480250071,-0.009666631145211706,0.008730948659657093,-0.23388949657357277,0.22725598326486762,-0.008470943449843706,0.003281791702188122,-0.2250362136679272,0.21840270035922205,-0.007181964573268922,0.0028999715828360332,-0.08687633433157728,0.08024282102287215,-0.00998398445704684,0.00900819663800637,-0.33248273773209824,0.32584922442339315
multihop,58,2,11,False,-0.006797859240314482,0.002156928602565301,-0.008698020270910297,-0.00322061191626409,0,5,0,0.0,0.0,0.007280951027754096,0.0004830917874396135,-0.007280951027754096,-0.0004830917874396135,-0.01114712986643933,-0.003124940797575069,-0.23737059915953468,0.22377488067890572,-0.010662131760916928,-0.003478734488964669,-0.2285173162538891,0.21492159777326014,-0.008183669603106942,-0.0049606895898456,-0.0903574369175392,0.07676171843691024,-0.011534609355663725,-0.0030595487916459784,-0.3359638403180602,0.3223681218374312
multihop,59,2,12,False,-0.009018186984938902,0.001955856311671628,-0.010789049919484699,-0.006119162640901772,0,5,0,0.0,0.0,0.009501278772378514,0.0004830917874396135,-0.009501278772378514,-0.0004830917874396135,-0.014138498152884342,-0.004541062801932367,-0.2395909269041591,0.2215545529342813,-0.013752024722932653,-0.0047991853746329445,-0.23073764399851351,0.21270127002863573,-0.010467462347257742,-0.007407407407407407,-0.09257776466216362,0.07454139069228581,-0.014637681159420293,-0.004550869115238724,-0.3381841680626846,0.3201477940928068
multihop,60,2,13,False,-0.0058619873070000945,0.0016167700774766106,-0.007890499194847017,-0.004025764895330112,0,5,0,0.0,0.0,0.006506109690252913,0.0006441223832528181,-0.006506109690252913,-0.0006441223832528181,-0.009919484702093397,-0.0025764895330112722,-0.2364347272262203,0.2247107526122201,-0.009405619494174481,-0.0027393909254523068,-0.22758144432057473,0.21585746970657452,-0.007118025954343088,-0.004605948659657099,-0.08942156498422481,0.07769759037022463,-0.010145828425763899,-0.0026452793020965244,-0.3350279683847458,0.3233039937707456
multihop,61,2,14,False,-0.01339821919105807,0.0006381755595255477,-0.014331723027375204,-0.012721417069243159,0,5,0,0.0,0.011111111111111112,0.0029312304631997728,0.0006441223832528181,-0.0029312304631997728,0.010466988727858294,-0.03681517002936441,-0.0007729468599033816,-0.24397095911027827,0.21717452072816212,-0.036747181964573265,-0.000870038836790755,-0.2351176762046327,0.20832123782251655,-0.013880837359098232,-0.012946859903381647,-0.09695779686828279,0.07016135848616664,-0.039637704686617724,-0.0007489183144038359,-0.34256420026880374,0.31576776188668765
multihop,62,2,15,False,-0.009431586031196672,0.0005872651378038799,-0.010301151248587978,-0.008690845290455933,0,5,0,0.0,0.011111111111111112,0.0007407407407407408,0.0024202658206551784,-0.0007407407407407408,0.008690845290455933,-0.032432006633499176,0.003225418799721201,-0.24000432595041687,0.22114115388802352,-0.032431561996779386,0.00319801956401567,-0.2311510430447713,0.21228787098237795,-0.009914677818636286,-0.00901290648208234,-0.09299116370842139,0.07412799164602804,-0.03495162132414581,0.0032693171899440855,-0.33859756710894234,0.31973439504654905
multihop,63,2,16,False,-0.02157092485851504,0.001347278625658738,-0.023181230816647087,-0.0201216494961962,0,5,0,0.0,0.022222222222222223,0.0017713365539452498,0.002422633917652431,-0.0017713365539452498,0.01979958830456979,-0.055231931419910965,0.0014887174315973406,-0.25214366477773525,0.20900181506070517,-0.05516671402860661,0.00132287818509046,-0.24329038187208965,0.2001485321550596,-0.022633726790882193,-0.020508122926147895,-0.10513050253573976,0.061988652818709675,-0.05736198010468706,0.0014188052667928365,-0.3507369059362607,0.30759505621923067
multihop,64,2,17,False,-0.12742533425512392,0.0053427224098750925,-0.13203080929538155,-0.118182178055446,0,5,0,0.0022222222222222222,0.13333333333333333,0.0014814814814814816,0.005167258337468668,0.0007407407407407411,0.1281660749958647,-0.1967135786681823,-0.061632612018056934,-0.35799807417434415,0.10314740566409628,-0.19631964431889998,-0.06161327032074639,-0.3491447912686986,0.0942941227584507,-0.1307103584097133,-0.12253000414240252,-0.21098491193234864,-0.043865756577899206,-0.21876754660608916,-0.047316030692358714,-0.4565913153328696,0.20174064682262177
multihop,65,2,18,False,-0.14288427145319155,0.0009834738476394412,-0.1436250121939323,-0.14120955325673426,0,5,0,0.0,0.14444444444444443,0.002640901771336554,0.00420107476258944,-0.002640901771336554,0.14024336968185502,-0.21866900171634018,-0.07665606218693405,-0.3734570113724117,0.08768846846602865,-0.21877187944901808,-0.07672053362768429,-0.36460372846676614,0.07883518556038308,-0.14349618771728173,-0.14201470623580026,-0.22644384913041626,-0.05932469377596683,-0.2374021423191552,-0.0609340890650901,-0.47205025253093724,0.18628170962455415
multihop,66,2,19,False,-0.1489693334973329,0.004353326369666403,-0.1515131432917821,-0.14120955325673426,0,5,0,0.0022222222222222222,0.15555555555555556,0.0006445960026522687,0.005008595838652717,0.0015776262195699542,0.15054695971690285,-0.22707262600043263,-0.07563177699877992,-0.3795420734165531,0.08160340642188729,-0.22607456996065423,-0.07754217616096848,-0.37068879051090753,0.07275012351624172,-0.15119108210015567,-0.14500892807912696,-0.23252891117455762,-0.06540975582010819,-0.2382015294682473,-0.07208809690691542,-0.47813531457507863,0.1801966475804128
multihop,67,2,20,False,-0.16706254179514485,0.006000441538023636,-0.1742113530104522,-0.1619730277286487,0,5,0,0.006666666666666666,0.17777777777777778,0.0009671308136781284,0.005015700129644475,0.0056995358529885395,0.17276207764813337,-0.2502372223494633,-0.09033586790401504,-0.397635281714365,0.06351019812407535,-0.24965034941801367,-0.09084296212175841,-0.38878199880871944,0.054656915218429775,-0.17163581071623984,-0.16248927287404982,-0.25062211947236956,-0.08350296411792013,-0.25439089466452103,-0.08977336196431268,-0.49622852287289054,0.16210343928260085
multihop,68,2,21,False,-0.15598079508679966,0.009444591272204756,-0.16100447605677218,-0.1391066831231736,0,5,0,0.0044444444444444444,0.16666666666666666,0.0005479776451643459,0.006789404780586977,0.0038964667992800995,0.15987726188607973,-0.23676204389391495,-0.08157896242713687,-0.38655353500601985,0.07459194483242054,-0.23513589978496263,-0.08104271940948853,-0.3777002521003743,0.06573866192677497,-0.1605535903884952,-0.1474471207474987,-0.23954037276402437,-0.07242121740957494,-0.24989178048581467,-0.07540091057999505,-0.4851467761645454,0.17318518599094604
multihop,69,2,22,False,-0.14174995299150742,0.0029486632462527003,-0.14571130564851223,-0.13894802062435765,0,5,0,0.0,0.14444444444444443,0.0028019323671497585,0.0054964238200868355,-0.0028019323671497585,0.13894802062435765,-0.21653517808089423,-0.07402042519004863,-0.3723226929107276,0.08882278692771278,-0.21694942999551825,-0.07430960323418433,-0.36346941000508204,0.0799695040220672,-0.1441009996903802,-0.13949552465012258,-0.22530953066873213,-0.0581903753142827,-0.22411540947400665,-0.07157275447853093,-0.47091593406925314,0.18741602808623828
multihop,70,2,23,False,-0.1644950510307231,0.004777682496124101,-0.1695533062168555,-0.15683188914761234,0,5,0,0.0022222222222222222,0.16666666666666666,0.004254049445865303,0.004203442859586693,-0.0020318272236430806,0.16246322380707998,-0.24339262323647465,-0.08897900328564624,-0.39506779094994326,0.0660776888884971,-0.2427249695681863,-0.08947420417803,-0.3862145080442977,0.05722440598285153,-0.16784543466243662,-0.16030825553957975,-0.2480546287079478,-0.08093547335349838,-0.25129749028143,-0.08743134604715198,-0.4936610321084688,0.1646709300470226
multihop,71,2,24,False,-0.05370410663364056,0.007634626717368695,-0.060855285945945185,-0.04442779707600107,0,5,0,0.0044444444444444444,0.05555555555555555,0.004542010040731268,0.00194901451820183,-9.75655962868232e-05,0.053606541037353725,-0.1051506984472353,-0.009778670585690482,-0.2842768465528608,0.17686863328557964,-0.10485395804439014,-0.010576634092962313,-0.2754235636472152,0.16801535037993406,-0.05950168170231537,-0.04777723346891573,-0.13726368431086527,0.02985547104358416,-0.10322353665863955,-0.01038048273075394,-0.38287008771138625,0.27546187444410514
multihop,72,2,25,False,-0.14547639042638474,0.008039120872547044,-0.15471954662606266,-0.1365230892991706,0,5,0,0.006666666666666666,0.14444444444444443,0.01642512077294686,0.008726508124339932,-0.009758454106280193,0.13571793632010454,-0.2234523266729722,-0.0734203198980941,-0.37604913034560494,0.08509634949283545,-0.22330413505080454,-0.0741341526948944,-0.36719584743995937,0.07624306658718988,-0.15182099590142498,-0.1391317849513445,-0.22903596810360946,-0.06191681274916003,-0.2339033629350507,-0.06769887679724344,-0.47464237150413047,0.18368959065136095
multihop,73,2,26,False,-0.13473998294970163,0.0019703669916067536,-0.13654210476461115,-0.13251633986928107,0,5,0,0.011111111111111112,0.13333333333333333,0.02074216159893909,0.008224400871459687,-0.009631050487827978,0.12510893246187368,-0.21303873022639003,-0.06562588803637398,-0.3653127228689218,0.09583275696951857,-0.2122607630008525,-0.06590857961542107,-0.3564594399632762,0.08697947406387299,-0.1362214644311831,-0.1332580278488207,-0.21829956062692635,-0.051180405272476914,-0.21640992675705165,-0.06254479178249753,-0.4639059640274473,0.19442599812804406
multihop,74,2,27,False,-0.09986217675475989,0.007555049005584448,-0.1065927820403524,-0.08872075400208394,0,5,0,0.015555555555555555,0.1,0.02283461210571185,0.007416879795396414,-0.00727905655015629,0.09258312020460362,-0.1710035284645259,-0.03427821587572228,-0.33043491667398006,0.1307105631644603,-0.17023639528275075,-0.034876290612863514,-0.3215816337683345,0.12185728025881473,-0.10533674339300941,-0.09332528180354269,-0.1834217544319846,-0.016302599077535174,-0.1753242835595777,-0.03144193129063663,-0.4290281578325056,0.2293038043229858
multihop,75,2,28,False,-0.1146722553755802,0.001963882414431856,-0.117699156957469,-0.11302926967888606,0,5,0,0.0,0.1,0.02289902434403713,0.00822676896845694,-0.02289902434403713,0.09177323103154307,-0.18191555366107798,-0.055542104764611196,-0.3452449952948004,0.11590048454363999,-0.18192266979255473,-0.0556705266647722,-0.33639171238915483,0.10704720163799442,-0.1163147674528749,-0.11325471251302456,-0.19823183305280492,-0.03111267769835549,-0.18693559756069678,-0.05276251553395439,-0.4438382364533259,0.2144937257021655
multihop,76,2,29,False,-0.061311452117078724,0.007989680026332635,-0.06665719427867765,-0.04717012408828265,0,5,0,0.0044444444444444444,0.05555555555555555,0.01955195604811973,0.009351615042152117,-0.015107511603675284,0.04620394051340342,-0.1137454769347353,-0.016475194183953778,-0.2918841920362989,0.16926128780214147,-0.11332768542199487,-0.016581367812825615,-0.2830309091306533,0.1604080048964959,-0.06556123898834897,-0.054064601686085054,-0.14487102979430344,0.022248125560145993,-0.11079126409017717,-0.017089697868825793,-0.3904774331948244,0.26785452896066697
multihop,77,2,30,False,-0.05812399355877618,0.00626221223965603,-0.06328739225158665,-0.051195888983612776,0,5,0,0.0044444444444444444,0.044444444444444446,0.02506014966373022,0.006936156104954055,-0.02061570521928578,0.03750828833949038,-0.10724924220896086,-0.01783877995642702,-0.2886967334779964,0.17244874636044402,-0.10600937766410913,-0.018512728521360263,-0.2798434505723508,0.16359546345479845,-0.06276499005399264,-0.05348299706355973,-0.1416835712360009,0.02543558411844854,-0.10851720490044475,-0.017511586950363933,-0.38728997463652187,0.2710419875189695
multihop,78,2,31,False,-0.0407056929051814,0.002783143915036081,-0.043797953964194364,-0.036390546556786973,0,5,0,0.0022222222222222222,0.022222222222222223,0.02554134697357203,0.004835654068390642,-0.023319124751349812,0.01738656815383158,-0.07761016387231219,-0.012976224306147581,-0.2712784328244016,0.1898670470140388,-0.07735976129582267,-0.01346208676707398,-0.26242514991875604,0.18101376410839323,-0.0426385336743393,-0.03838685232547126,-0.1242652705824061,0.04285388477204332,-0.07822335293756888,-0.013274801107281933,-0.3698716739829271,0.2884602881725643
multihop,79,2,32,False,-0.026186890215023205,0.006831205944428626,-0.034789712986643934,-0.01835748792270532,0,5,0,0.006666666666666666,0.011111111111111112,0.025448517571279715,0.003706071800700957,-0.018781850904613047,0.007405039310410156,-0.0549469901487165,-0.003593599033816425,-0.2567596301342434,0.204385849704197,-0.05443254475703325,-0.006901972624798712,-0.24790634722859783,0.1955325667985514,-0.031468220138296865,-0.020905560291749555,-0.10974646789224793,0.05737268746220151,-0.054821951023635664,-0.0029004156010230316,-0.3553528712927689,0.3029790908627225
multihop,80,2,33,False,-0.030037415932556592,0.002759186364288137,-0.03316046225253386,-0.027204698304442543,0,5,0,0.0,0.011111111111111112,0.023447001989201473,0.004520697167755992,-0.023447001989201473,0.006590413943355122,-0.05667386568153833,-0.012709079283887465,-0.26061015585177677,0.2005353239866636,-0.056674232736572884,-0.01284070995547978,-0.2517568729461312,0.19168204108101802,-0.0321303400587288,-0.027944965425783837,-0.11359699360978132,0.053522161744668124,-0.056846244293004805,-0.012736177653720647,-0.3592033970103023,0.2991285651451891
multihop,81,2,34,False,-0.035053921922074766,0.0027075953675557186,-0.03943348050879448,-0.03234813429301348,0,5,0,0.0,0.022222222222222223,0.018003694231315714,0.005171994531463174,-0.018003694231315714,0.01705022769075905,-0.06970278438724255,-0.009652067348678609,-0.26562666184129496,0.19551881799714543,-0.06967107168052887,-0.010024993850016754,-0.2567733789356494,0.18666553509149986,-0.03743717474011019,-0.03324990562956743,-0.11861349959929948,0.04850565575514995,-0.07096208475939214,-0.010074069309717526,-0.36421990299982043,0.29411205915567096
multihop,82,2,35,False,-0.02178026463307221,0.002464896413769919,-0.02445289890417196,-0.019138889242336206,0,5,0,0.0,0.011111111111111112,0.01632897603485839,0.005659822512897293,-0.01632897603485839,0.005451288598213821,-0.04786431228342518,-0.005977406587409644,-0.2523530045522924,0.208792475286148,-0.04762847421036336,-0.006137562754570427,-0.24349972164664682,0.19993919238050242,-0.023744837901993308,-0.019815691364151115,-0.10533984231029693,0.0617793130441525,-0.04805726859707256,-0.00570776593699038,-0.3509462457108179,0.3073857164446735
multihop,83,2,36,False,-0.023887941650089988,0.0017988620331376873,-0.02656057592118973,-0.021729658046793596,0,5,0,0.0,0.011111111111111112,0.018422373780430046,0.005645543241451171,-0.018422373780430046,0.0054655678696599415,-0.04988192668371696,-0.007869316567206595,-0.2544606815693102,0.20668479826913022,-0.04966016624040921,-0.008028748697546651,-0.2456073986636646,0.19783151536348464,-0.025402102870133562,-0.02253481102585962,-0.10744751932731471,0.059671636027134725,-0.04982785853023414,-0.00791583272689052,-0.3530539227278357,0.3052780394276557
multihop,84,2,37,False,-0.0015089514066496165,0.010632699796039426,-0.01786729184427394,0.007736572890025576,3,2,0,0.006666666666666666,0.0,0.015592497868712701,0.007416879795396417,-0.008925831202046035,-0.007416879795396417,-0.014141766126740549,0.018615231599886334,-0.2320816913258698,0.2290637885125706,-0.012201382968646396,0.01407886947049351,-0.22322840842022423,0.220210505606925,-0.010364686937576962,0.006157999431656721,-0.08506852908387433,0.0820506262705751,-0.014395722612202453,0.01934060906503453,-0.33067493248439533,0.32765702967109606
multihop,85,2,38,False,-0.044240788102680687,0.007680283285406256,-0.05409443970825045,-0.032516339869281055,0,5,0,0.0022222222222222222,0.044444444444444446,0.012660793786113475,0.010642227905655008,-0.010438571563891254,0.033802216538789426,-0.09191267642322631,-0.005820545609548224,-0.2748135280219009,0.1863319518165395,-0.09113817845978972,-0.007296497584541065,-0.2659602451162553,0.17747866891089392,-0.05032858529885384,-0.03747608222032775,-0.1278003657799054,0.03931878957454403,-0.0925840123713793,-0.00596929359453779,-0.37340676918042637,0.284925192975065
multihop,86,2,39,False,-0.054812446717817556,0.0079219335143415,-0.0648953301127214,-0.04282703419532065,0,5,0,0.0022222222222222222,0.05555555555555555,0.013082788671023962,0.011603675286539735,-0.010860566448801741,0.04395188026901582,-0.10661643932935494,-0.011905074831865129,-0.28538518663703777,0.17576029320140263,-0.10617721653878943,-0.011856990622335906,-0.2765319037313922,0.16690701029575705,-0.061029648574405605,-0.04804726721606518,-0.13837202439504226,0.02874713095940716,-0.10593182843935066,-0.011614550031969317,-0.38397842779556324,0.27435353435992815
multihop,87,2,40,False,-0.11086603781320736,0.004155839399841977,-0.11669487176224592,-0.10605974814758262,0,5,0,0.0,0.1111111111111111,0.013504309936534998,0.013749383234438778,-0.013504309936534998,0.09736172787667235,-0.17746316531154968,-0.049888725419506674,-0.3414387777324276,0.11970670210601284,-0.1776123976593305,-0.05013308157281236,-0.332585494826782,0.11085341920036726,-0.11408712334887092,-0.10770604918007293,-0.19442561549043208,-0.027306460135982646,-0.18694443071465608,-0.04579151730363192,-0.44003201889095306,0.21829994326453833
multihop,88,2,41,False,-0.26380240740033856,0.0040012650264996796,-0.26757573315576144,-0.2588658723998649,0,5,0,0.0,0.26666666666666666,0.016533105996021598,0.019397365262349805,-0.016533105996021598,0.2472693014043169,-0.3575537937974237,-0.17435834185141366,-0.4943751473195588,-0.03322966748111836,-0.3568151748009032,-0.1744432651674846,-0.4855218644139132,-0.042082950386763934,-0.2669301899143103,-0.2606746248863668,-0.3473619850775633,-0.18024282972311384,-0.3836237254330727,-0.15726903872372283,-0.5929683884780843,0.06536357367740714
multihop,89,2,42,False,-0.27810673119200824,0.008582068629276829,-0.2888318424925671,-0.26628045478772666,0,5,0,0.0044444444444444444,0.28888888888888886,0.01466278298759117,0.021000496240027484,-0.010218338543146726,0.2678883926488615,-0.37214911995153527,-0.18704282933160296,-0.5086794711112285,-0.04753399127278804,-0.3722850605596626,-0.18720232826348512,-0.4998261882055829,-0.056387274178433616,-0.2845777930467018,-0.2712132008330047,-0.36166630886923296,-0.19454715351478352,-0.3977858085860735,-0.16966080036818257,-0.6072727122697539,0.05105924988573746
multihop,90,2,43,False,-0.23652200068144652,0.00361685075728071,-0.2408352525522431,-0.23118525728843708,0,5,0,0.0022222222222222222,0.24444444444444444,0.01353130624230368,0.01923152778307948,-0.011309084020081461,0.22521291666136506,-0.32708954552330705,-0.15038391712226026,-0.4670947406006667,-0.005949260762226322,-0.3274740769369973,-0.15049409371867575,-0.4582414576950211,-0.014802543667871898,-0.23932156495159898,-0.23353156779331538,-0.32008157835867124,-0.1529624230042218,-0.3524897970816233,-0.13567185227887055,-0.5656879817591922,0.09264398039629917
multihop,91,2,44,False,-0.3459957388391944,0.006340713679781918,-0.35356133512601823,-0.3389075509070167,0,5,0,0.008888888888888889,0.35555555555555557,0.019368191721132896,0.02003911954860537,-0.010479302832244007,0.3355164360069504,-0.44614453485626737,-0.24935658945963568,-0.5765684787584145,-0.11542299891997418,-0.44582703083757114,-0.24929831872182134,-0.567715195852769,-0.12427628182561976,-0.35098768730940366,-0.3410037903689851,-0.4295553165164191,-0.26243616116196966,-0.47029321826281273,-0.2351554297900626,-0.6751617199169401,-0.016829757761448683
multihop,92,2,45,False,-0.341090936338484,0.005378336432367251,-0.34759846688693524,-0.33503097612251354,0,5,0,0.008888888888888889,0.35555555555555557,0.017044614947428243,0.022620345275611155,-0.008155726058539358,0.3329352102799446,-0.4412967663812225,-0.243441103130271,-0.5716636762577042,-0.11051819641926378,-0.4407296343658236,-0.24348638344226584,-0.5628103933520586,-0.11937147932490935,-0.34508686321164866,-0.3369027199891423,-0.4246505140157087,-0.25753135866125926,-0.45471562736087745,-0.23728228352945213,-0.6702569174162296,-0.01192495526073828
multihop,93,2,46,False,-0.3601844288079354,0.002287342916027289,-0.3624085455077554,-0.35677247465429335,0,5,0,0.015555555555555555,0.4,0.019303779482807613,0.04356379511931676,-0.0037482239272520583,0.3564362048806833,-0.4604906318789684,-0.26259249928250206,-0.5907571687271556,-0.1296116888887152,-0.46048917779672255,-0.262613602384497,-0.58190388582151,-0.13846497179436076,-0.3618600942431916,-0.3583496272544638,-0.4437440064851601,-0.27662485113071067,-0.46905621304425904,-0.25777199352782326,-0.6893504098856811,-0.03101844773018969
multihop,94,2,47,False,-0.23043923604483973,0.0026115590137635904,-0.23436790896328247,-0.22744122524631744,0,5,0,0.011111111111111112,0.3,0.011854693568248554,0.07030434641229769,-0.0007435824571374438,0.2296956535877023,-0.32903907360045465,-0.13753641037495104,-0.46101197596405996,0.00013350387438046396,-0.3292111883040043,-0.13755018951844927,-0.4521586930584144,-0.008719779031265112,-0.23262877852849986,-0.22853812777544505,-0.31399881372206445,-0.14687965836761502,-0.32639566995429864,-0.1425101364490002,-0.5596052171225854,0.09872674503290596
multihop,95,2,48,False,-0.2065768698423201,0.005127376417857086,-0.21536629865732435,-0.20296457468271037,0,5,0,0.011111111111111112,0.2777777777777778,0.011019702567017144,0.07110949939136371,9.14085440939665e-05,0.20666827838641405,-0.3025885715992358,-0.11777121956288468,-0.43714960976154027,0.0239958700769001,-0.3015039665624703,-0.11752997675023574,-0.4282963268558947,0.015142587171254523,-0.21117997678558048,-0.2034860296415055,-0.2901364475195448,-0.12301729216509538,-0.3067813799393084,-0.11665784086566347,-0.5357428509200658,0.1225891112354256
multihop,96,3,1,False,-0.23613505363209528,0.009232350798501189,-0.24486338554457043,-0.22393414428284836,0,5,0,0.02222222222222222,0.2777777777777778,0.0205887089135171,0.04000921083697738,0.001633513308705125,0.23776856694080045,-0.3277218617059629,-0.14706020992649713,-0.4667077935513155,-0.005562313712875078,-0.3268462643800039,-0.14801142076630208,-0.4578545106456699,-0.014415596618520654,-0.24311951891579334,-0.22866702294155822,-0.31969463130931997,-0.15257547595487056,-0.33083550712271415,-0.14476752649469915,-0.5653010347098409,0.09303092744565042
multihop,97,3,2,False,-0.13936156104954062,0.01185189686396815,-0.15362792459979166,-0.12110684853651606,0,5,0,0.017777777777777778,0.14444444444444443,0.026065170029364405,0.01337027564649048,-0.008287392251586622,0.131074168797954,-0.21382152836980206,-0.07194777162072559,-0.3699343009687608,0.09121117886967958,-0.21174059865492095,-0.07394524959742352,-0.3610810180631152,0.082357895964034,-0.1478308231505163,-0.1289954532537653,-0.22292113872676533,-0.0558019833723159,-0.22362937253300672,-0.06348467502943209,-0.4685275421272863,0.18980442002820508
multihop,98,3,3,False,-0.07027801458747751,0.003939824545774046,-0.07682817088187933,-0.06650326797385622,0,5,0,0.013333333333333332,0.06666666666666667,0.024356824855546085,0.00741214360140191,-0.011023491522212749,0.059254523065264755,-0.11978715544188691,-0.029056431751444536,-0.30085075450669774,0.1602947253317427,-0.11929746850430996,-0.03017995169082126,-0.29199747160105216,0.1514414424260971,-0.07376385336743395,-0.06779151274036185,-0.15383759226470223,0.013281563089747206,-0.12011783159711394,-0.029614045931546776,-0.3994439956652232,0.2588879664902682
multihop,99,3,4,False,-0.10540447096713079,0.0057473332123719805,-0.1119138959931799,-0.0972530074831865,0,5,0,0.015555555555555555,0.1111111111111111,0.01936156104954059,0.009512645637965328,-0.0038060054939850346,0.10159846547314577,-0.16971347210381732,-0.048622276688453175,-0.335977210886351,0.1251682689520894,-0.1693012692999905,-0.049018873733068145,-0.32712392798070544,0.11631498604644383,-0.10952685421994886,-0.10037842190016102,-0.1889640486443555,-0.021844893289906075,-0.17717680124886476,-0.04604320717608172,-0.4345704520448765,0.2237615101106149
multihop,100,3,5,False,-0.13133702756464904,0.008284257069812891,-0.14299280098512834,-0.12319314199109593,0,5,0,0.013333333333333332,0.13333333333333333,0.019232262953490575,0.007895235388841524,-0.0058989296201572405,0.12543809794449182,-0.2037327010514351,-0.06728164961636829,-0.36190976748386927,0.09923571235457115,-0.2033488562091503,-0.06821003836317144,-0.3530564845782237,0.09038242944892558,-0.13748555460831677,-0.12518850052098135,-0.21489660524187376,-0.04777744988742433,-0.2077963765125332,-0.06495220494757784,-0.46050300864239474,0.19782895351309665
multihop,101,3,6,False,-0.0631898266552998,0.008944892388431033,-0.07778014587477504,-0.057007199014871654,0,5,0,0.015555555555555555,0.06666666666666667,0.018849104859335036,0.006770389315146345,-0.0032935493037794827,0.05989627735152031,-0.12035997442455246,-0.009978201667140293,-0.29376256657452,0.1673829132639204,-0.12001020649805819,-0.011532194278677679,-0.2849092836688744,0.15852963035827483,-0.07124135644596004,-0.057297054087335424,-0.14674940433252454,0.02036975102192491,-0.13266514709773142,-0.005362126443801927,-0.3923558077330455,0.2659761544224459
multihop,102,3,7,False,-0.0582935493037795,0.007709685452230572,-0.06940181869849392,-0.047991853746329464,0,5,0,0.011111111111111112,0.05555555555555555,0.01804063654447286,0.004191531685137824,-0.0069295254333617525,0.051364023870417726,-0.11256951548735437,-0.01069375769631524,-0.28886628922299973,0.1722791906154407,-0.11226367576015911,-0.011302855924978695,-0.28001300631735415,0.16342590770979512,-0.06463673392062141,-0.05243345647437721,-0.14185312698100422,0.025266028373445215,-0.11552590387123944,-0.009343857576412764,-0.3874595303815252,0.2708724317739662
multihop,103,3,8,False,-0.023774746613621296,0.009819842045250672,-0.03978166145685327,-0.016756654352562288,0,5,0,0.015555555555555555,0.022222222222222223,0.01952590698114995,0.002417827034195321,-0.003970351425594392,0.019804395188026905,-0.06282738940987025,0.013104196267879098,-0.2543474865328415,0.2067979933055989,-0.062067881500426254,0.010209458179407025,-0.24549420362719593,0.19794471039995332,-0.03256701714502226,-0.017334943639291472,-0.10733432429084601,0.059784831063603425,-0.06582806066376261,0.012151477252500268,-0.352940727691367,0.3053912344641244
multihop,104,3,9,False,-0.010471724921852808,0.0067807841063950245,-0.018040162925073426,-0.004991948470209349,0,5,0,0.017777777777777778,0.011111111111111112,0.01891209623946197,0.0017737046509425027,-0.0011343184616841914,0.009337406460168611,-0.04289855072463766,0.02437916785071517,-0.241044464841073,0.2201010149973674,-0.04272065927820403,0.02262850478355592,-0.23219118193542743,0.21124773209172182,-0.015561712607748425,-0.005381737235957192,-0.09403130259907752,0.07308785275537191,-0.045299103864306335,0.023619106972738113,-0.3396377059995985,0.31869425615589286
multihop,105,3,10,False,0.006352727694293525,0.00513789863391066,-0.0027279770513728564,0.009188287038804276,4,1,0,0.02,0.0,0.016562470398787534,0.0029151980930810567,0.0034375296012124647,-0.0029151980930810567,-0.015257426458217581,0.03803610163872313,-0.22422001222492668,0.2369254676135137,-0.0151822178182687,0.03669517820106627,-0.2153667293192811,0.22807218470786814,0.0016515815353468557,0.009091195061916902,-0.07720684998293119,0.08991230537151824,-0.015861568449843707,0.03859294064212904,-0.3228132533834522,0.3355187087720392
multihop,106,3,11,False,0.008271289192005307,0.0077032101277111934,-0.0025812257270057736,0.019157904707776834,4,1,0,0.022222222222222223,0.0,0.015722269584162167,0.0017713365539452498,0.006499952638060055,-0.0017713365539452498,-0.014273657289002557,0.04085375816993463,-0.22230145072721488,0.23884402911122551,-0.01381752628587667,0.03880222837927442,-0.2134481678215693,0.22999074620557994,0.001766600359950748,0.014647627166808756,-0.07528828848521942,0.09183086686923002,-0.014565077739705922,0.04151682601756578,-0.3208946918857404,0.337437270269751
multihop,107,3,12,False,-0.00886568153831581,0.0068108049314641135,-0.017242114236999152,-0.0033863787060718015,0,5,0,0.017777777777777778,0.011111111111111112,0.017303684758927726,0.0017713365539452498,0.0004740930188500518,0.009339774557165864,-0.04097551387704841,0.025860045467462314,-0.23943842145753602,0.22170705838090438,-0.04084935350951975,0.024403464525906977,-0.23058513855189045,0.2128537754752588,-0.014182059297148815,-0.003807426352183388,-0.09242525921554053,0.07469389613890891,-0.042410103445311674,0.02601514755532309,-0.3380316626160615,0.3203002995394299
multihop,108,3,13,False,-0.0008733541725869067,0.004596276302816557,-0.0038694704935114126,0.0072392725206024446,1,4,0,0.013333333333333332,0.0,0.0163000852514919,0.002093397745571659,-0.002966751918158567,-0.002093397745571659,-0.016650563607085344,0.022412901392441033,-0.2314460940918071,0.2296993857466333,-0.01623576773704651,0.020286871270247225,-0.22259281118616153,0.2208461028409877,-0.003352751728710806,0.0032149284834706838,-0.08443293184981163,0.0826862235046378,-0.01709427394146064,0.022665981083691587,-0.3300393352503326,0.3282926269051588
multihop,109,3,14,False,-0.04078005115089515,0.006065241389918463,-0.0457374254049446,-0.033020744529695945,0,5,0,0.015555555555555555,0.044444444444444446,0.015272804774083545,0.003381642512077295,0.0002827507814720102,0.04106280193236715,-0.09195088566827697,0.004734938903097467,-0.27135279107011534,0.18979268876832506,-0.09202061428436109,0.003440738372643721,-0.26249950816446976,0.18093940586267948,-0.04531921947522972,-0.035982760253860005,-0.12433962882811986,0.04277952652632957,-0.08916580400276056,0.005753350231122857,-0.36994603222864086,0.2883859299268505
multihop,110,3,15,False,-0.03939092545230655,0.010327297205555835,-0.05555555555555557,-0.03156436487638536,0,5,0,0.015555555555555555,0.044444444444444446,0.01437150705692905,0.0038694704935114147,0.0011840484986265047,0.04057497395093303,-0.09014782845505354,0.0075091645353793654,-0.2699636653715267,0.19118181446691365,-0.08967015960973762,0.005862295159609722,-0.26111038246588114,0.18232853156126808,-0.04843942407881028,-0.03217770199867388,-0.12295050312953126,0.04416865222491817,-0.09112420428037436,0.00817560602942331,-0.36855690653005224,0.28977505562543915
multihop,111,3,16,False,-0.07752486501847118,0.008359448042620793,-0.0892180543715071,-0.06570285118878473,0,5,0,0.022222222222222223,0.08888888888888889,0.01537179122856872,0.004513592876764233,0.0068504309936535,0.08437529601212465,-0.14339177796722555,-0.015969143696125804,-0.3080976049376914,0.153047874900749,-0.14268152647532445,-0.01788830870512456,-0.2992443220320458,0.14419459199510343,-0.08445060149663733,-0.07050251018281711,-0.16108444269569588,0.0060347126587535355,-0.15936455289283352,-0.0077408447875899926,-0.40669084609621686,0.2516411160592745
multihop,112,3,17,False,-0.18517476555839724,0.007938909224044633,-0.19644785450412044,-0.17406460168608504,0,5,0,0.011111111111111112,0.18888888888888888,0.014659941271194465,0.007262953490574972,-0.0035488301600833543,0.18162593539831395,-0.26941320924505074,-0.10611671166050965,-0.4157475054776174,0.04539797436082296,-0.26925883300179976,-0.10635053755801842,-0.40689422257197183,0.036544691455177386,-0.19190537084398973,-0.17850999336932838,-0.26873434323562195,-0.10161518788117252,-0.2889290409720724,-0.09313122802604376,-0.5143407466361429,0.14399121551934846
multihop,113,3,18,False,-0.17817784479138837,0.014792334431910314,-0.1875839260644773,-0.15263791867601467,0,5,0,0.02,0.18888888888888888,0.01672255375580184,0.0074335978533023985,0.0032774462441981624,0.18145529103558652,-0.2602225712514438,-0.10275359614968636,-0.40875058471060854,0.052394895127831825,-0.2594395431905547,-0.1030834176305175,-0.39989730180496297,0.04354161222218625,-0.1869052294650646,-0.16468395448164125,-0.2617374224686131,-0.09461826711416366,-0.27858452780530146,-0.0877535227788077,-0.5073438258691341,0.15098813628635732
multihop,114,3,19,False,-0.22464653854908465,0.005555796397710888,-0.22993023656935563,-0.21527645235035395,0,5,0,0.013333333333333332,0.23333333333333334,0.011116320924505062,0.006469782375420425,0.0022170124088282664,0.22686355095791294,-0.31723746940913505,-0.1372399000663067,-0.45521927846830484,0.005926201370135553,-0.3173228002499579,-0.13788054223059187,-0.44636599556265927,-0.0029270815355100233,-0.22835118949158728,-0.21959017784055002,-0.30820611622630933,-0.14108696087185993,-0.33545930777614713,-0.12197709423328633,-0.5538125196268303,0.10451944252866105
multihop,115,3,20,False,-0.2652443169206539,0.013081221477845273,-0.2819573982884667,-0.25088559758751006,0,5,0,0.02888888888888889,0.28888888888888886,0.0112214644311831,0.005977147510529194,0.017667424457705787,0.2829117413783597,-0.3695530909674418,-0.16438994728686776,-0.4958170568398741,-0.03467157700143372,-0.36830508405684,-0.16553306729354075,-0.4869637739342285,-0.0435248599070793,-0.27516285438394844,-0.25532577945735946,-0.34880389459787864,-0.1816847392434292,-0.3907394152621204,-0.15234858721755296,-0.5944102979983996,0.06392166415709177
multihop,116,3,21,False,-0.22306100217864927,0.004925826587620047,-0.22737756938524206,-0.2153002746992517,0,5,0,0.024444444444444446,0.24444444444444444,0.00918963720754002,0.006128635028890784,0.015254807236904425,0.2383158094155537,-0.3171307663161884,-0.13410092829402295,-0.45363374209786944,0.0075117377405709285,-0.31614934403713174,-0.13483581983518048,-0.44478045919222386,-0.001341545165074648,-0.22653973666761396,-0.21893909254523067,-0.306620579855874,-0.13950142450142455,-0.3407884099391492,-0.11809282956731652,-0.552226983256395,0.10610497889909642
multihop,117,3,22,False,-0.20053125958725843,0.010527305697638333,-0.2115822210346393,-0.1893576307154198,0,5,0,0.022222222222222223,0.2222222222222222,0.006832907075873827,0.006301647488615462,0.015389315146348392,0.21592057473360685,-0.29116360422242304,-0.11471403002040104,-0.4311039995064786,0.030041480331961773,-0.29064976269547405,-0.11620993604017425,-0.422250716600833,0.021188197426316197,-0.20893705668870768,-0.19212546248580914,-0.28409083726448314,-0.11697168191003371,-0.31106352266471554,-0.10298623183871874,-0.5296972406650041,0.12863472149048727
multihop,118,3,23,False,-0.18624696918929082,0.008827324573715207,-0.19613282691402323,-0.17568904553673803,0,5,0,0.02,0.2,0.011092166335133082,0.004845197145842258,0.008907833664866917,0.19515480285415776,-0.27155100121020354,-0.10553440880281745,-0.416819709108511,0.04432577072992938,-0.2714401839905333,-0.10642373402241423,-0.40796642620286544,0.035472487824283805,-0.19294584197512016,-0.17954809640346153,-0.2698065468665155,-0.1026873915120661,-0.2953504146334611,-0.09433368814164805,-0.5154129502670365,0.14291901188845488
multihop,119,3,24,False,-0.08473091349164945,0.004933079250169021,-0.09098221594499795,-0.08034946042733195,0,5,0,0.028888888888888888,0.1111111111111111,0.006385336743393008,0.0038766454739657787,0.022503552145495882,0.10723446563714532,-0.15610429523312677,-0.020866639203810457,-0.31530365341086963,0.14584182642757076,-0.1559702825033683,-0.021583378928036735,-0.30645037050522406,0.1369885435219252,-0.08856533614960152,-0.08096137669142213,-0.16829049116887418,-0.0011713358144247316,-0.1655057115540639,-0.011439890175905517,-0.41389689456939516,0.24443506758609623
multihop,120,3,25,False,-0.15212648041407065,0.005640751622579998,-0.16198250011663765,-0.1476484089922652,0,5,0,0.03111111111111111,0.17777777777777778,0.014340248176565309,0.00888043442916138,0.016770862934545803,0.16889734334861645,-0.23245550557810554,-0.07968562575726089,-0.38269922033329085,0.07844625950514955,-0.23265709602032467,-0.07952181088023935,-0.37384593742764527,0.06959297659950398,-0.1572159944805668,-0.148777044021156,-0.23568605809129536,-0.06856690273684593,-0.25371718990175246,-0.06218309167248643,-0.48129246149181637,0.17703950066367505
multihop,121,3,26,False,-0.16027323597980545,0.009342253487764544,-0.17325944870701906,-0.14748737839645196,0,5,0,0.044444444444444446,0.2,0.015862015582785136,0.011144335158535253,0.02858242886165931,0.1888556648414648,-0.2500028841300743,-0.07501347924345314,-0.39084597589902564,0.07029950393941475,-0.24973314303730001,-0.07493059620199656,-0.38199269299338007,0.06144622103376918,-0.16755468890274405,-0.15317791548085094,-0.24383281365703016,-0.07671365830258073,-0.2715095317665219,-0.06032365684248138,-0.4894392170575511,0.16889274509794025
multihop,122,3,27,False,-0.14888314890452542,0.010910213307441274,-0.16022300404767864,-0.1315524537019365,0,5,0,0.057777777777777775,0.2,0.01812021874147308,0.011459292059169904,0.03965755903630469,0.18854070794083014,-0.24174257601591356,-0.06299358245713749,-0.3794558888237456,0.08168959101469478,-0.24106733948897177,-0.06530301020473085,-0.3706026059181,0.0728363081090492,-0.1561030171676429,-0.14018369363752425,-0.23244272658175014,-0.0653235712273007,-0.2596740564702438,-0.04977551233197876,-0.4780491299822711,0.18028283217322028
multihop,123,3,28,False,-0.1495883823281999,0.004079520918934156,-0.15345498282952957,-0.14264698813406684,0,5,0,0.03333333333333333,0.17777777777777778,0.01708632173036494,0.011942383846609518,0.016247011602968393,0.16583539393116833,-0.237932148189148,-0.06835430389258598,-0.3801611222474201,0.0809843575910203,-0.23789709929324684,-0.06867616291234933,-0.3713078393417745,0.07213107468537472,-0.15223115030134923,-0.1458761534753061,-0.23314796000542462,-0.06602880465097519,-0.24268254443653692,-0.06052131489222056,-0.47875436340594557,0.1795775987495458
multihop,124,3,29,False,-0.10054134697357205,0.007338065947975447,-0.10818644063004104,-0.09209522153370686,0,5,0,0.035555555555555556,0.13333333333333333,0.014061830659150959,0.011298261463356699,0.02149372489640459,0.12203507186997666,-0.1739789811951892,-0.03538071506632792,-0.33111408689279226,0.13003139294564814,-0.174050925925926,-0.03612340153452688,-0.3222608039871467,0.12117811004000258,-0.1063000711135994,-0.09478262283354472,-0.18410092465079675,-0.01698176929634733,-0.17804083011753621,-0.03070244317250035,-0.4297073280513177,0.22862463410417366
multihop,125,3,30,False,-0.08202185294046957,0.006937671028518276,-0.08773792305876131,-0.07037273846736763,0,5,0,0.022222222222222223,0.1,0.013446570783479586,0.009202495620787786,0.008775651438742635,0.09079750437921222,-0.1554182935846485,-0.017629517410107782,-0.31259459285968977,0.14855088697875063,-0.15471450081222193,-0.017773193566127877,-0.3037413099540442,0.13969760407310505,-0.08649138507519238,-0.07606799760786859,-0.1655814306176943,0.0015377247367551472,-0.16069453809616932,-0.013568255838326543,-0.41118783401821524,0.24714412813727613
multihop,126,3,31,False,-0.09794503611524648,0.0035325623774891016,-0.10066320853815608,-0.09211904388260463,0,5,0,0.0022222222222222222,0.1,0.008879487190362481,0.008712228852893812,-0.00665726496814026,0.09128777114710619,-0.1646722790565501,-0.04181645039225585,-0.3285177760344667,0.1326277038039737,-0.1647111193817782,-0.0419589644135108,-0.3196644931288211,0.12377442089832814,-0.10023690866497297,-0.09482246341466866,-0.18150461379247118,-0.014385458438021761,-0.17613060304153166,-0.03539177902345763,-0.42711101719299216,0.23122094496249923
multihop,127,3,32,False,-0.05437251084729805,0.004479440218271761,-0.05766086447557609,-0.046554489558459484,0,5,0,0.0022222222222222222,0.05555555555555555,0.007179723717304356,0.0061405462033396535,-0.004957501495082134,0.049415009352215905,-0.10780137763159199,-0.011956225373558471,-0.2849452507665182,0.17620022907192215,-0.10723021048494388,-0.011921204399994915,-0.27609196786087264,0.16734694616627657,-0.05701483347683295,-0.05041590852218024,-0.13793208852452277,0.029187066829926667,-0.11642020489693511,-0.0068061773947959954,-0.38353849192504375,0.27479347023044765
multihop,128,3,33,False,-0.051784124277730416,0.00151170177181308,-0.05331540648561681,-0.050061499832465974,0,5,0,0.0,0.05555555555555555,0.0041428195764570165,0.007914250854282151,-0.0041428195764570165,0.0476413047012734,-0.10485451596097381,-0.008903811787892032,-0.2823568641969506,0.1787886156414898,-0.10493230794733352,-0.008933231505162465,-0.27350358129130503,0.1699353327358442,-0.052984777731122736,-0.0505834708243381,-0.13534370195495513,0.0317754533994943,-0.11379737927401112,-0.006561896249336486,-0.38095010535547613,0.27738185680001526
multihop,129,3,34,False,-0.0408975087619589,0.0015578309640266479,-0.04252398846913486,-0.03927244991298128,0,5,0,0.0,0.044444444444444446,0.004208652672980651,0.0077555883554662015,-0.004208652672980651,0.03668885608897825,-0.08610290547829196,-0.006063946571490377,-0.2714702486811791,0.18967523115726131,-0.08603033532253482,-0.0061465852041299686,-0.2626169657755335,0.18082194825161574,-0.04213181746849724,-0.039663200055420546,-0.12445708643918361,0.04266206891526582,-0.08743914402198985,-0.005809057279914891,-0.3700634898397046,0.2882684723157868
multihop,130,3,35,False,-0.05194562849294306,0.0016311070001498312,-0.053798498273056425,-0.05022253042827918,0,5,0,0.0,0.05555555555555555,0.003821232004230058,0.00743115906684254,-0.003821232004230058,0.04812439648871301,-0.10573195898880133,-0.009055472672160654,-0.28251836841216327,0.17862711142627713,-0.10576401913422374,-0.008949145116984,-0.2736650855065177,0.16977382852063155,-0.05318041081888087,-0.050710846167005275,-0.13550520617016779,0.031613949184281655,-0.1019233736833158,-0.00852054758139704,-0.38111160957068874,0.27722035258480265
multihop,131,3,36,False,-0.027817547669439106,0.0013683985355147754,-0.029307568438003223,-0.0262289716521117,0,5,0,0.0,0.03333333333333333,0.0028815569778275437,0.008397342641721768,-0.0028815569778275437,0.02493599069161156,-0.07001790281329923,0.004363668655868142,-0.2583902875886593,0.20275519224978109,-0.07016198773113688,0.004292022234663567,-0.24953700468301374,0.1939019093441355,-0.028887969925875032,-0.026747125413003184,-0.11137712534666383,0.05574203000778561,-0.0685965856226633,0.004757654807272251,-0.3569835287471848,0.3013484334083066
multihop,132,3,37,False,-0.03765518104278268,0.0016325798724345978,-0.03915188903450918,-0.035741687979539645,0,5,0,0.0,0.044444444444444446,0.0033675046195563814,0.010156768021218145,-0.0033675046195563814,0.0342876764232263,-0.08280204034530389,-0.00242626894654322,-0.2682279209620029,0.19291755887643752,-0.08261146632566073,-0.0024547101449275393,-0.2593746380563573,0.18406427597079195,-0.038921222249084224,-0.03638913983648114,-0.12121475872000739,0.045904396634442034,-0.08391748366013073,-0.0023747157179926847,-0.3668211621205284,0.291510800034963
multihop,133,3,38,False,-0.09951123891765949,0.0012898270474738602,-0.10080515297906603,-0.09789239367244482,0,5,0,0.0,0.1111111111111111,0.002262967628467495,0.0138628398219191,-0.002262967628467495,0.09724827128919199,-0.1670787280915683,-0.041181893530359,-0.3300839788368797,0.13106150100156072,-0.16710529054076026,-0.041373003199405116,-0.3212306959312341,0.12220821809591513,-0.1004816850671338,-0.0984744719143696,-0.18307081659488422,-0.015951661240434775,-0.16769664118700728,-0.0410290818091573,-0.4286772199954052,0.2296547421600862
multihop,134,3,39,False,-0.15420060114319006,0.0016394727730130413,-0.1560506292069067,-0.15231836696031076,0,5,0,0.0,0.16666666666666666,0.003338613836189895,0.015804679359666573,-0.003338613836189895,0.15086198730700018,-0.2328694148255596,-0.08221046444390728,-0.38477334106241023,0.07637213877603014,-0.23248404079347512,-0.08236694988399866,-0.37592005815676466,0.06751885587038456,-0.15546471959610877,-0.15293648269027138,-0.23776017882041478,-0.07064102346596535,-0.24614784842012666,-0.07373210632254544,-0.48336658222093576,0.17496537993455563
multihop,135,3,40,False,-0.22808440039077152,0.0005747298719979621,-0.228923653966598,-0.22747201050728189,0,5,0,0.0,0.24444444444444444,0.0006123898834896277,0.01697243393716273,-0.0006123898834896277,0.22747201050728189,-0.3178778346474505,-0.13908284080450267,-0.4586571403099917,0.0024883395284486798,-0.3178515941887607,-0.1390489225865557,-0.44980385740434614,-0.006364943377196897,-0.2285362332978474,-0.22766524722225773,-0.31164397806799626,-0.1445248227135468,-0.33180983308626466,-0.1356232161939578,-0.5572503814685172,0.10108158068697418
multihop,136,3,41,False,-0.27059695130485684,0.0011808940171869945,-0.27160149805109157,-0.26901079993609683,0,5,0,0.0,0.28888888888888886,0.003035426731078905,0.021327364315111,-0.003035426731078905,0.26756152457377796,-0.3639577294685991,-0.17958873259448715,-0.5011696912240771,-0.04002421138563664,-0.36377217051288036,-0.1797683849154342,-0.4923164083184315,-0.048877494291282214,-0.2714712527162427,-0.2696255579165837,-0.35415652898208155,-0.18703737362763212,-0.3871102469598534,-0.1661093392936829,-0.5997629323826026,0.05856902977288886
multihop,137,3,42,False,-0.29370021871319735,0.0014211418276454046,-0.29545318307581164,-0.29204535011783944,0,5,0,0.0,0.3111111111111111,0.0034262051493032146,0.020837097547217028,-0.0034262051493032146,0.29027401356389415,-0.3907730233812466,-0.1995316536810124,-0.5242729586324175,-0.06312747879397715,-0.39055814862176746,-0.19973317873547874,-0.5154196757267719,-0.07198076169962273,-0.29480379432759485,-0.29259664309879996,-0.37725979639042206,-0.21014064103597263,-0.4128360633186081,-0.1885278083249749,-0.622866199790943,0.03546576236454835
multihop,138,3,43,False,-0.26411469223928663,0.00506407462091088,-0.2674409636953058,-0.2551859910450588,0,5,0,0.0022222222222222222,0.2777777777777778,0.006658714102123653,0.01809957741839256,-0.004436491879901431,0.2596782003593854,-0.35874111716212914,-0.1739285373713983,-0.49468743215850686,-0.03354195232006643,-0.35900780729769727,-0.17473197224307566,-0.4858341492528613,-0.04239523522571201,-0.26689202467345,-0.25963008257236125,-0.34767426991651135,-0.1805551145620619,-0.38125503567483454,-0.16052987274274177,-0.5932806733170324,0.06505128883845906
multihop,139,3,44,False,-0.33242997148387066,0.006820282164900894,-0.33910424433671366,-0.3242704140564581,0,5,0,0.03777777777777778,0.37777777777777777,0.01150053936059967,0.019070567876728898,0.026277238417178106,0.35870720990104904,-0.44296476271668067,-0.22153246272191202,-0.5630027114030909,-0.10185723156465046,-0.44267487247620946,-0.22171423855431577,-0.5541494284974453,-0.11071051447029603,-0.3375545475238188,-0.3270790053709853,-0.4159895491610954,-0.24887039380664594,-0.4578316089281562,-0.21535834684812863,-0.6615959525616164,-0.0032639904061249614
multihop,140,3,45,False,-0.270976002341235,0.00191101067879605,-0.2733942888569372,-0.2680588956326637,0,5,0,0.06666666666666667,0.34444444444444444,0.012908107939981813,0.019709883376524608,0.05375855872668485,0.32473456106792,-0.3813770715547017,-0.15950710057979503,-0.5015487422604552,-0.04040326242201478,-0.3814980935051935,-0.15967245666382496,-0.49269545935480963,-0.049256545327660356,-0.27245985191971367,-0.2693585638163262,-0.3545355800184597,-0.18741642466401026,-0.3997647518445613,-0.15107686538062065,-0.6001419834189807,0.05818997873651072
multihop,141,3,46,False,-0.295561429849898,0.010994173393799014,-0.3149234645188381,-0.28753879084260436,0,5,0,0.08444444444444445,0.4,0.017436298190773893,0.03743042389643147,0.06700814625367055,0.36256957610356866,-0.40344690390757215,-0.18929851329456723,-0.5261341697691182,-0.06498868993067783,-0.40262412150670346,-0.18931157812104585,-0.5172808868634726,-0.0738419728363234,-0.30558179548407444,-0.2893764341124727,-0.37912100752712274,-0.2120018521726733,-0.4170249857056884,-0.18411674154849067,-0.6247274109276437,0.03360455122784767
multihop,142,3,47,False,-0.16714852845745695,0.008940388468096177,-0.17996324854839188,-0.1587072099010489,0,5,0,0.09111111111111111,0.3111111111111111,0.015833096523633607,0.06868456806617664,0.0752780145874775,0.2424265430449345,-0.2664877124041627,-0.07296304425584499,-0.39772126837667715,0.06342421146176325,-0.2658189133898567,-0.07387253965325406,-0.3888679854710316,0.05457092855611767,-0.17397622571993682,-0.16044823481342932,-0.25070810613468164,-0.08358895078023224,-0.2687762403512809,-0.06738383342537554,-0.4963145095352026,0.16201745262028874
multihop,143,3,48,False,-0.17248858718626248,0.010855869168560368,-0.1839842772497275,-0.16095927014543648,0,5,0,0.04444444444444444,0.2777777777777778,0.009128066685611443,0.06997281283268227,0.035316377758833,0.2078049649450955,-0.2700822169699952,-0.07886371407384792,-0.4030613271054827,0.05808415273295772,-0.26946580980434565,-0.08058437953737992,-0.3942080441998371,0.049230869827312146,-0.1811520332410129,-0.1638251411315121,-0.2560481648634872,-0.08892900950903776,-0.2662367282921925,-0.07777787550739665,-0.5016545682640081,0.15667739389148322
multihop,144,4,1,False,-0.15288277990553062,0.00967828040560985,-0.16485966727883747,-0.14264218125060973,0,5,0,0.057777777777777775,0.2222222222222222,0.01940608127308895,0.030967745812002786,0.03837169650468883,0.19125447641021948,-0.24359782272920713,-0.06625904683742413,-0.3834555198247508,0.07768996001368958,-0.24333996895318805,-0.0661512231397715,-0.3746022369191052,0.068836677108044,-0.16028971369353862,-0.14547584611752268,-0.23644235758275534,-0.0693232022283059,-0.25408534370107555,-0.05562144566363669,-0.4820487609832763,0.17628320117221508
multihop,145,4,2,False,-0.04842237378043006,0.01166022218339865,-0.0669982002462821,-0.03496258406744342,0,5,0,0.08666666666666667,0.12222222222222222,0.02414369612579332,0.011276877900918818,0.06252297054087334,0.11094534432130339,-0.13650904613052955,0.03978479918537458,-0.27899511369965024,0.18215036613879015,-0.1356979492280004,0.038802465188974115,-0.27014183079400467,0.17329708323314458,-0.05840200814625368,-0.03995453253765276,-0.1319819514576548,0.03513720389679466,-0.14040331677132112,0.04337093986881898,-0.37758835485817577,0.2807436072973156
multihop,146,4,3,False,-0.028218243819266846,0.01070971716465288,-0.03623662025196552,-0.011764705882352944,0,5,0,0.08444444444444445,0.1,0.019594108174670832,0.006931419910959551,0.06485033626977361,0.09306858008904045,-0.10934597897129868,0.05229372691105424,-0.258790983738487,0.20235449609995335,-0.10860436203466893,0.0512375911717344,-0.24993770083284148,0.19350121319430777,-0.0356251776072748,-0.018880363739698782,-0.11177782149649157,0.05534133385795787,-0.10967017477802768,0.051237649835955454,-0.35738422489701255,0.30094773725847884
multihop,147,4,4,False,-0.09533295443781377,0.00561924927618123,-0.10016339869281045,-0.08873259448707017,0,5,0,0.06,0.15555555555555556,0.013794165008998768,0.014016766126740549,0.04620583499100123,0.14153878942881506,-0.18873143411954157,-0.006116830065359507,-0.325905694357034,0.13523978548140642,-0.18901866060433836,-0.007118712702472318,-0.3170524114513884,0.12638650257576084,-0.09955148242872028,-0.09105048782798142,-0.17889253211503847,-0.011773376760589052,-0.189889589276969,-0.008950826465852052,-0.42449893551555945,0.23383302663993194
multihop,148,4,5,False,-0.12035568816898741,0.007645607430710851,-0.1314009661835749,-0.10982523444160272,0,5,0,0.06666666666666667,0.18888888888888888,0.011508477787250166,0.013375011840484983,0.0551581888794165,0.175513877048404,-0.21803722648479684,-0.027664689305673982,-0.3509284280882076,0.11021705175023279,-0.21765239888225818,-0.028565762053613723,-0.34207514518256205,0.10136376884458721,-0.12689258312020463,-0.1141081746708345,-0.2039152658462121,-0.03679611049176269,-0.22169724285964487,-0.02599240944354527,-0.4495216692467331,0.2088102929087583
multihop,149,4,6,False,-0.047697262479871175,0.00521848460742302,-0.057004830917874394,-0.044766505636070854,0,5,0,0.07555555555555556,0.12222222222222222,0.012314578005115089,0.011283982191910577,0.06324097755044047,0.11093824003031168,-0.13217471819645735,0.03259813393956615,-0.2782700023990914,0.182875477439349,-0.13134129013924412,0.031982405039310366,-0.2694167194934458,0.17402219453370343,-0.05236714975845411,-0.0451207729468599,-0.13125684015709588,0.03586231519735354,-0.13003097883883302,0.0280075896156129,-0.37686324355761686,0.28146871859787453
multihop,150,4,7,False,0.018250923557828928,0.00786382759535534,0.007075873827791983,0.02929572795301695,5,0,0,0.1,0.07777777777777778,0.011703135360424364,0.007731836696031064,0.08829686463957565,0.0700459410817467,-0.059045739793501945,0.09599720564554326,-0.21232181636139127,0.24882366347704912,-0.05889403949985792,0.0951174812920337,-0.2034685334557457,0.23997038057140355,0.011584730510561709,0.024851757127971958,-0.06530865411939579,0.10181050123505364,-0.057388870113262706,0.09257952225053794,-0.31091505751991677,0.3474169046355746
multihop,151,4,8,False,0.01158425689116226,0.009493889055608015,0.0024059865492090503,0.0255943923463105,5,0,0,0.07555555555555556,0.05555555555555555,0.012765937292791513,0.004350194183953776,0.06278961826276405,0.05120536137160178,-0.06032297290897037,0.08250371791228565,-0.21898848302805793,0.24215699681038247,-0.059110791418016485,0.08194140143980294,-0.21013520012241235,0.2333037139047369,0.004788765747845028,0.01873448896466799,-0.07197532078606246,0.09514383456838697,-0.057797018565880466,0.07590674599359191,-0.3175817241865834,0.34075023796890797
multihop,152,4,9,False,0.03229515960973762,0.006177177181715175,0.027529127593066225,0.03960642227905655,5,0,0,0.06,0.022222222222222223,0.009671781756180733,0.004189163588140571,0.050328218243819264,0.018033058634081646,-0.011046888320545607,0.0784393293549304,-0.1982775803094826,0.26286789952895784,-0.009500994600738846,0.07703845789523536,-0.189424297403837,0.25401461662331226,0.027721417069243165,0.03699725300748319,-0.0512644180674871,0.11585473728696233,-0.010409501481752119,0.07587721629931897,-0.2968708214680081,0.3614611406874833
multihop,153,4,10,False,0.022540968078052483,0.01677835382085665,0.0019276309557639487,0.047499289570900834,5,0,0,0.05333333333333333,0.02592592592592592,0.008416216728237187,0.0035497773988822584,0.04491711660509614,0.022376148527043668,-0.023387065454201005,0.07044289334091124,-0.20803177184116772,0.2531137079972727,-0.02044410107037984,0.06700547030406366,-0.19917848893552215,0.2442604250916271,0.010946291560102305,0.03626030122193806,-0.061018609599172234,0.10610054575527719,-0.024904303800480712,0.06673970669316874,-0.3066250129996932,0.3517069491557982
multihop,154,4,11,False,0.026594676517950177,0.012402626233324218,0.01722080136402387,0.040733636449748985,5,0,0,0.05333333333333333,0.022222222222222223,0.008222506393861892,0.003706071800700957,0.04511082693947144,0.018516150421521264,-0.017938761011651035,0.07425951974992898,-0.20397806340127003,0.2571674164371704,-0.015984311357393196,0.07207289002557543,-0.19512478049562446,0.2483141335315248,0.017447665056360712,0.035838306337027566,-0.056964901159274536,0.1101542541951749,-0.01931505569777724,0.07376043671614764,-0.30257130455979553,0.35576065759569586
multihop,155,4,12,False,0.016347920810836417,0.007978414456509863,0.00514113858103628,0.02768305389788766,5,0,0,0.05555555555555556,0.03333333333333333,0.009255943923463105,0.003381642512077295,0.04629961163209245,0.029951690821256035,-0.039443994506014955,0.07188215165293169,-0.21422481910838378,0.2469206607300566,-0.03811247276688454,0.07017841242777303,-0.2053715362027382,0.23806737782441104,0.009649521644406557,0.023174670834517384,-0.0672116568663883,0.09990749848806113,-0.04098155266878755,0.0695850762112716,-0.3128180602669093,0.3455139018885821
multihop,156,4,13,False,0.034323197878185094,0.006361455023257339,0.026882637112816143,0.039120962394619686,5,0,0,0.06222222222222222,0.022222222222222223,0.008577720943449843,0.002900918821634934,0.05364450127877237,0.019321303400587284,-0.01873033295443781,0.08853462157809985,-0.19624954204103512,0.2648959377974053,-0.017313725490196077,0.08762534337406461,-0.18739625913538954,0.2560426548917597,0.02949180638438951,0.038993558776167475,-0.04923637979903962,0.11788277555540981,-0.018999972320944192,0.08588634260703219,-0.2948427831995606,0.3634891789559308
multihop,157,4,14,False,-0.01630718954248366,0.00909206123070019,-0.024810552240219764,-0.0029080231126266927,0,5,0,0.05333333333333333,0.06666666666666667,0.006518897414038079,0.0035450412048877522,0.04681443591929525,0.06312162546177891,-0.08243658236241355,0.048073114994790195,-0.24687992946170387,0.21426555037673653,-0.0818360211234252,0.04727992090556027,-0.2380266465560583,0.20541226747109095,-0.02278061949417448,-0.009575163398692809,-0.09986676721970837,0.06725238813474106,-0.09329428276299744,0.051734247179445254,-0.34547317062022936,0.312858791535262
multihop,158,4,15,False,-0.04426020649805816,0.015202467610336645,-0.06586861797859239,-0.022878185090461294,0,5,0,0.05555555555555556,0.1,0.0057762621956995355,0.005960500142085819,0.049779293359856015,0.09403949985791418,-0.12060359240314483,0.029897378516624037,-0.27483294641727835,0.18631253342116205,-0.11903381642512076,0.02844348536516056,-0.26597966351163277,0.17745925051551648,-0.05717296580467935,-0.03147579804868807,-0.1278197841752829,0.039299371179166556,-0.11983709630524242,0.025570217102859442,-0.37342618757580387,0.2849057745796875
multihop,159,4,16,False,-0.09223730735354205,0.011914534364380298,-0.11191382530371731,-0.07938801304644721,0,5,0,0.07555555555555556,0.16666666666666666,0.00693757696315241,0.005811380720721486,0.06861797859240314,0.1608552859459452,-0.18412273086825043,-0.004996434600229906,-0.32281004727276225,0.13833543256567815,-0.18385969025291277,-0.005359181465505718,-0.31395676436711667,0.12948214966003257,-0.10312202839171578,-0.0836392207759158,-0.17579688503076676,-0.00867772967631733,-0.18844384503636258,-0.004407174913943589,-0.4214032884312877,0.23692867372420365
multihop,160,4,17,False,-0.05904023502832527,0.011891344260851092,-0.07871770021729942,-0.04635291855584255,0,5,0,0.17555555555555555,0.23333333333333334,0.00935445675854883,0.008091999508001336,0.16620109879700676,0.22524133382533204,-0.15449821844881872,0.03806838958093873,-0.28961297494754545,0.17153250489089494,-0.15462180306905368,0.036613893625082876,-0.2807596920418999,0.16267922198524937,-0.06986101744757317,-0.05060317904651226,-0.14259981270555,0.024519342648899448,-0.16172432330182382,0.03571060301568538,-0.388206216106071,0.2701257460494204
multihop,161,4,18,False,-0.09963185634770169,0.009542100969956894,-0.11335118949158729,-0.0896796919070462,0,5,0,0.1688888888888889,0.26666666666666666,0.00961447380884721,0.007760395238923312,0.15927441508004167,0.2589062714277434,-0.19676150541693346,-0.00027120277413740875,-0.3302045962669219,0.1309408835715185,-0.1967427578645562,-0.0011677780817424925,-0.3213513133612763,0.12208760066587293,-0.10674940868264535,-0.09254651013192068,-0.1831914340249264,-0.016072278670476975,-0.21637585171266616,0.009623060797382475,-0.4287978374254474,0.229534124730044
multihop,162,4,19,False,-0.13200042696435416,0.008610366228606618,-0.14427143198471984,-0.12365951572062962,0,5,0,0.18,0.3111111111111111,0.008808373590982289,0.007919057737739264,0.1711916264090177,0.30319205337337196,-0.23957765414190774,-0.022133146253670553,-0.3625731668835743,0.09857231295486604,-0.2388445552855218,-0.022786165789410458,-0.35371988397792875,0.08971903004922047,-0.1382801465816697,-0.12572070734703866,-0.21556000464157887,-0.04844084928712944,-0.2492184500407045,-0.01577932578061411,-0.46116640804209985,0.19716555411339154
multihop,163,4,20,False,-0.09793400149013387,0.00618282000223234,-0.10466508039512584,-0.09242675511332227,0,5,0,0.2511111111111111,0.34444444444444444,0.01202945912664583,0.007428790969845288,0.2390816519844654,0.3370156534745993,-0.20479333617504974,0.012463292375858694,-0.3285067414093541,0.13263873842908633,-0.20456462536705505,0.0120776495470925,-0.3196534585037085,0.12378545552344075,-0.10260388876871682,-0.09326411421155094,-0.1814935791673586,-0.014374423812909154,-0.21476535446611503,0.014154548229576186,-0.42709998256787957,0.23123197958761182
multihop,164,4,21,False,-0.08757120903015472,0.016560665583007738,-0.11385092864747028,-0.06972854539465219,0,5,0,0.27111111111111114,0.35555555555555557,0.011687576609705097,0.008560812023994826,0.2594235345014061,0.3469947435315609,-0.18089103237011875,0.006481494735755706,-0.3181439489493749,0.14300153088906548,-0.17907526925616302,0.0037280951027753935,-0.30929066604372935,0.1341482479834199,-0.10090501598288751,-0.0763956856807183,-0.17113078670737944,-0.004011631352930006,-0.20100546319977267,0.015587532328012034,-0.41673719010790045,0.24159477204759097
multihop,165,4,22,False,-0.04022591645353794,0.016808965390351982,-0.0673107890499195,-0.02351283508572511,0,5,0,0.2822222222222222,0.32222222222222224,0.008947688383883368,0.008721771930345425,0.2732745338383389,0.3135004502918769,-0.14324136828644501,0.0621415174765558,-0.27079865637275813,0.19034682346568227,-0.14211418963720757,0.060795017523917735,-0.26194537346711255,0.1814935405600367,-0.053913043478260876,-0.02918016481955101,-0.12378549413076265,0.04333366122368678,-0.15748891176215626,0.06755328218243815,-0.36939189753128365,0.28894006462420774
multihop,166,4,23,False,-0.02880797066104544,0.012694544044752695,-0.04671788825126993,-0.013543217416752554,0,5,0,0.2511111111111111,0.2777777777777778,0.008592000214895966,0.006450696220517191,0.24251911089621517,0.27132708155726065,-0.13834187792212568,0.0776096944942805,-0.2593807105802656,0.20176476925817477,-0.13619922163832723,0.0769501877865574,-0.25052742767462005,0.1929114863525292,-0.03785978462334533,-0.019821516175869726,-0.11236754833827016,0.054751607016179274,-0.14461938594314863,0.08127685633394993,-0.35797395173879115,0.30035801041670024
multihop,167,4,24,False,0.03377757419212547,0.005162220830259861,0.030905963221686386,0.04298806479113385,5,0,0,0.21333333333333332,0.17777777777777778,0.00710146341325484,0.0053234820498247615,0.20623186992007853,0.17245429572795304,-0.07169030027469925,0.1392466590392737,-0.1967951657270947,0.2643503141113457,-0.0706292786564478,0.1389257834866588,-0.18794188282144914,0.2554970312057001,0.031200123282422772,0.03841574310883774,-0.049782003485099244,0.11733715186935019,-0.07551992509859798,0.14562955894818755,-0.29538840688562024,0.36294355526987115
multihop,168,4,25,False,0.11674481386757604,0.01739391344417559,0.09452259164535383,0.13848394430235864,5,0,0,0.3333333333333333,0.2111111111111111,0.014840934571247197,0.009363526216600991,0.3184923987620862,0.20174758489451017,0.023663659183480155,0.2137889433551198,-0.11382792605164416,0.34731755378679624,0.025054809605001446,0.21207035616178832,-0.10497464314599858,0.33846427088115066,0.10337927441508007,0.12994932272425883,0.033185236190351325,0.20030439154480076,0.02210178977245516,0.21326714902713004,-0.21242116721016965,0.4459107949453217
multihop,169,4,26,False,0.1526034999766725,0.0007705627952608699,0.15169792554703043,0.15363266079378615,5,0,0,0.36666666666666664,0.2111111111111111,0.017328913828131294,0.014376858249248212,0.3493377528385355,0.19673425286186302,0.05488308705124562,0.2517237042268058,-0.0779692399425477,0.38317623989589267,0.05506665468480277,0.25150244373472225,-0.06911595703690213,0.3743229569902471,0.15202188121625468,0.1531851187370904,0.06904392229944778,0.2361630776538972,0.05409615852388863,0.25068144701568423,-0.1765624811010732,0.4817694810544182
multihop,170,4,27,False,0.10692194752297053,0.0048830702721385216,0.09822866344605473,0.109659467651795,5,0,0,0.3311111111111111,0.2222222222222222,0.016497725919988007,0.01453078455406966,0.31461338519112325,0.20769143766815262,0.01664227526759498,0.20125704508856668,-0.12365079239624967,0.33749468744219074,0.01696097376148527,0.20244535616178838,-0.11479750949060409,0.32864140453654517,0.10254286255565026,0.10940181869849387,0.023362369845745815,0.19048152520019523,0.010604929570642494,0.2000569619061476,-0.22224403355477518,0.4360879286007162
multihop,171,4,28,False,0.17852184799220724,0.012786508060764439,0.16280430046414704,0.19662072558492,5,0,0,0.3711111111111111,0.18888888888888888,0.01759177259482637,0.013891398364811345,0.3535193385162849,0.1749974905240776,0.08293831531458931,0.27607697569979034,-0.052050891927012954,0.40909458791142744,0.08319912956530219,0.27520388325493866,-0.04319760902136738,0.40024130500578187,0.1693416690347637,0.18796893445531593,0.09496227031498253,0.26208142566943193,0.08319297771752177,0.27623040039157143,-0.15064413308553845,0.5076878290699529
multihop,172,4,29,False,0.19823057206154515,0.009484132432089712,0.18486312399355884,0.2078904991948471,5,0,0,0.36888888888888893,0.16666666666666666,0.017560987333862084,0.01356933717318494,0.3513279015550269,0.15309732949348173,0.09398312713217093,0.3018040873354173,-0.03234216785767505,0.4288033119807654,0.09545653623047029,0.30161150379107593,-0.02348888495202947,0.4199500290751198,0.19117552334943647,0.20528371215816352,0.11467099438432043,0.28179014973876987,0.09076990440985348,0.2990742034041663,-0.13093540901620054,0.5273965531392908
multihop,173,4,30,False,0.1925310362085566,0.010733951150923553,0.1848631239935588,0.2090272564429911,5,0,0,0.33999999999999997,0.14444444444444443,0.016754887115997163,0.01373036776899814,0.3232451128840029,0.13071407667544635,0.09227172746667345,0.2946834564743771,-0.038041703710663594,0.42310377612777683,0.0922680456060137,0.2930130619989001,-0.029188420805018017,0.41425049322213126,0.18515345268542205,0.20197077273479158,0.10897145853133189,0.2760906138857813,0.08944570133223986,0.29034033722184527,-0.1366349448691891,0.5216970172863022
multihop,174,4,31,False,0.21603198839561782,0.004829228755147518,0.2073978643299558,0.21835038363171355,5,0,0,0.3311111111111111,0.1111111111111111,0.01446348818567011,0.01049547658128793,0.3166476229254411,0.10061563452982322,0.11710104599197817,0.316908010565247,-0.014540751523602374,0.446604728314838,0.11667899049085353,0.3156507732013418,-0.005687468617956798,0.4377514454091924,0.21171490745335558,0.21828595725549577,0.1324724107183931,0.29959156607284254,0.11879764864587719,0.3102023229365291,-0.11313399268212787,0.5451979694733635
multihop,175,4,32,False,0.23773414824145828,0.005088432796499825,0.22865153488030157,0.24057497395093314,5,0,0,0.3311111111111111,0.08888888888888889,0.01337087650692261,0.008882802526158633,0.31774023460418854,0.08000608636273024,0.14147675712797197,0.33831123527715196,0.0071614083222380776,0.46830688816067845,0.14182024676984503,0.33680450175239174,0.016014691227883654,0.45945360525503287,0.2331277118245092,0.24024909552832605,0.15417457056423356,0.321293725918683,0.14282687108978123,0.3322792767560519,-0.09143183283628742,0.566900129319204
multihop,176,4,33,False,0.19702987619447518,0.009274755316890862,0.18791553033355532,0.21030359003504787,5,0,0,0.2977777777777778,0.1,0.010921316972964104,0.01017341538966152,0.2868564608048137,0.08982658461033848,0.11226543928552747,0.28486108743014105,-0.03354286372474502,0.4276026161136954,0.11290125441985864,0.2838630423472292,-0.024689580819099444,0.4187493332080498,0.1902983095321913,0.20379555759141207,0.11347029851725046,0.28058945387169987,0.11667128762531169,0.2794880118837274,-0.13213610488327052,0.5261958572722208
multihop,177,4,34,False,0.21937476584115517,0.00028967289050083983,0.21898969913150929,0.2197877478195835,5,0,0,0.3,0.07777777777777778,0.01205232009885214,0.009204863717785039,0.2879476799011479,0.06857291405999272,0.13267618712349025,0.3099715158577671,-0.011197974078065026,0.44994750576037534,0.1333100694311902,0.30984622762148334,-0.0023446911724194497,0.44109422285472977,0.2191512174846145,0.21959927557438721,0.13581518816393046,0.3029343435183799,0.13689544999518466,0.3032274336033459,-0.10979121523659052,0.5485407469189009
multihop,178,4,35,False,0.20072219889469953,0.009598798781492196,0.18693987437068707,0.21028694266660433,5,0,0,0.27999999999999997,0.07777777777777778,0.011185610735750062,0.0096855874082274,0.26881438926424994,0.06809219036955036,0.11529083818616497,0.29074769534679534,-0.02985054102452067,0.4312949388139197,0.11681490777145813,0.28897447191436954,-0.020997258118875095,0.42244165590827415,0.19376709801376749,0.20774265925275573,0.11716262121747481,0.2842817765719242,0.11844381874239776,0.2855881036981091,-0.12844378218304617,0.5298881799724452
multihop,179,4,36,False,0.2018532020205875,0.01745145199352908,0.18001792684771642,0.22349618771728166,5,0,0,0.26666666666666666,0.06666666666666667,0.008798568962519031,0.010651770983106629,0.25786809770414776,0.05601489568356004,0.11253212959781939,0.2961012462198809,-0.028719537898632685,0.4324259419398077,0.11284121556186108,0.29544352336074675,-0.01986625499298711,0.42357265903416214,0.1884871889486921,0.21521921509248298,0.1182936243433628,0.2854127796978122,0.1146011541506524,0.2938177519349006,-0.12731277905715818,0.5310191830983332
multihop,180,4,37,False,0.14449363017252467,0.006235413310291654,0.1375058495530305,0.1492587149503972,5,0,0,0.2511111111111111,0.1111111111111111,0.009539783322659218,0.014033413495183927,0.24157132778845197,0.0970776976159272,0.05069966680521802,0.23766246188070728,-0.08607910974669553,0.37506637009174487,0.0514280655192353,0.23818840791778534,-0.07722582684104995,0.3662130871860993,0.13985642263250384,0.1490668990936197,0.060934052495299956,0.2280532078497494,0.0540924848232526,0.23824389667663182,-0.18467235090522102,0.47365961125027034
multihop,181,4,38,False,0.05628249064424964,0.016438935946612845,0.03863306372372298,0.07164670396242717,5,0,0,0.2177777777777778,0.16666666666666666,0.010155014922545547,0.01532639445568406,0.2076227628552323,0.15134027221098267,-0.038411608305446335,0.15046638309588745,-0.17429024927497055,0.28685523056346984,-0.03837992493485968,0.14874246980499606,-0.16543696636932498,0.27800194765782427,0.04327121850254272,0.06929376278595654,-0.02727708703297508,0.13984206832147436,-0.04540628150029105,0.15368153434934928,-0.2728834904334961,0.3854484717219953
multihop,182,4,39,False,0.08536744382661855,0.00676781658855133,0.07969823375308738,0.09307087749657512,5,0,0,0.23777777777777778,0.15555555555555556,0.014932901562095738,0.018078123166492058,0.22284487621568214,0.13747743238906351,0.006925949606895891,0.1683703327282315,-0.14520529609260163,0.31594018374583877,0.00759287464354839,0.16775901060907455,-0.13635201318695606,0.3070869008401932,0.08024668501765117,0.09048820263558593,0.0018078661493938358,0.16892702150384326,0.003936772321543922,0.17154901684653606,-0.24379853725112716,0.41453342490436423
multihop,183,4,40,False,-0.04683437034774973,0.012272896919698854,-0.06007395531577687,-0.026572416406175987,0,5,0,0.20222222222222222,0.25555555555555554,0.012240000622067263,0.018738963607650864,0.18998222160015504,0.2368165919479048,-0.12225889715248704,0.028139478969177976,-0.27740711026696996,0.18373836957147047,-0.12013525598068199,0.02609374111963623,-0.2685538273613244,0.1748850866658249,-0.05566075561380365,-0.035656436487638526,-0.13039394802497445,0.036725207329474985,-0.12695788012699083,0.03241656627892414,-0.3760003514254954,0.28233161072999596
multihop,184,4,41,False,-0.004412238325281795,0.004902317244311849,-0.006924315619967787,0.0043478260869565365,1,4,0,0.31333333333333335,0.32222222222222224,0.015560100888001024,0.020036751451608117,0.2977732324453325,0.3021854707706143,-0.07098528227716208,0.060709339774557156,-0.23498497824450199,0.2261605015939384,-0.07021008572511131,0.06013280287960593,-0.2261316953388564,0.21730721868829284,-0.006731078904991944,-3.220611916262861e-05,-0.08797181600250652,0.07914733935194292,-0.07160455486542444,0.06366915087680697,-0.3335782194030275,0.3247537427524639
multihop,185,4,42,False,-0.018723666407943228,0.006601665265727813,-0.0262598982920012,-0.013377450626944832,0,5,0,0.2844444444444444,0.3111111111111111,0.012884624900504576,0.02082762515922802,0.27155981954394,0.29028348595188325,-0.0893087169650469,0.0513165262067044,-0.24929640632716343,0.21184907351127696,-0.08937107072622114,0.051032656411039434,-0.24044312342151786,0.2029957906056314,-0.023651202639827288,-0.013796130176059167,-0.10228324408516795,0.06483591126928148,-0.09850676632985086,0.05741845840619098,-0.3478896474856889,0.3104423146698025
multihop,186,4,43,False,-0.015389315146348398,0.0059015475403980675,-0.020124088282656064,-0.008851946575731741,0,5,0,0.2822222222222222,0.3,0.01829477930042881,0.02068324193185819,0.26392744292179354,0.27931675806814193,-0.07648393246187365,0.046096132897603476,-0.2459620550655686,0.2151834247728718,-0.07619799658994034,0.045962181490953845,-0.23710877215992301,0.20633014186722623,-0.01976934735246756,-0.011009282940229235,-0.09894889282357311,0.06817026253087632,-0.0737889987000112,0.044173045519493755,-0.3445552962240941,0.3137766659313973
multihop,187,4,44,False,-0.04177559912854031,0.009557791739653473,-0.05121246566259355,-0.028507151652931714,0,5,0,0.3422222222222222,0.37777777777777777,0.027701334192917204,0.02148129061993245,0.3145208880293052,0.3562964871578456,-0.09546799516908216,0.005470138296864613,-0.2723483390477605,0.18879714079067988,-0.09450139717722839,0.004219605475040245,-0.26349505614211494,0.1799438578850343,-0.048924883963247144,-0.034626314293833484,-0.12533517680576503,0.04178397854868441,-0.0963227442006551,0.006015921659505772,-0.370941580206286,0.2873903819492054
multihop,188,4,45,False,0.06709105792435943,0.005918027774001648,0.060071587218779636,0.07182201382968643,5,0,0,0.37333333333333335,0.3,0.026920781146837568,0.020678505737863687,0.34641255218649597,0.2793214942621366,0.016266482308548196,0.12744489438287387,-0.16348168199486077,0.29766379784357966,0.016395626124846078,0.12680240086156316,-0.1546283990892152,0.2888105149379341,0.06258316261828113,0.07150280849234926,-0.016468519752865285,0.15065063560158415,0.015826565249280108,0.12679750018394623,-0.26207492315338626,0.3962570390021051
multihop,189,4,46,False,-0.0550824097755044,0.006123040820389064,-0.06233068106469641,-0.05008998768589563,0,5,0,0.3288888888888889,0.36666666666666664,0.061493604724318154,0.044188972726591544,0.26739528416457087,0.32247769394007525,-0.11803611347920813,-0.0006030595813204757,-0.2856551496947246,0.1754903301437158,-0.11758285971393388,-0.0006638249502699652,-0.27680186678907903,0.1666370472380702,-0.059817656531211516,-0.05057307947333523,-0.13864198745272913,0.028477167901720314,-0.11566711368341806,0.0001264873128305782,-0.3842483908532501,0.2740835713022413
multihop,190,4,47,False,-0.008978402955385056,7.201507173912394e-05,-0.009010609074547697,-0.008849578478734492,0,5,0,0.3,0.3111111111111111,0.06735938098651387,0.06949208914223992,0.23264061901348607,0.24161902196887128,-0.051462134129013924,0.025321978308231487,-0.23955114287460524,0.22159433696383515,-0.051461447380884734,0.025353438476840004,-0.23069785996895967,0.21274105405818958,-0.009010609074547697,-0.008913990717059773,-0.09253798063260978,0.07458117472183966,-0.04694917253372195,0.027701856634162633,-0.33814438403313074,0.32018757812236065
multihop,191,4,48,True,0.0,0.0,0.0,0.0,0,0,5,0.25555555555555554,0.25555555555555554,0.06997281283268227,0.06997281283268227,0.18558274272287328,0.18558274272287328,0.0,0.0,-0.2305727399192202,0.2305727399192202,0.0,0.0,-0.22171945701357462,0.22171945701357462,0.0,0.0,-0.08355957767722472,0.08355957767722472,0.0,0.0,-0.3291659810777457,0.3291659810777457
order-ops,0,1,1,False,0.0060331825037707254,0.0,0.0060331825037707254,0.0060331825037707254,5,0,0,0.0,0.058823529411764705,0.0,0.06485671191553546,0.0,-0.0060331825037707254,-0.06787330316742086,0.06636500754147805,-0.22453955741544948,0.23660592242299092,-0.06787330316742081,0.06636500754147812,-0.2156862745098039,0.22775263951734534,0.0060331825037707254,0.006033182503770726,-0.07752639517345399,0.08959276018099545,-0.08885941644562335,0.08269230769230775,-0.323132798573975,0.3351991635815164
order-ops,1,1,2,False,-0.0045248868778280625,0.0,-0.0045248868778280625,-0.0045248868778280625,0,5,0,0.0,0.0392156862745098,0.0,0.03469079939668174,0.0,0.0045248868778280625,-0.0693815987933635,0.0407239819004525,-0.23509762679704826,0.22604785304139213,-0.06938159879336349,0.040723981900452504,-0.2262443438914027,0.21719457013574656,-0.0045248868778280625,-0.0045248868778280625,-0.08808446455505278,0.07903469079939665,-0.06436511992990401,0.03916149887847999,-0.33369086795557373,0.32464109419991766
order-ops,2,1,3,False,0.0,0.0,0.0,0.0,0,0,5,0.0,0.0,0.0,0.0,0.0,0.0,0.0,0.0,-0.2305727399192202,0.2305727399192202,0.0,0.0,-0.22171945701357462,0.22171945701357462,0.0,0.0,-0.08355957767722472,0.08355957767722472,0.0,0.0,-0.3291659810777457,0.3291659810777457
order-ops,3,1,4,False,0.0,0.0,0.0,0.0,0,0,5,0.0,0.0,0.0,0.0,0.0,0.0,0.0,0.0,-0.2305727399192202,0.2305727399192202,0.0,0.0,-0.22171945701357462,0.22171945701357462,0.0,0.0,-0.08355957767722472,0.08355957767722472,0.0,0.0,-0.3291659810777457,0.3291659810777457
order-ops,4,1,5,False,-0.0105580693815988,0.0,-0.0105580693815988,-0.0105580693815988,0,5,0,0.0,0.0392156862745098,0.0,0.028657616892911,0.0,0.0105580693815988,-0.07390648567119158,0.03469079939668175,-0.241130809300819,0.2200146705376214,-0.07390648567119155,0.03469079939668176,-0.23227752639517343,0.2111613876319758,-0.0105580693815988,-0.0105580693815988,-0.09411764705882351,0.07300150829562592,-0.10501046572475148,0.040293040293040296,-0.3397240504593445,0.3186079116961469
order-ops,5,1,6,False,0.0015082956259426848,0.0,0.0015082956259426848,0.0015082956259426848,5,0,0,0.0,0.0,0.0,0.0015082956259426848,0.0,-0.0015082956259426848,0.0,0.004524886877828055,-0.22906444429327752,0.23208103554516288,0.0,0.004524886877828055,-0.22021116138763194,0.2232277526395173,0.0015082956259426848,0.0015082956259426848,-0.08205128205128204,0.0850678733031674,0.0,0.0046165501165501,-0.327657685451803,0.3306742767036884
order-ops,6,1,7,False,0.0,0.0,0.0,0.0,0,0,5,0.0,0.0,0.0,0.0,0.0,0.0,0.0,0.0,-0.2305727399192202,0.2305727399192202,0.0,0.0,-0.22171945701357462,0.22171945701357462,0.0,0.0,-0.08355957767722472,0.08355957767722472,0.0,0.0,-0.3291659810777457,0.3291659810777457
order-ops,7,1,8,False,0.0,0.0,0.0,0.0,0,0,5,0.0,0.0,0.0,0.0,0.0,0.0,0.0,0.0,-0.2305727399192202,0.2305727399192202,0.0,0.0,-0.22171945701357462,0.22171945701357462,0.0,0.0,-0.08355957767722472,0.08355957767722472,0.0,0.0,-0.3291659810777457,0.3291659810777457
order-ops,8,1,9,False,0.0,0.0,0.0,0.0,0,0,5,0.0,0.0,0.0,0.0,0.0,0.0,0.0,0.0,-0.2305727399192202,0.2305727399192202,0.0,0.0,-0.22171945701357462,0.22171945701357462,0.0,0.0,-0.08355957767722472,0.08355957767722472,0.0,0.0,-0.3291659810777457,0.3291659810777457
order-ops,9,1,10,False,-0.0015082956259426848,0.002612444656966633,-0.006033182503770739,0.0,0,2,3,0.0,0.0,0.0015082956259426848,0.0,-0.0015082956259426848,0.0,-0.005429864253393666,0.0,-0.23208103554516288,0.22906444429327752,-0.003318250377073907,-0.00030165912518853697,-0.2232277526395173,0.22021116138763194,-0.00392156862745098,0.0,-0.0850678733031674,0.08205128205128204,-0.00469361147327249,0.0,-0.3306742767036884,0.327657685451803
order-ops,10,1,11,False,0.0,0.0,0.0,0.0,0,0,5,0.0,0.0,0.0,0.0,0.0,0.0,0.0,0.0,-0.2305727399192202,0.2305727399192202,0.0,0.0,-0.22171945701357462,0.22171945701357462,0.0,0.0,-0.08355957767722472,0.08355957767722472,0.0,0.0,-0.3291659810777457,0.3291659810777457
order-ops,11,1,12,False,0.0027149321266968338,0.006070772789592192,0.0,0.013574660633484168,1,0,4,0.00784313725490196,0.0,0.005128205128205129,0.0,0.0027149321266968338,0.0,-0.009049773755656111,0.02292609351432881,-0.22785780779252338,0.23328767204591702,-0.006334841628959277,0.015082956259426848,-0.2190045248868778,0.22443438914027145,0.0,0.0081447963800905,-0.08084464555052788,0.08627450980392155,-0.014969829116170579,0.029280987829374917,-0.32645104895104887,0.3318809132044425
order-ops,12,1,13,False,-0.0003016591251885376,0.0006745303099546892,-0.001508295625942688,0.0,0,1,4,0.011764705882352941,0.0,0.012066365007541479,0.0,-0.0003016591251885376,0.0,-0.020814479638009056,0.02171945701357466,-0.23087439904440873,0.23027108079403166,-0.012971342383107091,0.015384615384615384,-0.22202111613876316,0.2214177978883861,-0.0009049773755656128,0.0,-0.08386123680241325,0.08325791855203618,-0.03535270049099836,0.03787119856887298,-0.32946764020293423,0.32886432195255716
order-ops,13,1,14,False,0.0015082956259426846,0.006745303099546878,-0.010558069381598796,0.004524886877828055,4,1,0,0.0,0.0,0.00301659125188537,0.004524886877828055,-0.00301659125188537,-0.004524886877828055,-0.007541478129713425,0.00904977375565611,-0.22906444429327752,0.23208103554516288,-0.003318250377073907,0.007239819004524887,-0.22021116138763194,0.2232277526395173,-0.004524886877828056,0.004524886877828055,-0.08205128205128204,0.0850678733031674,-0.009019347792167265,0.009447212706322011,-0.327657685451803,0.3306742767036884
order-ops,14,1,15,False,0.00904977375565611,0.0,0.00904977375565611,0.00904977375565611,5,0,0,0.0,0.0,0.0,0.00904977375565611,0.0,-0.00904977375565611,0.0030165912518853697,0.016591251885369536,-0.2215229661635641,0.2396225136748763,0.0030165912518853697,0.016591251885369532,-0.21266968325791852,0.23076923076923073,0.00904977375565611,0.00904977375565611,-0.07450980392156861,0.09260935143288082,0.003139717425431711,0.015837104072398193,-0.32011620732208956,0.3382157548334018
order-ops,15,1,16,False,0.007239819004524887,0.0006745303099546876,0.006033182503770739,0.007541478129713424,5,0,0,0.0,0.0,0.00030165912518853697,0.007541478129713424,-0.00030165912518853697,-0.007541478129713424,0.0006033182503770739,0.015686274509803925,-0.2233329209146953,0.2378125589237451,0.0009049773755656109,0.015987933634992457,-0.21447963800904973,0.2289592760180995,0.006636500754147813,0.007541478129713425,-0.07631975867269983,0.0907993966817496,0.0017094017094017096,0.013062409288824385,-0.32192616207322083,0.33640580008227056
order-ops,16,1,17,False,0.004524886877828055,0.0,0.004524886877828055,0.004524886877828055,5,0,0,0.0,0.0,0.0,0.004524886877828055,0.0,-0.004524886877828055,0.0,0.010558069381598794,-0.22604785304139213,0.23509762679704826,0.0,0.010558069381598794,-0.21719457013574656,0.2262443438914027,0.004524886877828055,0.004524886877828055,-0.07903469079939666,0.08808446455505277,0.0,0.011217948717948718,-0.32464109419991766,0.33369086795557373
order-ops,17,1,18,False,0.024132730015082954,0.0,0.024132730015082954,0.024132730015082954,5,0,0,0.0,0.0,0.0,0.024132730015082954,0.0,-0.024132730015082954,0.013574660633484163,0.03619909502262444,-0.20644000990413724,0.25470546993430315,0.013574660633484163,0.03619909502262444,-0.19758672699849167,0.24585218702865758,0.024132730015082954,0.024132730015082957,-0.05942684766214176,0.10769230769230767,0.01116625310173698,0.03698224852071006,-0.30503325106266277,0.3532987110928286
order-ops,18,1,19,False,-0.26847662141779793,0.0,-0.26847662141779793,-0.26847662141779793,0,5,0,0.0,0.29411764705882354,0.0,0.025641025641025637,0.0,0.26847662141779793,-0.3951734539969832,-0.15082956259426847,-0.49904936133701816,-0.037903881498577735,-0.3951734539969834,-0.15082956259426844,-0.4901960784313726,-0.04675716440422331,-0.26847662141779793,-0.26847662141779793,-0.35203619909502265,-0.18491704374057322,-0.3966357937405732,-0.12762237762237763,-0.5976426024955437,0.06068935965994776
order-ops,19,1,20,False,-0.49049773755656123,0.0006745303099546853,-0.4917043740573154,-0.4901960784313727,0,5,0,0.0,0.5294117647058824,0.00030165912518853697,0.0392156862745098,-0.00030165912518853697,0.4901960784313727,-0.6217194570135742,-0.3520361990950227,-0.7210704774757815,-0.259924997637341,-0.621425339366516,-0.3520361990950226,-0.7122171945701359,-0.2687782805429866,-0.4911010558069383,-0.4901960784313727,-0.574057315233786,-0.4069381598793365,-0.6423076923076924,-0.341018821603928,-0.819663718634307,-0.16133175647881554
order-ops,20,1,21,False,-0.3107088989441931,0.0,-0.3107088989441931,-0.3107088989441931,0,5,0,0.0,0.3333333333333333,0.0,0.02262443438914027,0.0,0.3107088989441931,-0.44343891402714913,-0.18552036199095023,-0.5412816388634133,-0.08013615902497292,-0.4434389140271493,-0.18552036199095023,-0.5324283559577677,-0.0889894419306185,-0.3107088989441932,-0.3107088989441931,-0.39426847662141784,-0.2271493212669684,-0.4487179487179487,-0.18169690727467697,-0.6398748800219388,0.01845708213355257
order-ops,21,1,22,False,-0.36802413273001516,0.0,-0.36802413273001516,-0.36802413273001516,0,5,0,0.0,0.39215686274509803,0.0,0.024132730015082954,0.0,0.36802413273001516,-0.5037707390648566,-0.23529411764705882,-0.5985968726492353,-0.13745139281079496,-0.5037707390648567,-0.23529411764705882,-0.5897435897435898,-0.14630467571644054,-0.36802413273001516,-0.36802413273001516,-0.4515837104072399,-0.28446455505279045,-0.5317795429208473,-0.22114494301994317,-0.6971901138077609,-0.03885815165226947
order-ops,22,1,23,False,-0.3912518853695325,0.0013490606199093706,-0.39366515837104077,-0.3906485671191554,0,5,0,0.0,0.4117647058823529,0.0006033182503770739,0.021116138763197585,-0.0006033182503770739,0.3906485671191554,-0.528205128205128,-0.25791101055806936,-0.6218246252887527,-0.16067914545031228,-0.528212669683258,-0.257315233785822,-0.6129713423831071,-0.16953242835595786,-0.3924585218702866,-0.3906485671191554,-0.4748114630467572,-0.30769230769230776,-0.5838682926829272,-0.22481227748408666,-0.7204178664472782,-0.062085904291786786
order-ops,23,1,24,False,-0.34630467571644047,0.011467015269229724,-0.35143288084464563,-0.3257918552036199,0,5,0,0.00784313725490196,0.37254901960784315,0.0027149321266968325,0.021116138763197585,0.005128205128205128,0.35143288084464563,-0.4811463046757163,-0.2174962292609351,-0.5768774156356606,-0.11573193579722027,-0.4802488687782805,-0.21900452488687783,-0.5680241327300151,-0.12458521870286585,-0.35143288084464563,-0.3360482654600302,-0.4298642533936652,-0.26274509803921575,-0.5176955909943718,-0.21128142589118193,-0.6754706567941862,-0.017138694638694774
order-ops,24,1,25,False,-0.4289592760180997,0.05515703265442734,-0.4555052790346909,-0.33031674208144796,0,5,0,0.03529411764705882,0.5490196078431373,0.011764705882352944,0.09653092006033182,0.023529411764705882,0.45248868778280554,-0.5731598793363499,-0.2844645550527903,-0.6595320159373199,-0.1983865360988795,-0.5622926093514329,-0.2935067873303168,-0.6506787330316743,-0.20723981900452507,-0.45430618401206657,-0.3794871794871796,-0.5125188536953245,-0.34539969834087497,-0.650213784931372,-0.2500649943346345,-0.7581252570958454,-0.099793294940354
order-ops,25,1,26,False,-0.4624434389140273,0.06255882257937447,-0.4992458521870288,-0.3529411764705883,0,5,0,0.043137254901960784,0.5882352941176471,0.009351432880844649,0.09200603318250378,0.033785822021116144,0.49622926093514347,-0.6045248868778276,-0.32277526395173445,-0.6930161788332475,-0.23187069899480708,-0.5891402714932126,-0.3324208144796381,-0.6841628959276019,-0.24072398190045266,-0.4974358974358976,-0.40512820512820524,-0.5460030165912519,-0.37888386123680257,-0.6735073260073255,-0.2949511293541366,-0.7916094199917729,-0.1332774578362816
order-ops,26,1,27,False,-0.45037707390648585,0.07692011942381895,-0.5113122171945703,-0.3408748114630468,0,5,0,0.06274509803921569,0.5882352941176471,0.0033182503770739064,0.07843137254901962,0.05942684766214178,0.5098039215686276,-0.5900527903469079,-0.3134162895927602,-0.6809498138257061,-0.21980433398726565,-0.5698340874811464,-0.3257843137254903,-0.6720965309200605,-0.22865761689291123,-0.5067873303167423,-0.3864253393665159,-0.5339366515837105,-0.36681749622926113,-0.6564102564102564,-0.2873621942573553,-0.7795430549842315,-0.12121109282874015
order-ops,27,1,28,False,-0.41990950226244356,0.042535541191133945,-0.4419306184012068,-0.34389140271493224,0,5,0,0.023529411764705882,0.5098039215686274,0.006033182503770739,0.07239819004524888,0.017496229260935144,0.43740573152337875,-0.5619984917043741,-0.2778280542986426,-0.6504822421816637,-0.18933676234322336,-0.5583710407239819,-0.28205128205128205,-0.6416289592760182,-0.19819004524886893,-0.44012066365007557,-0.3815987933634994,-0.5034690799396683,-0.33634992458521884,-0.6478533144670265,-0.2390507364975451,-0.7490754833401893,-0.09074352118469786
order-ops,28,1,29,False,-0.4567119155354451,0.03541123521165421,-0.484162895927602,-0.3996983408748115,0,5,0,0.03137254901960784,0.5490196078431373,0.00392156862745098,0.06485671191553546,0.02745098039215686,0.484162895927602,-0.5921568627450976,-0.3176395173453996,-0.6872846554546653,-0.2261391756162249,-0.5897435897435896,-0.3203544494720966,-0.6784313725490198,-0.23499245852187048,-0.4811463046757166,-0.4259426847662143,-0.5402714932126698,-0.3731523378582204,-0.6986251796240356,-0.27655553905553915,-0.7858778966131907,-0.1275459344576994
order-ops,29,1,30,False,-0.395475113122172,0.057714730606381985,-0.4509803921568628,-0.3288084464555053,0,5,0,0.058823529411764705,0.5098039215686274,0.00784313725490196,0.06334841628959278,0.050980392156862744,0.4464555052790348,-0.5417948717948716,-0.24524132730015097,-0.6260478530413922,-0.16490237320295179,-0.532737556561086,-0.25822021116138755,-0.6171945701357466,-0.17375565610859736,-0.4410256410256411,-0.3499245852187029,-0.4790346907993967,-0.31191553544494727,-0.6769326923076925,-0.19155880893300253,-0.7246410941999177,-0.06630913204442629
order-ops,30,1,31,False,-0.4102564102564103,0.06637357684973796,-0.464555052790347,-0.3273001508295626,0,5,0,0.06274509803921569,0.5098039215686274,0.008446455505279034,0.04524886877828054,0.05429864253393666,0.464555052790347,-0.5565610859728503,-0.26515837104072404,-0.6408291501756305,-0.1796836703371901,-0.5447963800904978,-0.27541478129713426,-0.6319758672699849,-0.18853695324283568,-0.460633484162896,-0.3592760180995475,-0.493815987933635,-0.3266968325791856,-0.6804733727810648,-0.2105604918551058,-0.739422391334156,-0.0810904291786646
order-ops,31,1,32,False,-0.3098039215686275,0.06950117572889326,-0.3634992458521871,-0.19155354449472095,0,5,0,0.06274509803921569,0.39215686274509803,0.00904977375565611,0.028657616892911,0.05369532428355959,0.3634992458521871,-0.454607843137255,-0.1707239819004527,-0.5403766614878477,-0.07923118164940732,-0.4419306184012066,-0.18310708898944195,-0.5315233785822021,-0.0880844645550529,-0.35233785822021124,-0.24856711915535448,-0.39336349924585223,-0.2262443438914028,-0.5563617014853277,-0.12307692307692304,-0.6389699026463732,0.01936205950911818
order-ops,32,1,33,False,-0.37737556561085983,0.09491123256197478,-0.4449472096530921,-0.22322775263951736,0,5,0,0.09019607843137253,0.49019607843137253,0.022624434389140278,0.04524886877828054,0.06757164404223229,0.4449472096530921,-0.530015082956259,-0.21387631975867272,-0.6079483055300801,-0.14680282569163963,-0.514027149321267,-0.2383107088989442,-0.5990950226244345,-0.1556561085972852,-0.4410256410256411,-0.2926093514328809,-0.46093514328808455,-0.2938159879336351,-0.6562540064102563,-0.16852676169983874,-0.7065415466886056,-0.048209584533114136
order-ops,33,1,34,False,-0.37556561085972856,0.06155435573879901,-0.4042232277526395,-0.2654600301659125,0,5,0,0.03137254901960784,0.45098039215686275,0.004223227752639518,0.04826546003016591,0.02714932126696833,0.40271493212669696,-0.5230844645550526,-0.23438914027149327,-0.6061383507789487,-0.14499287094050836,-0.5143288084464555,-0.24222473604826553,-0.5972850678733032,-0.15384615384615394,-0.4036199095022625,-0.3203619909502263,-0.4591251885369533,-0.29200603318250384,-0.6139572152653545,-0.20729845399698357,-0.7047315919374743,-0.046399629781982865
order-ops,34,1,35,False,-0.26606334841628965,0.07585542459155481,-0.30467571644042235,-0.13122171945701358,0,5,0,0.043137254901960784,0.3333333333333333,0.004524886877828054,0.02865761689291101,0.03861236802413274,0.30467571644042235,-0.4117647058823528,-0.12457767722473617,-0.4966360883355099,-0.03549060849706945,-0.3991025641025641,-0.1429864253393665,-0.4877828054298643,-0.044343891402715024,-0.30467571644042235,-0.19668174962292612,-0.34962292609351436,-0.18250377073906493,-0.5150760400313971,-0.07290513833992102,-0.5952293294940354,0.06310263266145605
order-ops,35,1,36,False,-0.16500754147812974,0.058780972345880984,-0.1990950226244344,-0.06334841628959276,0,5,0,0.0392156862745098,0.21568627450980393,0.005128205128205128,0.01659125188536953,0.03408748114630468,0.1990950226244344,-0.28990196078431374,-0.04977375565610862,-0.3955802813973499,0.06556519844109046,-0.28356711915535443,-0.05972850678733032,-0.38672699849170433,0.056711915535444885,-0.1990950226244344,-0.11070889894419307,-0.24856711915535445,-0.08144796380090502,-0.37907863247863266,-0.00550888093469308,-0.49417352255587543,0.16415843959961596
order-ops,36,1,37,False,-0.3423831070889895,0.02446044455539495,-0.354449472096531,-0.29864253393665163,0,5,0,0.011764705882352941,0.39215686274509803,0.0012066365007541479,0.039215686274509796,0.010558069381598794,0.35294117647058826,-0.48265460030165896,-0.20782805429864273,-0.5729558470082097,-0.1118103671697693,-0.4793363499245852,-0.2087481146304676,-0.5641025641025641,-0.12066365007541488,-0.3538461538461539,-0.32036199095022627,-0.4259426847662142,-0.2588235294117648,-0.521924450549451,-0.17813720197930716,-0.6715490881667352,-0.013217126011243807
order-ops,37,1,38,False,-0.3879336349924586,0.03390143975164111,-0.40422322775263964,-0.3273001508295627,0,5,0,0.01568627450980392,0.49019607843137253,0.0009049773755656109,0.08748114630467572,0.01478129713423831,0.40271493212669685,-0.533054298642534,-0.24403469079939677,-0.6185063749116788,-0.1573608950732384,-0.5297285067873305,-0.2458521870286576,-0.6096530920060332,-0.16621417797888396,-0.4036199095022625,-0.35746606334841635,-0.4714932126696833,-0.30437405731523387,-0.6276260020467338,-0.2109490884219977,-0.7170996160702043,-0.05876765391471289
order-ops,38,1,39,False,-0.3496229260935144,0.04873919097571632,-0.3725490196078432,-0.2624434389140272,0,5,0,0.023529411764705882,0.43137254901960786,0.002111613876319759,0.06033182503770739,0.021417797888386124,0.3710407239819005,-0.48506787330316714,-0.21598793363499244,-0.5801956660127346,-0.11905018617429422,-0.47723981900452495,-0.2226244343891403,-0.5713423831070891,-0.1279034690799398,-0.37194570135746613,-0.30588235294117655,-0.43318250377073914,-0.2660633484162897,-0.5592581245212823,-0.19057901065499852,-0.6787889071712601,-0.020456945015768724
order-ops,39,1,40,False,-0.36591251885369547,0.025565499628245662,-0.38159879336349933,-0.32277526395173467,0,5,0,0.01568627450980392,0.45098039215686275,0.0,0.06938159879336352,0.01568627450980392,0.38159879336349933,-0.5004600301659123,-0.22835595776772258,-0.5964852587729157,-0.13533977893447527,-0.49803921568627446,-0.23137254901960785,-0.5876319758672701,-0.14419306184012085,-0.38159879336349933,-0.34238310708898956,-0.4494720965309202,-0.28235294117647075,-0.5906195448242109,-0.17959587513935338,-0.6950784999314412,-0.03674653777594977
order-ops,40,1,41,False,-0.36530920060331834,0.04792726536619466,-0.3906485671191554,-0.2805429864253394,0,5,0,0.027450980392156866,0.47058823529411764,0.002111613876319759,0.07993966817496233,0.025339366515837108,0.3906485671191554,-0.5037707390648566,-0.23105580693816005,-0.5958819405225385,-0.13473646068409814,-0.4953318250377074,-0.23770739064856714,-0.5870286576168929,-0.14358974358974372,-0.3906485671191554,-0.32126696832579194,-0.44886877828054306,-0.2817496229260936,-0.5925066447779864,-0.1801282051282052,-0.694475181681064,-0.036143219525572645
order-ops,41,1,42,False,-0.3822021116138764,0.032657299795413236,-0.4012066365007543,-0.32579185520362003,0,5,0,0.0196078431372549,0.5294117647058824,0.0006033182503770739,0.12820512820512825,0.019004524886877826,0.4012066365007543,-0.5194645550527901,-0.24554298642533934,-0.6127748515330966,-0.1516293716946562,-0.5146304675716441,-0.2467496229260936,-0.603921568627451,-0.16048265460030178,-0.4012066365007543,-0.35203619909502276,-0.4657616892911011,-0.2986425339366517,-0.6147739316239321,-0.19720150220150218,-0.7113680926916222,-0.05303613053613071
order-ops,42,1,43,False,-0.3948717948717951,0.0344010458076891,-0.41025641025641046,-0.3333333333333335,0,5,0,0.01568627450980392,0.5294117647058824,0.00030165912518853697,0.1191553544494721,0.015384615384615385,0.41025641025641046,-0.5330316742081446,-0.2564102564102565,-0.6254445347910152,-0.16429905495257488,-0.5282051282051283,-0.25941930618401216,-0.6165912518853697,-0.17315233785822046,-0.41025641025641046,-0.36410256410256425,-0.4784313725490198,-0.31131221719457036,-0.6293706293706294,-0.20619524024362756,-0.7240377759495408,-0.06570581379404938
order-ops,43,1,44,False,-0.33906485671191555,0.10148487288005406,-0.4193061840120665,-0.20965309200603321,0,5,0,0.09411764705882353,0.6078431372549019,0.015384615384615385,0.1900452488687782,0.07873303167420816,0.4177978883861238,-0.49110105580693786,-0.18310708898944197,-0.5696375966311358,-0.10849211679269535,-0.46576168929110107,-0.20964555052790357,-0.5607843137254902,-0.11734539969834093,-0.41478129713423845,-0.2591251885369533,-0.42262443438914027,-0.25550527903469084,-0.5538461538461538,-0.182942214790041,-0.6682308377896613,-0.009898875634169857
order-ops,44,1,45,False,-0.3773755656108599,0.0815902895901526,-0.4223227752639519,-0.23227752639517346,0,5,0,0.050980392156862744,0.6862745098039216,0.0060331825037707384,0.2639517345399698,0.04494720965309201,0.4223227752639519,-0.5279110105580694,-0.2214177978883862,-0.6079483055300801,-0.1468028256916397,-0.5119155354449473,-0.23558823529411774,-0.5990950226244345,-0.15565610859728526,-0.41930618401206654,-0.3043740573152338,-0.4609351432880846,-0.29381598793363517,-0.5846252465483233,-0.219976572439259,-0.7065415466886056,-0.04820958453311419
order-ops,45,1,46,False,-0.1514328808446455,0.06175360905993414,-0.2398190045248868,-0.09049773755656108,0,5,0,0.16470588235294117,0.5294117647058824,0.037104072398190045,0.2503770739064858,0.12760180995475112,0.2790346907993966,-0.2862745098039214,-0.022021116138763185,-0.3820056207638657,0.07913985907457469,-0.273604826546003,-0.03226998491704383,-0.3731523378582201,0.07028657616892911,-0.20011312217194555,-0.10618401206636499,-0.23499245852187023,-0.0678733031674208,-0.3244777802842322,-0.015950653120464627,-0.4805988619223912,0.17773310023310018
order-ops,46,1,47,False,-0.10075414781297135,0.061317365219973136,-0.1493212669683258,1.3061447348531253e-17,1,4,0,0.07843137254901962,0.5294117647058824,0.010256410256410258,0.36048265460030166,0.06817496229260936,0.16892911010558068,-0.24162895927601816,0.032579185520361986,-0.33132688773219154,0.12981859210624885,-0.23016591251885368,0.02322775263951736,-0.32247360482654597,0.12096530920060328,-0.14177978883861236,-0.04856711915535444,-0.18431372549019606,-0.01719457013574663,-0.3476299292838834,0.1391621183694354,-0.42992012889071707,0.22841183326477435
order-ops,47,1,48,False,-0.1375565610859728,0.017537788058821887,-0.14932126696832576,-0.11010558069381594,0,5,0,0.011764705882352941,0.5294117647058824,0.0,0.3800904977375563,0.011764705882352941,0.14932126696832576,-0.2775339366515838,-0.0024132730015082914,-0.36812930100519303,0.09301617883324739,-0.27481146304675713,-0.004223227752639524,-0.35927601809954746,0.08416289592760182,-0.14932126696832576,-0.12187028657616888,-0.22111613876319752,-0.05399698340874809,-0.41786126373626337,0.16379352910602896,-0.4667225421637185,0.1916094199917729
order-ops,48,2,1,False,-0.22443438914027142,0.0879311771865066,-0.26847662141779777,-0.06787330316742084,0,5,0,0.058823529411764705,0.47058823529411764,0.01478129713423831,0.20211161387631982,0.04404223227752639,0.26847662141779777,-0.3665158371040724,-0.0847662141779789,-0.4550071290594916,0.006138350778948781,-0.3463046757164404,-0.10436651583710416,-0.446153846153846,-0.002714932126696795,-0.26847662141779777,-0.14419306184012065,-0.30799396681749613,-0.1408748114630467,-0.46650291086085127,-0.007688933873144447,-0.5536003702180171,0.10473159193747428
order-ops,49,2,2,False,-0.25279034690799407,0.07295069470450491,-0.3303167420814481,-0.15082956259426844,0,5,0,0.12549019607843137,0.45098039215686275,0.047963800904977386,0.12066365007541481,0.077526395173454,0.3303167420814481,-0.3966892911010557,-0.11281297134238324,-0.4833630868272143,-0.02221760698877387,-0.3788838612368024,-0.12850678733031679,-0.4745098039215687,-0.031070889894419446,-0.30588235294117666,-0.18974358974358974,-0.3363499245852188,-0.16923076923076935,-0.4722742330881867,-0.07129807692307702,-0.5819563279857398,0.07637563416975163
order-ops,50,2,3,False,-0.2042232277526396,0.058109523646658154,-0.2549019607843138,-0.11312217194570137,0,5,0,0.07843137254901962,0.27450980392156865,0.027752639517345412,0.019607843137254898,0.05067873303167421,0.2549019607843138,-0.3236802413273001,-0.10075414781297135,-0.4347959676718598,0.026349512166580602,-0.3073906485671191,-0.10950226244343893,-0.4259426847662142,0.017496229260935026,-0.24434389140271504,-0.15806938159879338,-0.28778280542986434,-0.12066365007541488,-0.40820572450804987,-0.04705838844413505,-0.5333892088303853,0.1249427533251061
order-ops,51,2,4,False,-0.1788838612368024,0.04022655821745967,-0.23529411764705882,-0.1282051282051282,0,5,0,0.0588235294117647,0.2549019607843137,0.002413273001508296,0.0196078431372549,0.05641025641025641,0.23529411764705882,-0.2917043740573151,-0.07842383107089,-0.40945660115602256,0.05168887868241781,-0.2856711915535445,-0.0832579185520362,-0.400603318250377,0.042835595776772234,-0.21176470588235294,-0.1478129713423831,-0.2624434389140271,-0.09532428355957767,-0.4053811595381363,-0.011920857988165718,-0.5080498423145481,0.1502821198409433
order-ops,52,2,5,False,-0.17466063348416289,0.03423532056497401,-0.22021116138763197,-0.14177978883861236,0,5,0,0.047058823529411764,0.23529411764705882,0.0015082956259426848,0.015082956259426848,0.045550527903469085,0.22021116138763197,-0.28717948717948716,-0.07541478129713426,-0.40523337340338306,0.05591210643505731,-0.2790422322775264,-0.07903469079939668,-0.3963800904977375,0.047058823529411736,-0.20180995475113123,-0.14841628959276018,-0.2582202111613876,-0.09110105580693817,-0.39819115792597015,-0.018046435272045042,-0.5038266145619086,0.1545053475935828
order-ops,53,2,6,False,-0.13755656108597286,0.04051956965779802,-0.1779788838612368,-0.08446455505279034,0,5,0,0.06274509803921569,0.19607843137254902,0.005731523378582203,0.0015082956259426848,0.05701357466063348,0.19457013574660634,-0.2446530920060332,-0.04283559577677225,-0.36812930100519303,0.09301617883324734,-0.23861236802413271,-0.0506787330316742,-0.35927601809954746,0.08416289592760176,-0.1689291101055807,-0.10618401206636502,-0.22111613876319758,-0.053996983408748145,-0.2975851648351649,-0.008865513018055403,-0.46672254216371856,0.19160941999177283
order-ops,54,2,7,False,-0.062141779788838614,0.047915397187480585,-0.14027149321266968,-0.018099547511312215,0,5,0,0.08235294117647059,0.13725490196078433,0.008748114630467572,0.0015082956259426848,0.07360482654600302,0.13574660633484165,-0.1622926093514329,0.031975867269984914,-0.29271451970805884,0.16843096013038159,-0.1535444947209653,0.017202111613876216,-0.28386123680241326,0.159577677224736,-0.1028657616892911,-0.02956259426847662,-0.14570135746606333,0.021417797888386103,-0.23129947602765005,0.05565975151468666,-0.3913077608665843,0.2670242012889071
order-ops,55,2,8,False,0.038612368024132725,0.04188882103541399,-0.00904977375565611,0.08597285067873302,3,1,1,0.11764705882352941,0.058823529411764705,0.02171945701357466,0.0015082956259426848,0.09592760180995477,0.057315233785822026,-0.0660633484162896,0.15022624434389142,-0.19196037189508747,0.26918510794335293,-0.060935143288084456,0.13876319758672703,-0.1831070889894419,0.26033182503770735,0.005731523378582202,0.07149321266968325,-0.04494720965309199,0.12217194570135745,-0.08829493372971632,0.1528205128205128,-0.290553613053613,0.3677783491018784
order-ops,56,2,9,False,0.0669683257918552,0.05009948720851246,-0.021116138763197585,0.09653092006033182,4,1,0,0.10588235294117647,0.0196078431372549,0.020814479638009052,0.0015082956259426848,0.08506787330316742,0.01809954751131222,-0.016289592760180997,0.16651583710407242,-0.16360441412736498,0.2975410657110754,-0.009049773755656104,0.14691553544494712,-0.1547511312217194,0.28868778280542984,0.021417797888386124,0.09502262443438914,-0.016591251885369515,0.1505279034690799,-0.02353234456175631,0.16677159763313606,-0.2621976552858905,0.3961343068696009
order-ops,57,2,10,False,0.07420814479638008,0.022558980230158975,0.04223227752639518,0.0980392156862745,5,0,0,0.1254901960784314,0.0196078431372549,0.03469079939668175,0.0030165912518853697,0.09079939668174963,0.016591251885369536,-0.01447963800904978,0.17074660633484157,-0.15636459512284012,0.3047808847156003,-0.01026395173453997,0.1656108597285068,-0.14751131221719455,0.2959276018099547,0.057315233785822026,0.09079939668174962,-0.00935143288084464,0.1577677224736048,-0.03104008097165992,0.1784625922023182,-0.2549578362813656,0.4033741258741258
order-ops,58,2,11,False,0.036199095022624424,0.045223723531115985,-0.016591251885369536,0.07843137254901959,3,2,0,0.09803921568627452,0.0392156862745098,0.02714932126696833,0.004524886877828055,0.0708898944193062,0.03469079939668175,-0.05279788838612368,0.1345399698340875,-0.19437364489659578,0.26677183494184464,-0.04615384615384614,0.12126696832579185,-0.1855203619909502,0.25791855203619907,0.0009049773755656062,0.07149321266968325,-0.04736048265460029,0.11975867269984913,-0.08288003020822093,0.15815384615384606,-0.2929668860551213,0.3653650761003701
order-ops,59,2,12,False,0.024434389140271497,0.035475420936270374,-0.01659125188536953,0.06485671191553544,3,2,0,0.11372549019607843,0.058823529411764705,0.031975867269984914,0.0015082956259426848,0.08174962292609352,0.057315233785822026,-0.07843137254901958,0.13515082956259417,-0.2061383507789487,0.2550071290594917,-0.07209653092006034,0.12398944193061832,-0.19728506787330313,0.2461538461538461,-0.0033182503770739025,0.052187028657616895,-0.05912518853695322,0.1079939668174962,-0.12587961058549293,0.15908567291955172,-0.3047315919374742,0.3536003702180172
order-ops,60,2,13,False,-0.04524886877828054,0.016896950605134294,-0.06636500754147812,-0.02714932126696833,0,5,0,0.08627450980392157,0.11764705882352941,0.016892911010558072,0.0030165912518853697,0.0693815987933635,0.11463046757164404,-0.15354449472096526,0.059736048265459946,-0.2758216086975007,0.18532387114093965,-0.1517345399698341,0.05610859728506787,-0.26696832579185514,0.17647058823529407,-0.0579185520361991,-0.03257918552036199,-0.12880844645550527,0.038310708898944175,-0.21138846153846158,0.09309829059829058,-0.37441484985602624,0.28391711229946515
order-ops,61,2,14,False,0.00904977375565611,0.04626805927655495,-0.04072398190045248,0.05279034690799396,3,2,0,0.05490196078431372,0.0392156862745098,0.0081447963800905,0.0015082956259426848,0.046757164404223235,0.03770739064856712,-0.057616892911010555,0.08084464555052791,-0.2215229661635641,0.2396225136748763,-0.04886877828054298,0.060030165912518856,-0.21266968325791852,0.23076923076923073,-0.027450980392156862,0.045550527903469085,-0.07450980392156861,0.09260935143288082,-0.0632028182028182,0.0802217904047172,-0.32011620732208956,0.3382157548334018
order-ops,62,2,15,False,0.0196078431372549,0.01856490742849347,0.0015082956259426848,0.04072398190045248,5,0,0,0.0196078431372549,0.0,0.001508295625942685,0.0015082956259426848,0.01809954751131222,-0.0015082956259426848,0.0,0.05580693815987933,-0.21096489678196528,0.2501805830564751,0.0030165912518853697,0.041628959276018104,-0.2021116138763197,0.24132730015082954,0.004826546003016592,0.034389140271493215,-0.06395173453996982,0.10316742081447962,-0.0016632016632016633,0.05787612387612387,-0.3095581379404908,0.3487738242150006
order-ops,63,2,16,False,0.06244343891402715,0.02426434697096858,0.03469079939668175,0.08597285067873305,5,0,0,0.07058823529411765,0.0,0.009653092006033183,0.0015082956259426848,0.06093514328808447,-0.0015082956259426848,0.008748114630467572,0.13574660633484165,-0.16812930100519305,0.2930161788332474,0.01266968325791855,0.1257918552036199,-0.15927601809954747,0.2841628959276018,0.043137254901960784,0.08174962292609353,-0.021116138763197567,0.14600301659125187,0.004070057731315338,0.13247863247863248,-0.26672254216371855,0.39160941999177284
order-ops,64,2,17,False,0.030769230769230764,0.0269094481138912,-0.004524886877828055,0.06938159879336349,4,1,0,0.03529411764705882,0.0,0.004524886877828055,0.0,0.030769230769230764,0.0,-0.003921568627450981,0.0880844645550528,-0.19980350914998943,0.26134197068845094,-0.0015082956259426853,0.07450980392156863,-0.19095022624434385,0.25248868778280537,0.010256410256410255,0.05279034690799396,-0.05279034690799395,0.11432880844645549,-0.005032051282051281,0.0772309262166405,-0.2983967503085149,0.35993521184697647
order-ops,65,2,18,False,0.04736048265460029,0.03880161954233867,0.009049773755656108,0.11161387631975862,5,0,0,0.06274509803921569,0.0196078431372549,0.006334841628959276,0.010558069381598796,0.05641025641025641,0.009049773755656108,-0.017202111613876313,0.12549773755656096,-0.1832122572646199,0.27793322257382047,-0.011161387631975866,0.11191553544494721,-0.17435897435897432,0.2690799396681749,0.02292609351432881,0.0811463046757164,-0.036199095022624424,0.13092006033182502,-0.026295704295704294,0.1375,-0.2818054984231454,0.376526463732346
order-ops,66,2,19,False,-0.09170437405731523,0.02463190378188276,-0.11161387631975866,-0.051282051282051294,0,5,0,0.023529411764705882,0.13725490196078433,0.0036199095022624436,0.025641025641025647,0.019909502262443438,0.11161387631975866,-0.19518853695324284,0.005429864253393664,-0.3222771139765354,0.13886836586190499,-0.1933710407239819,-0.0015082956259426712,-0.31342383107088984,0.1300150829562594,-0.1076923076923077,-0.07149321266968327,-0.17526395173453996,-0.00814479638009051,-0.1745744301994302,0.035579108391608355,-0.42087035513506094,0.23746160702043045
order-ops,67,2,20,False,-0.19215686274509805,0.054981461674204646,-0.24736048265460028,-0.10859728506787332,0,5,0,0.07843137254901962,0.29411764705882354,0.0036199095022624436,0.02714932126696833,0.07481146304675716,0.2669683257918552,-0.32881598793363503,-0.060030165912518876,-0.42272960266431825,0.03841587717412215,-0.31794871794871793,-0.06726998491704375,-0.4138763197586727,0.029562594268476572,-0.2316742081447964,-0.14479638009049778,-0.2757164404223228,-0.10859728506787333,-0.29983333333333334,-0.07662702024550448,-0.5213228438228438,0.13700911833264764
order-ops,68,2,21,False,-0.12669683257918551,0.033131044700586414,-0.1553544494720965,-0.07541478129713423,0,5,0,0.027450980392156866,0.17647058823529413,0.00030165912518853697,0.02262443438914027,0.02714932126696833,0.15384615384615383,-0.23710407239818998,-0.025339366515837104,-0.35726957249840574,0.10387590734003468,-0.23228506787330316,-0.029864253393665156,-0.34841628959276016,0.09502262443438911,-0.15052790346907993,-0.09894419306184012,-0.21025641025641023,-0.0431372549019608,-0.2510320512820512,-0.0035771294894729726,-0.4558628136569312,0.20246914849856018
order-ops,69,2,22,False,0.004223227752639511,0.050108568137934247,-0.0693815987933635,0.06485671191553545,3,2,0,0.13725490196078433,0.1568627450980392,0.004826546003016592,0.028657616892911013,0.13242835595776775,0.12820512820512822,-0.13002262443438917,0.14570135746606333,-0.2263495121665807,0.2347959676718597,-0.1257918552036199,0.13484162895927604,-0.21749622926093512,0.22594268476621412,-0.034992458521870294,0.04193061840120663,-0.0793363499245852,0.08778280542986423,-0.171120951417004,0.21295586250694612,-0.3249427533251062,0.3333892088303852
order-ops,70,2,23,False,0.010859728506787333,0.07364746681716924,-0.06485671191553544,0.10256410256410256,2,3,0,0.19607843137254904,0.17647058823529413,0.049472096530920065,0.04072398190045248,0.14660633484162897,0.13574660633484165,-0.12458521870286571,0.14811463046757165,-0.21971301141243288,0.24143246842600752,-0.10800150829562598,0.13303921568627441,-0.2108597285067873,0.23257918552036194,-0.04615384615384614,0.06787330316742081,-0.07269984917043738,0.09441930618401205,-0.16923076923076924,0.17582656473960825,-0.31830625257095835,0.34002570958453304
order-ops,71,2,24,False,0.07571644042232277,0.04803394701781452,0.03318250377073906,0.13574660633484165,5,0,0,0.17254901960784313,0.11764705882352941,0.022926093514328803,0.04374057315233786,0.14962292609351435,0.07390648567119154,-0.045852187028657634,0.20302413273001496,-0.15485629949689744,0.30628918034154295,-0.03650829562594266,0.19125188536953242,-0.14600301659125187,0.2974358974358974,0.039215686274509796,0.11312217194570136,-0.007843137254901947,0.1592760180995475,-0.0898145311303206,0.22745833333333343,-0.2534495406554229,0.4048824215000685
order-ops,72,2,25,False,0.1460030165912519,0.027696842066094806,0.11312217194570134,0.1794871794871795,5,0,0,0.2901960784313726,0.19607843137254902,0.05671191553544495,0.10859728506787332,0.23348416289592766,0.08748114630467572,0.026244343891402726,0.2690874811463046,-0.0845697233279683,0.3765757565104721,0.030165912518853692,0.26515837104072393,-0.07571644042232273,0.3677224736048265,0.12458521870286576,0.1671191553544495,0.06244343891402718,0.2295625942684766,-0.015689722042663196,0.3014653963058218,-0.1831629644864938,0.47516899766899756
order-ops,73,2,26,False,0.07722473604826545,0.024399916095014365,0.05128205128205127,0.10407239819004521,5,0,0,0.2823529411764706,0.21568627450980393,0.07541478129713423,0.08597285067873305,0.20693815987933636,0.12971342383107087,-0.03650075414781297,0.19276018099547507,-0.15334800387095476,0.30779747596748563,-0.031078431372549002,0.18883861236802416,-0.1444947209653092,0.29894419306184006,0.058823529411764705,0.09562594268476621,-0.006334841628959267,0.16078431372549018,-0.10296257796257798,0.2669716953884664,-0.25194124502948023,0.40639071712601116
order-ops,74,2,27,False,0.13182503770739062,0.044188171191198146,0.08295625942684763,0.19155354449472095,5,0,0,0.3137254901960785,0.19607843137254902,0.07028657616892911,0.08446455505279037,0.24343891402714934,0.11161387631975869,0.005120663650075404,0.2627450980392157,-0.09874770221182957,0.36239777762661085,0.015075414781297128,0.25520361990950224,-0.089894419306184,0.3535444947209653,0.09834087481146306,0.16772247360482653,0.04826546003016591,0.21538461538461534,-0.061056696926262144,0.3052197802197801,-0.19734094337035507,0.4609910187851363
order-ops,75,2,28,False,0.03891402714932127,0.030696687915270453,0.003016591251885373,0.08446455505279034,5,0,0,0.2901960784313725,0.23529411764705882,0.08838612368024132,0.07239819004524888,0.20180995475113123,0.16289592760181001,-0.0962292609351433,0.1719532428355957,-0.19165871276989893,0.26948676706854147,-0.08899698340874815,0.1692307692307692,-0.18280542986425335,0.2606334841628959,0.017194570135746604,0.06274509803921569,-0.04464555052790345,0.12247360482654598,-0.17281589315984794,0.2330846972176759,-0.2902519539284244,0.368080008227067
order-ops,76,2,29,False,0.07390648567119154,0.04077980643920292,0.04223227752639518,0.14177978883861234,5,0,0,0.29411764705882354,0.19607843137254902,0.08597285067873303,0.061840120663650085,0.2081447963800905,0.134238310708899,-0.0579260935143288,0.20271493212669686,-0.15666625424802866,0.30447922559041174,-0.04856711915535445,0.19698340874811462,-0.14781297134238308,0.29562594268476616,0.047360482654600314,0.10859728506787328,-0.009653092006033176,0.15746606334841626,-0.09335857811181843,0.23029132326007334,-0.2552594954065541,0.40307246674893726
order-ops,77,2,30,False,0.12850678733031676,0.03122936929475938,0.09351432880844644,0.16138763197586728,5,0,0,0.3607843137254902,0.17647058823529413,0.11161387631975868,0.05580693815987934,0.24917043740573153,0.12066365007541482,0.003914027149321262,0.2603318250377074,-0.10206595258890344,0.35907952724953696,0.00874811463046757,0.25369532428355956,-0.09321266968325786,0.3502262443438914,0.10437405731523378,0.1526395173453997,0.04494720965309204,0.21206636500754147,-0.046160477453580886,0.2781089743589744,-0.20065919374742894,0.4576727684080625
order-ops,78,2,31,False,0.19004524886877827,0.03158430104279324,0.15686274509803919,0.23227752639517343,5,0,0,0.3254901960784314,0.0784313725490196,0.10527903469079943,0.048265460030165915,0.220211161387632,0.030165912518853706,0.06576168929110106,0.32157616892911006,-0.04052749105044193,0.4206179887879985,0.06997737556561084,0.31825037707390647,-0.03167420814479635,0.4117647058823529,0.16591251885369532,0.21417797888386123,0.10648567119155355,0.273604826546003,0.0017036489151873724,0.35915352040578896,-0.13912073220896742,0.5192112299465239
order-ops,79,2,32,False,0.17556561085972847,0.044432044206038884,0.11915535444947206,0.23378582202111609,5,0,0,0.33333333333333337,0.0784313725490196,0.12307692307692308,0.04374057315233786,0.21025641025641031,0.03469079939668175,0.05067873303167419,0.30618401206636503,-0.05500712905949173,0.40613835077894866,0.057918552036199084,0.29955505279034683,-0.046153846153846156,0.3972850678733031,0.14087481146304673,0.20874811463046752,0.09200603318250375,0.2591251885369532,-0.007692307692307697,0.33262765251989396,-0.15360037021801723,0.5047315919374742
order-ops,80,2,33,False,0.17435897435897438,0.017348678292018832,0.15082956259426847,0.19909502262443438,5,0,0,0.31764705882352945,0.11764705882352941,0.09049773755656108,0.06485671191553546,0.22714932126696835,0.05279034690799395,0.05610859728506788,0.29864253393665163,-0.05621376556024582,0.4049317142781946,0.06063348416289592,0.2956259426847662,-0.047360482654600244,0.396078431372549,0.16108597285067874,0.18853695324283562,0.09079939668174966,0.25791855203619907,0.009953135100193905,0.307089649321267,-0.15480700671877132,0.50352495543672
order-ops,81,2,34,False,0.13725490196078427,0.025839881898961997,0.10256410256410256,0.1749622926093514,5,0,0,0.3176470588235294,0.1568627450980392,0.09592760180995477,0.0723981900452489,0.2217194570135747,0.08446455505279031,0.024426847662141773,0.25581447963800896,-0.09331783795843593,0.3678276418800045,0.028355957767722463,0.2527978883861236,-0.08446455505279035,0.3589743589743589,0.11704374057315232,0.15927601809954747,0.05369532428355955,0.220814479638009,0.0009819967266775813,0.25000223613595707,-0.19191107911696142,0.46642088303852997
order-ops,82,2,35,False,0.1776772247360483,0.027532076522726143,0.14328808446455504,0.21870286576168935,5,0,0,0.3411764705882353,0.11764705882352941,0.10015082956259429,0.05429864253393665,0.24102564102564106,0.06334841628959273,0.06726998491704374,0.2965309200603319,-0.0528955151831719,0.4082499646552685,0.07119155354449472,0.29472096530920067,-0.04404223227752632,0.39939668174962295,0.15716440422322775,0.19939668174962297,0.09411764705882358,0.261236802413273,0.04923076923076923,0.2916926093514329,-0.1514887563416974,0.5068432058137939
order-ops,83,2,36,False,0.16681749622926095,0.034847831354590166,0.12368024132730014,0.19607843137254902,5,0,0,0.3411764705882353,0.11764705882352941,0.10045248868778281,0.04374057315233786,0.24072398190045252,0.07390648567119153,0.04796380090497736,0.29050527903469076,-0.06375524368995925,0.3973902361484811,0.054592760180995466,0.28567119155354453,-0.05490196078431367,0.38853695324283555,0.13906485671191554,0.19245852187028661,0.08325791855203624,0.25037707390648567,0.00993846153846153,0.30680631868131863,-0.16234848484848474,0.49598347730700665
order-ops,84,2,37,False,0.13574660633484165,0.01856490742849347,0.10407239819004524,0.15082956259426847,5,0,0,0.32156862745098036,0.17647058823529413,0.0742081447963801,0.06485671191553546,0.24736048265460037,0.11161387631975866,0.01085972850678733,0.2672699849170437,-0.09482613358437855,0.3663193462540618,0.013273001508295613,0.265158371040724,-0.08597285067873298,0.35746606334841624,0.11915535444947209,0.14720965309200604,0.05218702865761693,0.21930618401206636,-0.05597146739130436,0.3125031748911466,-0.19341937474290405,0.46491258741258734
order-ops,85,2,38,False,0.13333333333333333,0.018055501962769727,0.11161387631975869,0.1583710407239819,5,0,0,0.3215686274509804,0.21568627450980393,0.07662141779788839,0.10407239819004528,0.24494720965309208,0.11161387631975868,0.007232277526395182,0.26334841628959277,-0.09723940658588687,0.36390607325255353,0.010558069381598804,0.26123680241327296,-0.08838612368024129,0.35505279034690795,0.11885369532428357,0.14660633484162897,0.049773755656108615,0.21689291101055805,-0.0402743212669683,0.2934236764056289,-0.19583264774441236,0.46249931441107905
order-ops,86,2,39,False,0.11915535444947208,0.03941820315345997,0.06636500754147812,0.16289592760180993,5,0,0,0.2941176470588235,0.17647058823529413,0.07692307692307693,0.07843137254901962,0.21719457013574664,0.09803921568627452,0.005731523378582205,0.23831825037707383,-0.11141738546974812,0.3497280943686923,0.011463046757164414,0.23137254901960785,-0.10256410256410255,0.3408748114630467,0.08808446455505277,0.1493212669683258,0.03559577677224736,0.20271493212669678,-0.028939810189810213,0.2559446587894864,-0.21001062662827363,0.44832133552721776
order-ops,87,2,40,False,0.11644042232277525,0.04469749536112584,0.052790346907993974,0.16440422322775264,5,0,0,0.30196078431372547,0.19607843137254902,0.07692307692307693,0.0874811463046757,0.2250377073906486,0.10859728506787335,-0.0012066365007541641,0.23861236802413277,-0.11413231759644495,0.34701316224199547,0.006938159879336366,0.22865761689291103,-0.10527903469079937,0.3381598793363499,0.08054298642533936,0.14992458521870286,0.032880844645550536,0.19999999999999996,-0.004230908584169454,0.24029340659340656,-0.21272555875497046,0.44560640340052093
order-ops,88,2,41,False,0.0980392156862745,0.03313104470058642,0.07239819004524885,0.1463046757164404,5,0,0,0.2980392156862745,0.21568627450980393,0.0823529411764706,0.09803921568627451,0.21568627450980396,0.11764705882352942,-0.027450980392156876,0.22383107088989437,-0.1325335242329457,0.3286119556054947,-0.022330316742081465,0.22052036199095013,-0.12368024132730013,0.31975867269984914,0.07450980392156861,0.12609351432880841,0.014479638009049778,0.1815987933634992,-0.06153846153846155,0.25284385451505015,-0.2311267653914712,0.4272051967640202
order-ops,89,2,42,False,0.03016591251885369,0.023293280861961533,0.0045248868778280495,0.057315233785822,5,0,0,0.23921568627450984,0.29411764705882354,0.06123680241327302,0.1463046757164404,0.1779788838612368,0.14781297134238314,-0.09170437405731525,0.15113122171945692,-0.2004068274003665,0.26073865243807387,-0.08929110105580694,0.14841628959276015,-0.19155354449472092,0.2518853695324283,0.012066365007541473,0.04826546003016591,-0.05339366515837103,0.1137254901960784,-0.08205345501955671,0.1518236295867874,-0.299000068558892,0.3593318935965994
order-ops,90,2,43,False,0.019004524886877823,0.01891693767132807,-0.0045248868778280564,0.04826546003016589,4,1,0,0.23137254901960783,0.29411764705882354,0.05550527903469081,0.13725490196078433,0.17586726998491709,0.1568627450980392,-0.10046757164404227,0.13604826546003015,-0.21156821503234238,0.24957726480609801,-0.0980392156862745,0.13453996983408748,-0.2027149321266968,0.24072398190045244,0.004524886877828052,0.035595776772247345,-0.0645550527903469,0.10256410256410253,-0.12382450021068409,0.15897435897435896,-0.3101614561908679,0.3481705059646235
order-ops,91,2,44,False,0.0054298642533936615,0.026739831245040632,-0.036199095022624424,0.028657616892910995,3,2,0,0.26666666666666666,0.35294117647058826,0.06817496229260936,0.15987933634992457,0.19849170437405733,0.19306184012066366,-0.11734539969834083,0.13152337858220212,-0.22514287566582653,0.23600260417261387,-0.11644042232277528,0.12670437405731513,-0.21628959276018095,0.2271493212669683,-0.018099547511312222,0.02413273001508295,-0.07812971342383106,0.08898944193061838,-0.1437515677257525,0.14788122591694017,-0.32373611682435205,0.33459584533113934
order-ops,92,2,45,False,0.025942684766214186,0.015869391779864416,0.001508295625942699,0.04223227752639519,5,0,0,0.2431372549019608,0.37254901960784315,0.058823529411764705,0.2141779788838612,0.1843137254901961,0.15837104072398184,-0.09351432880844644,0.14690799396681753,-0.204630055153006,0.25651542468543437,-0.092315233785822,0.1450980392156863,-0.19577677224736043,0.24766214177978882,0.01236802413273003,0.03680241327300152,-0.057616892911010534,0.1095022624434389,-0.09714560439560432,0.15529907920721406,-0.3032232963115315,0.3551086658439599
order-ops,93,2,46,False,-0.05158371040723982,0.022432570066459382,-0.08748114630467574,-0.030165912518853692,0,5,0,0.2549019607843137,0.47058823529411764,0.07119155354449472,0.23529411764705885,0.18371040723981905,0.2352941176470588,-0.15656108597285065,0.04645550527903469,-0.28215645032646003,0.17898902951198037,-0.15294117647058822,0.04343891402714931,-0.27330316742081445,0.1701357466063348,-0.07058823529411766,-0.03619909502262444,-0.13514328808446455,0.031975867269984894,-0.1864042933810376,0.06944524587381722,-0.3807496914849855,0.2775822706705059
order-ops,94,2,47,False,-0.07450980392156861,0.017511825367963793,-0.09200603318250376,-0.04524886877828053,0,5,0,0.17254901960784313,0.5882352941176471,0.04343891402714932,0.3846153846153846,0.12911010558069383,0.2036199095022625,-0.2093514328808447,0.05188536953242841,-0.3050825438407888,0.1560629359976516,-0.20874811463046752,0.05098039215686278,-0.29622926093514323,0.147209653092006,-0.08657616892911009,-0.058521870286576155,-0.15806938159879333,0.009049773755656104,-0.2687179487179488,0.11209457209457208,-0.40367578499931434,0.25465617715617705
order-ops,95,2,48,False,0.0021116138763197603,0.03856638476116858,-0.03921568627450979,0.06334841628959276,3,2,0,0.15294117647058822,0.5294117647058824,0.042232277526395176,0.42081447963800883,0.11070889894419308,0.10859728506787326,-0.13544494720965317,0.12850678733031673,-0.22846112604290045,0.23268435379553995,-0.13093514328808448,0.12609351432880844,-0.21960784313725487,0.22383107088989437,-0.02624434389140271,0.03529411764705882,-0.08144796380090495,0.08567119155354448,-0.21538461538461523,0.22254766246684343,-0.32705436720142594,0.33127759495406545
order-ops,96,3,1,False,-0.05731523378582202,0.008729892083552208,-0.0693815987933635,-0.04675716440422322,0,5,0,0.2431372549019608,0.39215686274509803,0.06666666666666668,0.15837104072398187,0.17647058823529416,0.23378582202111622,-0.16410256410256407,0.03409502262443432,-0.2878879737050422,0.1732575061333982,-0.16229260935143286,0.032888386123680155,-0.27903469079939663,0.1644042232277526,-0.06395173453996983,-0.050980392156862744,-0.14087481146304673,0.026244343891402698,-0.21323751962323365,0.07732118758434545,-0.38648121486356773,0.27185074729192366
order-ops,97,3,2,False,-0.06214177978883863,0.010362331244233884,-0.07239819004524888,-0.049773755656108615,0,5,0,0.2549019607843137,0.3137254901960784,0.08929110105580695,0.08597285067873302,0.1656108597285068,0.22775263951734545,-0.18280542986425338,0.05429864253393663,-0.29271451970805884,0.16843096013038156,-0.18220965309200607,0.05188536953242834,-0.28386123680241326,0.15957767722473598,-0.07028657616892912,-0.05399698340874813,-0.14570135746606333,0.02141779788838609,-0.23461713286713298,0.08216289789238114,-0.3913077608665843,0.2670242012889071
order-ops,98,3,3,False,0.006636500754147799,0.015660147634892797,-0.00754147812971344,0.027149321266968313,2,3,0,0.21960784313725493,0.17647058823529413,0.06515837104072399,0.028657616892911006,0.1544494720965309,0.1478129713423831,-0.10196832579185522,0.11524132730015073,-0.2239362391650724,0.237209240673368,-0.10196078431372549,0.1152337858220211,-0.21508295625942683,0.2283559577677224,-0.005128205128205138,0.01930618401206635,-0.07692307692307691,0.09019607843137252,-0.14038932880844648,0.15223920186864087,-0.3225294803235979,0.3358024818318935
order-ops,99,3,4,False,0.012066365007541468,0.009049773755656113,-0.003016591251885384,0.02111613876319758,4,1,0,0.25098039215686274,0.21568627450980393,0.0684766214177979,0.045248868778280556,0.1825037707390649,0.1704374057315234,-0.10830316742081447,0.13243589743589723,-0.21850637491167874,0.24263910492676166,-0.10889894419306184,0.1324283559577677,-0.20965309200603316,0.23378582202111609,0.004223227752639506,0.01809954751131221,-0.07149321266968325,0.09562594268476618,-0.16153846153846155,0.15887820512820508,-0.3170996160702042,0.3412323460852872
order-ops,100,3,5,False,-0.019306184012066373,0.013123038753638737,-0.03318250377073908,-0.004524886877828071,0,5,0,0.2392156862745098,0.23529411764705882,0.06244343891402716,0.039215686274509796,0.1767722473604827,0.19607843137254904,-0.13092006033182507,0.08628205128205117,-0.24987892393128658,0.21126655590715382,-0.1306184012066365,0.08417043740573141,-0.241025641025641,0.20241327300150824,-0.029260935143288095,-0.00935143288084466,-0.1028657616892911,0.06425339366515834,-0.18223848874379384,0.11115990028490023,-0.34847216508981205,0.30985979706567934
order-ops,101,3,6,False,0.0760180995475113,0.016160597569808602,0.04977375565610858,0.09351432880844646,5,0,0,0.2549019607843137,0.13725490196078433,0.06274509803921569,0.021116138763197585,0.19215686274509808,0.11613876319758674,-0.01840120663650077,0.17557315233785814,-0.1545546403717089,0.3065908394667315,-0.01749622926093515,0.17435897435897438,-0.14570135746606333,0.2977375565610859,0.061840120663650064,0.08687782805429864,-0.007541478129713411,0.15957767722473604,-0.020171474358974376,0.19082900207900208,-0.2531478815302344,0.405184080625257
order-ops,102,3,7,False,0.12790346907993966,0.030192296154512684,0.09653092006033183,0.16591251885369537,5,0,0,0.23529411764705882,0.058823529411764705,0.0636500754147813,0.015082956259426846,0.17164404223227753,0.04374057315233785,0.030165912518853685,0.23740573152337857,-0.10266927083928054,0.3584762089991599,0.03377828054298641,0.2325942684766212,-0.09381598793363496,0.3496229260935143,0.10467571644042233,0.15113122171945703,0.04434389140271494,0.21146304675716437,0.023980643539467068,0.24081662842651844,-0.20126251199780604,0.45706945015768535
order-ops,103,3,8,False,0.1520361990950226,0.011457091411663933,0.13273001508295623,0.16138763197586728,5,0,0,0.2705882352941177,0.058823529411764705,0.07179487179487179,0.012066365007541479,0.1987933634992459,0.04675716440422322,0.05007541478129712,0.26275263951734534,-0.07853654082419759,0.3826089390142428,0.05188536953242835,0.26154600301659114,-0.06968325791855201,0.37375565610859723,0.1423831070889894,0.15927601809954753,0.0684766214177979,0.23559577677224733,0.05707980615875354,0.24941433566433557,-0.17712978198272308,0.4812021801727683
order-ops,104,3,9,False,0.15444947209653093,0.031504970557552796,0.11463046757164404,0.18552036199095026,5,0,0,0.25098039215686274,0.0392156862745098,0.06787330316742082,0.010558069381598796,0.18310708898944195,0.028657616892911013,0.048567119155354437,0.27179487179487183,-0.07612326782268927,0.38502221201575115,0.05308446455505277,0.26607088989441924,-0.0672699849170437,0.3761689291101056,0.1297134238310709,0.17918552036199098,0.07088989441930621,0.23800904977375564,0.027314471243042662,0.2812684124386251,-0.17471650898121477,0.4836154531742766
order-ops,105,3,10,False,0.17797888386123684,0.027585733270244182,0.14027149321266968,0.20512820512820518,5,0,0,0.25098039215686274,0.0196078431372549,0.06395173453996983,0.010558069381598796,0.18702865761689297,0.00904977375565611,0.07360482654600303,0.29622926093514335,-0.05259385605798336,0.40855162378045706,0.07662141779788838,0.2898944193061839,-0.043740573152337786,0.3996983408748115,0.15686274509803927,0.19909502262443446,0.09441930618401212,0.26153846153846155,0.06762326104746319,0.28871158392434987,-0.15118709721650886,0.5071448649389825
order-ops,106,3,11,False,0.17647058823529413,0.01406844502728327,0.1598793363499246,0.19004524886877827,5,0,0,0.24705882352941178,0.0196078431372549,0.0645550527903469,0.013574660633484163,0.18250377073906493,0.00603318250377074,0.07420060331825037,0.2901960784313725,-0.05410215168392607,0.40704332815451433,0.07541478129713423,0.28838612368024136,-0.04524886877828049,0.39819004524886875,0.16561085972850684,0.18733031674208148,0.09291101055806941,0.2600301659125188,0.08194577623149052,0.27817322979087683,-0.15269539284245157,0.5056365693130398
order-ops,107,3,12,False,0.17375565610859733,0.00821986521474431,0.16138763197586733,0.18401206636500758,5,0,0,0.25098039215686274,0.0196078431372549,0.06365007541478129,0.006033182503770739,0.1873303167420815,0.013574660633484167,0.0708898944193062,0.2868853695324282,-0.056817083810622865,0.40432839602781756,0.07209653092006033,0.28657616892911014,-0.04796380090497729,0.395475113122172,0.16681749622926098,0.17979638009049767,0.09019607843137262,0.25731523378582205,0.06598963683606261,0.2855428571428569,-0.15541032496914836,0.502921637186343
order-ops,108,3,13,False,0.15867269984917046,0.014124928830700668,0.14479638009049772,0.17496229260935148,5,0,0,0.24313725490196075,0.0392156862745098,0.054298642533936646,0.00904977375565611,0.18883861236802418,0.030165912518853696,0.06063348416289592,0.2681749622926093,-0.07190004007004974,0.38924543976839066,0.06093514328808448,0.26455505279034686,-0.06304675716440417,0.3803921568627451,0.14751131221719455,0.16983408748114634,0.07511312217194574,0.24223227752639517,0.052050699300699325,0.2580558928941678,-0.17049328122857524,0.4878386809269162
order-ops,109,3,14,False,0.17978883861236805,0.019735055485726884,0.14932126696832576,0.19758672699849178,5,0,0,0.2431372549019608,0.0196078431372549,0.05279034690799397,0.00904977375565611,0.19034690799396686,0.010558069381598796,0.07872549019607844,0.2926093514328807,-0.05078390130685215,0.4103615785315883,0.0808446455505279,0.289894419306184,-0.04193061840120657,0.4015082956259427,0.16289592760180996,0.19396681749622932,0.09622926093514333,0.26334841628959277,0.05445618484080019,0.3108400651073066,-0.14937714246537764,0.5089548196901137
order-ops,110,3,15,False,0.17797888386123684,0.02294890505988379,0.1598793363499246,0.2141779788838613,5,0,0,0.22745098039215686,0.0,0.052488687782805445,0.0030165912518853697,0.17496229260935145,-0.0030165912518853697,0.07601055806938162,0.29019607843137246,-0.05259385605798336,0.40855162378045706,0.07903469079939668,0.2883861236802413,-0.043740573152337786,0.3996983408748115,0.16199095022624438,0.1978883861236803,0.09441930618401212,0.26153846153846155,0.050197368421052664,0.31824106449106443,-0.15118709721650886,0.5071448649389825
order-ops,111,3,16,False,0.17888386123680242,0.010038951005908755,0.16440422322775264,0.191553544494721,5,0,0,0.23137254901960783,0.0,0.05701357466063348,0.004524886877828055,0.17435897435897438,-0.004524886877828055,0.07481146304675716,0.2953242835595776,-0.05168887868241778,0.4094566011560226,0.07631221719457014,0.29351432880844647,-0.042835595776772206,0.40060331825037704,0.17073906485671192,0.18612368024132733,0.0953242835595777,0.2624434389140271,0.05176989676989681,0.3069779108656762,-0.15028211984094328,0.5080498423145481
order-ops,112,3,17,False,0.14570135746606336,0.03410549584707879,0.1176470588235294,0.19306184012066374,5,0,0,0.21960784313725493,0.0196078431372549,0.05731523378582202,0.0030165912518853697,0.16229260935143291,0.016591251885369532,0.047058823529411785,0.2558069381598793,-0.08487138245315684,0.37627409738528356,0.0530920060331825,0.2509803921568628,-0.07601809954751126,0.367420814479638,0.12036199095022623,0.17375565610859736,0.06214177978883864,0.22926093514328807,0.03970055095260128,0.25532568238213404,-0.18346462361168234,0.474867338543809
order-ops,113,3,18,False,0.17586726998491706,0.02102436423734883,0.1463046757164404,0.19909502262443446,5,0,0,0.23921568627450984,0.0,0.07390648567119155,0.010558069381598796,0.16530920060331827,-0.010558069381598796,0.0684690799396682,0.29381598793363506,-0.05470546993430314,0.40644000990413726,0.07119155354449473,0.2908069381598793,-0.045852187028657565,0.3975867269984917,0.16048265460030167,0.19215686274509808,0.09230769230769234,0.25942684766214175,0.05688193099806369,0.29475524475524467,-0.15329871109282864,0.5050332510626627
order-ops,114,3,19,False,0.004524886877828052,0.021569154820626085,-0.025641025641025647,0.027149321266968326,3,2,0,0.18823529411764708,0.1568627450980392,0.05399698340874811,0.02714932126696833,0.1342383107088989,0.12971342383107087,-0.11432880844645549,0.12639517345399695,-0.22604785304139213,0.23509762679704826,-0.1116289592760181,0.12368024132730013,-0.21719457013574656,0.2262443438914027,-0.012066365007541484,0.020814479638009052,-0.07903469079939666,0.08808446455505277,-0.13017795637198623,0.16213017751479283,-0.32464109419991766,0.33369086795557373
order-ops,115,3,20,False,-0.060633484162895934,0.03929392358059855,-0.0889894419306184,0.007541478129713426,1,4,0,0.19607843137254904,0.23529411764705882,0.04404223227752639,0.022624434389140274,0.15203619909502264,0.2126696832579185,-0.18944193061840114,0.07088989441930618,-0.29120622408211616,0.16993925575632426,-0.1852187028657617,0.06515837104072397,-0.2823529411764706,0.1610859728506787,-0.08386123680241328,-0.02564102564102565,-0.14419306184012065,0.022926093514328783,-0.17511563599798893,0.0797272727272726,-0.38979946524064163,0.26853249691484976
order-ops,116,3,21,False,0.026847662141779787,0.02589265230498008,-0.0105580693815988,0.055806938159879346,4,1,0,0.19999999999999998,0.1568627450980392,0.04193061840120663,0.025641025641025637,0.15806938159879338,0.13122171945701358,-0.08476621417797887,0.13846153846153847,-0.20372507777744042,0.257420402061,-0.08236048265460029,0.13363499245852187,-0.19487179487179485,0.2485671191553544,0.006033182503770736,0.04585218702865763,-0.056711915535444926,0.11040723981900451,-0.10839160839160839,0.18114281775572094,-0.3023183189359659,0.3560136432195255
order-ops,117,3,22,False,0.058220211161387626,0.04391705179565946,0.009049773755656104,0.11613876319758672,5,0,0,0.211764705882353,0.13725490196078433,0.04042232277526395,0.024132730015082957,0.171342383107089,0.11312217194570136,-0.06214177978883863,0.18310708898944192,-0.17235252875783258,0.2887929510806078,-0.055505279034690796,0.17587481146304665,-0.163499245852187,0.27993966817496224,0.02473604826546003,0.09170437405731523,-0.02533936651583709,0.14177978883861234,-0.10371495813179378,0.22417912087912098,-0.27094576991635805,0.38738619223913334
order-ops,118,3,23,False,0.10558069381598793,0.037962934988395834,0.05731523378582201,0.16289592760180996,5,0,0,0.25098039215686274,0.11764705882352941,0.05339366515837104,0.02564102564102564,0.19758672699849172,0.09200603318250376,-0.03076923076923078,0.24524886877828053,-0.12499204610323227,0.3361534337352081,-0.027752639517345395,0.24133484162895918,-0.11613876319758669,0.32730015082956254,0.07631975867269984,0.1369532428355958,0.022021116138763216,0.18914027149321266,-0.07098550642905478,0.26987225274725263,-0.22358528726175775,0.43474667489373364
order-ops,119,3,24,False,0.10739064856711915,0.03979728828732656,0.04675716440422324,0.1553544494720965,5,0,0,0.1843137254901961,0.0784313725490196,0.030165912518853692,0.03167420814479637,0.15414781297134236,0.04675716440422323,-0.007541478129713427,0.2262443438914027,-0.12318209135210105,0.33796338848633933,-0.0024132730015082975,0.21901206636500742,-0.11432880844645547,0.32911010558069376,0.07390648567119157,0.1372549019607843,0.023831070889894432,0.19095022624434388,-0.04822649572649573,0.26529157567742134,-0.22177533251062653,0.43655662964486486
order-ops,120,3,25,False,0.12217194570135745,0.0193156085593751,0.0889894419306184,0.13725490196078427,5,0,0,0.27450980392156865,0.19607843137254902,0.06485671191553546,0.1085972850678733,0.2096530920060332,0.08748114630467577,-0.014177978883861245,0.26184012066365,-0.10840079421786275,0.35274468562057765,-0.014177978883861237,0.2600301659125188,-0.09954751131221717,0.34389140271493207,0.1052790346907994,0.13363499245852187,0.03861236802413273,0.20573152337858217,-0.059288394532296965,0.29289635447793033,-0.20699403537638825,0.4513379267791031
order-ops,121,3,26,False,0.13634992458521872,0.011114409307354772,0.12368024132730017,0.1478129713423831,5,0,0,0.2784313725490196,0.17647058823529413,0.059125188536953255,0.09351432880844641,0.2193061840120664,0.08295625942684764,-0.0012141779788838567,0.2748190045248867,-0.09422281533400148,0.3669226645044389,1.437604330031896e-17,0.2730090497737555,-0.0853695324283559,0.3580693815987933,0.12790346907993969,0.14479638009049775,0.052790346907994,0.21990950226244343,-0.06716346153846155,0.32010892616155784,-0.19281605649252698,0.4655159056629644
order-ops,122,3,27,False,0.11704374057315232,0.03232471424193471,0.06636500754147814,0.14781297134238308,5,0,0,0.25490196078431376,0.1568627450980392,0.06395173453996984,0.08295625942684766,0.19095022624434393,0.07390648567119157,-0.005128205128205125,0.2416365007541477,-0.11352899934606787,0.34761648049237254,-0.003921568627450975,0.23469079939668175,-0.1046757164404223,0.33876319758672696,0.09140271493212669,0.13966817496229258,0.03348416289592761,0.20060331825037703,-0.06596570951879169,0.29538603988604006,-0.21212224050459338,0.446209721650898
order-ops,123,3,28,False,0.11583710407239815,0.024165701458214534,0.09954751131221717,0.15837104072398187,5,0,0,0.23921568627450984,0.11764705882352941,0.06304675716440425,0.05731523378582203,0.17616892911010557,0.06033182503770738,0.015075414781297118,0.21900452488687777,-0.11473563584682205,0.34640984399161834,0.017797888386123666,0.21689291101055808,-0.10588235294117647,0.33755656108597276,0.10256410256410255,0.1372549019607843,0.032277526395173436,0.19939668174962288,-0.03344540280467054,0.2723099547511311,-0.21332887700534753,0.44500308515014386
order-ops,124,3,29,False,0.14751131221719455,0.012637321306578221,0.12669683257918551,0.15987933634992457,5,0,0,0.2235294117647059,0.0784313725490196,0.04886877828054299,0.05128205128205127,0.1746606334841629,0.02714932126696833,0.06757164404223227,0.23650075414781294,-0.08306142770202565,0.3780840521364147,0.0693815987933635,0.2349924585218703,-0.07420814479638008,0.36923076923076914,0.13695324283559576,0.15595776772247358,0.06395173453996983,0.23107088989441926,0.04085574357019268,0.27500117260787993,-0.18165466886055115,0.47667729329494024
order-ops,125,3,30,False,0.1257918552036199,0.006089480916496639,0.1176470588235294,0.13423831070889894,5,0,0,0.21176470588235294,0.09803921568627451,0.045248868778280535,0.057315233785822026,0.16651583710407242,0.040723981900452476,0.03710407239819005,0.219917043740573,-0.10478088471560029,0.35636459512284013,0.03710407239819004,0.21901206636500736,-0.09592760180995472,0.34751131221719456,0.12096530920060332,0.1306184012066365,0.04223227752639519,0.20935143288084462,0.006704781704781706,0.25654326923076914,-0.2033741258741258,0.4549578362813656
order-ops,126,3,31,False,0.09713423831070889,0.02166387222837979,0.07541478129713422,0.1266968325791855,5,0,0,0.1607843137254902,0.0784313725490196,0.02895927601809954,0.04374057315233785,0.13182503770739068,0.03469079939668175,0.0030090497737556626,0.19547511312217186,-0.1334385016085113,0.3277069782299291,0.005429864253393672,0.19125188536953242,-0.12458521870286574,0.31885369532428354,0.08054298642533936,0.11432880844645547,0.01357466063348417,0.1806938159879336,-0.03982687389337006,0.24223248382822846,-0.2320317427670368,0.4263002193884546
order-ops,127,3,32,False,0.06606334841628961,0.037532020549009455,0.03167420814479637,0.12368024132730014,5,0,0,0.11372549019607844,0.058823529411764705,0.023529411764705875,0.03469079939668174,0.09019607843137256,0.024132730015082957,-0.03469079939668175,0.17044494720965297,-0.1645093915029306,0.2966360883355098,-0.029562594268476614,0.16138763197586725,-0.15565610859728501,0.28778280542986423,0.039819004524886875,0.09502262443438914,-0.01749622926093511,0.14962292609351432,-0.0907059458398744,0.23446357039187227,-0.26310263266145606,0.39522932949403533
order-ops,128,3,33,False,-0.006033182503770745,0.020872326550675793,-0.03167420814479639,0.022624434389140274,2,3,0,0.047058823529411764,0.11764705882352941,0.010859728506787332,0.07541478129713423,0.03619909502262443,0.04223227752639516,-0.12066365007541485,0.10045248868778271,-0.23660592242299094,0.22453955741544945,-0.12036199095022625,0.0962292609351433,-0.22775263951734537,0.21568627450980388,-0.021116138763197595,0.011764705882352941,-0.08959276018099546,0.07752639517345397,-0.13914899514899517,0.09685887831078117,-0.33519916358151647,0.3231327985739749
order-ops,129,3,34,False,0.0033182503770739016,0.02381006004304207,-0.02111613876319759,0.03318250377073906,3,2,0,0.047058823529411764,0.09803921568627451,0.012066365007541477,0.06636500754147814,0.03499245852187028,0.03167420814479638,-0.10346907993966821,0.10166666666666656,-0.2272544895421463,0.2338909902962941,-0.10316742081447963,0.09743589743589741,-0.21840120663650073,0.22503770739064852,-0.014479638009049776,0.02111613876319758,-0.08024132730015082,0.08687782805429861,-0.13320881801125703,0.1001691898527004,-0.3258477307006718,0.3324842314548196
order-ops,130,3,35,False,0.028355957767722473,0.01814348613417263,0.010558069381598797,0.0482654600301659,5,0,0,0.058823529411764705,0.0784313725490196,0.012368024132730016,0.060331825037707405,0.046455505279034685,0.018099547511312226,-0.07450980392156864,0.1266968325791855,-0.20221678215149771,0.25892869768694265,-0.07390648567119154,0.12398190045248868,-0.19336349924585214,0.2500754147812971,0.013876319758672703,0.04283559577677224,-0.05520361990950225,0.11191553544494719,-0.08895673817707711,0.12760888009049762,-0.3008100233100232,0.3575219388454682
order-ops,131,3,36,False,0.0030165912518853684,0.01850353566573951,-0.015082956259426848,0.02262443438914027,3,2,0,0.0196078431372549,0.058823529411764705,0.00904977375565611,0.051282051282051294,0.010558069381598794,0.007541478129713419,-0.07873303167420816,0.07330316742081448,-0.22755614866733484,0.23358933117110556,-0.07723227752639517,0.06817496229260936,-0.21870286576168926,0.22473604826545998,-0.011764705882352941,0.01779788838612368,-0.08054298642533934,0.08657616892911009,-0.10979895104895114,0.060608391608391626,-0.32614938982586034,0.33218257232963105
order-ops,132,3,37,False,-0.0675716440422323,0.019735055485726856,-0.0920060331825038,-0.040723981900452504,0,5,0,0.027450980392156866,0.1568627450980392,0.010558069381598794,0.07239819004524888,0.016892911010558072,0.08446455505279038,-0.17738310708898952,0.03348416289592761,-0.2981443839614525,0.1630010958769879,-0.1761689291101056,0.030165912518853685,-0.2892911010558069,0.15414781297134234,-0.08174962292609354,-0.05279034690799398,-0.15113122171945703,0.015987933634992416,-0.2011868131868132,0.019947403024326047,-0.396737625119978,0.2615943370355134
order-ops,133,3,38,False,-0.05429864253393666,7.757919228897728e-18,-0.05429864253393665,-0.05429864253393665,0,5,0,0.0,0.13725490196078433,0.007541478129713423,0.09049773755656108,-0.007541478129713423,0.04675716440422322,-0.15987933634992463,0.037707390648567124,-0.28487138245315685,0.17627409738528355,-0.15987933634992457,0.03770739064856713,-0.2760180995475113,0.16742081447963797,-0.05429864253393666,-0.05429864253393665,-0.13785822021116137,0.029260935143288057,-0.17752403846153855,0.050239538786336795,-0.3834646236116824,0.274867338543809
order-ops,134,3,39,False,-0.10256410256410256,0.0,-0.10256410256410256,-0.10256410256410256,0,5,0,0.0,0.17647058823529413,0.007541478129713423,0.08144796380090498,-0.007541478129713423,0.09502262443438915,-0.21417797888386128,-0.004487179487180021,-0.33313684248332276,0.12800863735511764,-0.21417797888386125,-0.004487179487180018,-0.3242835595776772,0.11915535444947206,-0.10256410256410257,-0.10256410256410256,-0.18612368024132728,-0.019004524886877844,-0.21997368421052618,0.008395493395493336,-0.4317300836418483,0.22660187851364313
order-ops,135,3,40,False,-0.08235294117647056,0.0008261275377151797,-0.08295625942684763,-0.08144796380090495,0,5,0,0.0,0.1568627450980392,0.00693815987933635,0.08144796380090498,-0.00693815987933635,0.07541478129713419,-0.19155354449472112,0.01509049773755647,-0.31292568109569074,0.14821979874274965,-0.191553544494721,0.015090497737556462,-0.30407239819004517,0.13936651583710408,-0.08295625942684763,-0.08174962292609349,-0.1659125188536953,0.0012066365007541574,-0.18743795355587786,-0.0013495276653171494,-0.41151892225421627,0.24681303990127512
order-ops,136,3,41,False,-0.2325791855203621,0.0006745303099546853,-0.23378582202111622,-0.23227752639517354,0,5,0,0.0,0.3137254901960784,0.00784313725490196,0.0889894419306184,-0.00784313725490196,0.22473604826546006,-0.36349924585218707,-0.11039969834087497,-0.4631519254395823,-0.0020064456011419096,-0.36349924585218707,-0.11070135746606342,-0.4542986425339367,-0.010859728506787486,-0.23318250377073915,-0.23227752639517354,-0.3161387631975868,-0.1490196078431374,-0.31538995726495744,-0.13550187617260792,-0.5617451665981078,0.09658679555738359
order-ops,137,3,42,False,-0.2277526395173454,0.0,-0.2277526395173454,-0.2277526395173454,0,5,0,0.0,0.37254901960784315,0.007541478129713423,0.15233785822021118,-0.007541478129713423,0.220211161387632,-0.36802413273001505,-0.09351432880844647,-0.4583253794365656,0.0028201004018748033,-0.36802413273001505,-0.09351432880844644,-0.44947209653092,-0.006033182503770773,-0.22775263951734542,-0.2277526395173454,-0.31131221719457014,-0.14419306184012068,-0.31730769230769224,-0.1380670611439842,-0.5569186205950911,0.1014133415604003
order-ops,138,3,43,False,-0.18009049773755656,0.01640509855949168,-0.19155354449472095,-0.15233785822021115,0,5,0,0.011764705882352941,0.3333333333333333,0.01085972850678733,0.1523378582202112,0.0009049773755656114,0.1809954751131222,-0.32036199095022616,-0.04614630467571652,-0.41066323765677676,0.05048224218166364,-0.31885369532428354,-0.048265460030165915,-0.4018099547511312,0.04162895927601806,-0.19034690799396684,-0.16530920060331825,-0.26365007541478125,-0.09653092006033184,-0.27241663508904884,-0.08751794871794877,-0.5092564788153022,0.14907548334018914
order-ops,139,3,44,False,-0.16289592760180993,0.03876349102834507,-0.2111613876319758,-0.11915535444947208,0,5,0,0.10980392156862746,0.4117647058823529,0.02383107088989441,0.16289592760181001,0.08597285067873305,0.24886877828054307,-0.30981146304675716,-0.019909502262443413,-0.39346866752103016,0.06767681231741027,-0.3046757164404223,-0.025339366515837083,-0.3846153846153846,0.05882352941176469,-0.19306184012066363,-0.13273001508295626,-0.24645550527903465,-0.07933634992458521,-0.2806927001569857,-0.00029411764705892477,-0.4920619086795556,0.16627005347593576
order-ops,140,3,45,False,-0.1631975867269985,0.014364486818472562,-0.18401206636500755,-0.1463046757164404,0,5,0,0.1411764705882353,0.47058823529411764,0.029864253393665153,0.19607843137254902,0.11131221719457014,0.27450980392156865,-0.29713423831070895,-0.030769230769230726,-0.3937703266462187,0.0673751531922217,-0.29683257918552036,-0.031666666666666746,-0.3849170437405731,0.05852187028657613,-0.17405731523378584,-0.15233785822021115,-0.2467571644042232,-0.07963800904977378,-0.34505589238347867,-0.004587177274839056,-0.4923635678047442,0.1659683943507472
order-ops,141,3,46,False,-0.08959276018099548,0.024146866146344047,-0.12971342383107085,-0.06485671191553544,0,5,0,0.18823529411764706,0.49019607843137253,0.05158371040723984,0.2639517345399699,0.13665158371040723,0.22624434389140274,-0.23016591251885382,0.04435143288084458,-0.32016550010021566,0.14097997973822474,-0.22684766214177973,0.04132730015082956,-0.3113122171945701,0.13212669683257916,-0.11070889894419304,-0.07330316742081447,-0.1731523378582202,-0.006033182503770759,-0.26349771967163255,0.10722355769230756,-0.4187587412587412,0.2395732208967502
order-ops,142,3,47,False,-0.0769230769230769,0.02541824969283968,-0.10558069381598789,-0.04524886877828054,0,5,0,0.14901960784313728,0.5882352941176471,0.05852187028657618,0.4208144796380089,0.09049773755656107,0.16742081447963797,-0.2177978883861237,0.06033182503770739,-0.3074958168422971,0.1536496629961433,-0.2147812971342383,0.06003016591251887,-0.2986425339366515,0.14479638009049772,-0.0965309200603318,-0.05731523378582201,-0.16048265460030162,0.006636500754147817,-0.30828238388969526,0.18294742638061817,-0.4060890580008226,0.25224290415466877
order-ops,143,3,48,False,-0.11644042232277525,0.015470143475062554,-0.13423831070889894,-0.0980392156862745,0,5,0,0.027450980392156866,0.5490196078431373,0.03529411764705882,0.4404223227752638,-0.007843137254901964,0.10859728506787328,-0.25852941176470595,0.02444193061840111,-0.34701316224199547,0.11413231759644495,-0.25761689291101053,0.02202865761689281,-0.3381598793363499,0.10527903469079937,-0.1282051282051282,-0.10437405731523378,-0.19999999999999996,-0.032880844645550536,-0.384839523558059,0.17623576423576398,-0.44560640340052093,0.21272555875497046
order-ops,144,4,1,False,-0.04132730015082957,0.014451329794272676,-0.05429864253393667,-0.018099547511312236,0,5,0,0.22745098039215686,0.3333333333333333,0.06515837104072397,0.12971342383107093,0.16229260935143291,0.20361990950226241,-0.16410256410256413,0.08355957767722472,-0.27190004007004975,0.18924543976839064,-0.16199095022624435,0.08205128205128207,-0.2630467571644042,0.18039215686274507,-0.05128205128205129,-0.02895927601809956,-0.12488687782805429,0.04223227752639515,-0.18504437236564802,0.11539473684210518,-0.3704932812285753,0.2878386809269161
order-ops,145,4,2,False,-0.047662141779788836,0.014877943041517573,-0.0678733031674208,-0.028657616892911006,0,5,0,0.21960784313725493,0.23529411764705882,0.0907993966817496,0.05882352941176471,0.12880844645550532,0.17647058823529418,-0.14570135746606333,0.047684766214177624,-0.278234881699009,0.18291059813943136,-0.14479638009049772,0.04434389140271494,-0.26938159879336343,0.1740573152337858,-0.05942684766214177,-0.03650075414781297,-0.13122171945701355,0.03589743589743588,-0.18702432366362445,0.0801867281654516,-0.37682812285753453,0.28150383929795686
order-ops,146,4,3,False,-0.01659125188536953,0.013946638015766916,-0.02714932126696833,0.001508295625942686,1,4,0,0.22745098039215686,0.17647058823529413,0.09773755656108599,0.030165912518853685,0.1297134238310709,0.14630467571644043,-0.13815987933634988,0.10497737556561086,-0.24716399180458973,0.21398148803385067,-0.13665158371040723,0.10407239819004524,-0.23831070889894415,0.2051282051282051,-0.026847662141779787,-0.005429864253393662,-0.10015082956259425,0.06696832579185519,-0.14197073211875844,0.11952662721893487,-0.3457572329631152,0.31257472919237617
order-ops,147,4,4,False,-0.11372549019607844,0.0200552279198729,-0.14479638009049778,-0.09351432880844647,0,5,0,0.18823529411764708,0.27450980392156865,0.09683257918552038,0.0693815987933635,0.09140271493212668,0.2051282051282052,-0.2588235294117647,0.03318250377073904,-0.34429823011529864,0.11684724972314176,-0.2567119155354449,0.02926847662141772,-0.33544494720965307,0.10799396681749618,-0.130316742081448,-0.09954751131221723,-0.19728506787330316,-0.030165912518853727,-0.3023428842410023,0.08786363636363631,-0.4428914712738241,0.21544049088166725
order-ops,148,4,5,False,-0.14570135746606336,0.013557891435441482,-0.15686274509803924,-0.12368024132730014,0,5,0,0.13333333333333336,0.29411764705882354,0.07390648567119155,0.0889894419306184,0.05942684766214177,0.20512820512820518,-0.28990196078431363,-0.0005957767722474772,-0.37627409738528356,0.08487138245315684,-0.2883861236802414,-0.0011990950226245523,-0.367420814479638,0.07601809954751126,-0.1547511312217195,-0.13453996983408748,-0.22926093514328807,-0.06214177978883864,-0.35625000000000007,0.07656593406593393,-0.474867338543809,0.18346462361168234
order-ops,149,4,6,False,0.011463046757164396,0.01664600864111178,-0.0045248868778280564,0.03167420814479636,4,1,0,0.18823529411764708,0.13725490196078433,0.08174962292609353,0.04223227752639517,0.10648567119155353,0.09502262443438916,-0.11433634992458523,0.1330316742081448,-0.2191096931620558,0.2420357866763846,-0.1128205128205128,0.13303921568627436,-0.21025641025641023,0.233182503770739,-0.0009049773755656115,0.024736048265460015,-0.07209653092006033,0.09502262443438911,-0.12393534002229656,0.1550565610859728,-0.3177029343205813,0.3406290278349101
order-ops,150,4,7,False,0.08144796380090497,0.02334206265541803,0.05429864253393666,0.11161387631975866,5,0,0,0.18431372549019606,0.0392156862745098,0.08325791855203621,0.0196078431372549,0.10105580693815988,0.019607843137254905,-0.021726998491704376,0.18793363499245852,-0.14912477611831523,0.31202070372012514,-0.018702865761689273,0.18401206636500755,-0.14027149321266966,0.30316742081447956,0.06395173453996983,0.0989441930618401,-0.002111613876319751,0.16500754147812968,-0.039254317111459984,0.21453379953379953,-0.24771801727684073,0.41061394487865066
order-ops,151,4,8,False,0.10950226244343893,0.018086974013781315,0.0784313725490196,0.12368024132730014,5,0,0,0.20784313725490197,0.0196078431372549,0.09381598793363499,0.015082956259426846,0.11402714932126697,0.004524886877828056,0.0006033182503770673,0.22474358974358966,-0.12107047747578127,0.34007500236265914,0.0018099547511312138,0.2223227752639517,-0.1122171945701357,0.33122171945701356,0.09381598793363499,0.12036199095022623,0.02594268476621421,0.19306184012066363,-0.014017345399698376,0.23137622778942712,-0.21966371863430678,0.4386682435211846
order-ops,152,4,9,False,0.09683257918552035,0.010307299887342318,0.08144796380090497,0.10708898944193063,5,0,0,0.16862745098039217,0.0196078431372549,0.06726998491704375,0.015082956259426846,0.10135746606334842,0.004524886877828052,-0.004223227752639514,0.20331825037707393,-0.13374016073369985,0.3274053191047406,-0.003921568627450974,0.2015082956259427,-0.12488687782805427,0.318552036199095,0.08808446455505278,0.10437405731523379,0.013273001508295634,0.18039215686274507,-0.03177546366676801,0.22742700025726784,-0.23233340189222534,0.42599856026326605
order-ops,153,4,10,False,0.0914027149321267,0.014052265096654143,0.07390648567119155,0.1085972850678733,5,0,0,0.1607843137254902,0.0196078431372549,0.06485671191553546,0.015082956259426851,0.09592760180995474,0.004524886877828052,-0.008144796380090502,0.1960859728506787,-0.1391700249870935,0.32197545485134693,-0.007239819004524888,0.1942684766214178,-0.13031674208144792,0.31312217194570136,0.08084464555052791,0.10256410256410257,0.007843137254901988,0.17496229260935142,-0.03471445221445223,0.22603610675039248,-0.237763266145619,0.4205686960098724
order-ops,154,4,11,False,0.11372549019607843,0.012735946806989173,0.09200603318250376,0.12518853695324283,5,0,0,0.16862745098039217,0.0,0.06696832579185522,0.012066365007541479,0.10165912518853695,-0.012066365007541479,0.026847662141779784,0.2135822021116138,-0.11684724972314177,0.34429823011529864,0.028054298642533945,0.21236802413273,-0.10799396681749619,0.33544494720965307,0.10226244343891401,0.12187028657616893,0.030165912518853713,0.19728506787330313,0.008513361638361637,0.2292665912518853,-0.21544049088166728,0.4428914712738241
order-ops,155,4,12,False,0.05912518853695324,0.014677816742929551,0.033182503770739065,0.06787330316742082,5,0,0,0.12941176470588234,0.0196078431372549,0.061236802413273006,0.010558069381598796,0.06817496229260933,0.00904977375565611,-0.009049773755656113,0.13937405731523367,-0.17144755138226697,0.2896979284561734,-0.006945701357466071,0.13696078431372538,-0.1625942684766214,0.28084464555052785,0.045852187028657614,0.0669683257918552,-0.024434389140271476,0.14268476621417797,-0.0061538461538461564,0.14273553965414432,-0.27004079254079244,0.38829116961469895
order-ops,156,4,13,False,0.013273001508295624,0.014677816742929548,-0.0060331825037707384,0.030165912518853692,4,1,0,0.10196078431372549,0.0392156862745098,0.05701357466063349,0.007541478129713424,0.044947209653092,0.03167420814479638,-0.06365007541478129,0.09381598793363496,-0.21729973841092456,0.24384574142751583,-0.06214177978883861,0.09079939668174962,-0.208446455505279,0.23499245852187026,0.002413273001508294,0.024736048265460026,-0.0702865761689291,0.09683257918552034,-0.06343269230769233,0.10724126928878058,-0.31589297956945006,0.34243898258604133
order-ops,157,4,14,False,0.012669683257918552,0.009024600483651037,0.0015082956259426805,0.02262443438914027,5,0,0,0.06666666666666667,0.0196078431372549,0.044947209653092,0.010558069381598796,0.021719457013574656,0.00904977375565611,-0.06365007541478129,0.09291101055806938,-0.21790305666130164,0.24324242317713876,-0.0627526395173454,0.09230769230769229,-0.20904977375565606,0.23438914027149318,0.005731523378582201,0.0196078431372549,-0.07088989441930617,0.09622926093514327,-0.06216673207744636,0.11900560224089632,-0.31649629781982713,0.34183566433566426
order-ops,158,4,15,False,0.040422322775263954,0.011943187266865251,0.03167420814479637,0.060331825037707384,5,0,0,0.07450980392156863,0.0,0.043137254901960784,0.00904977375565611,0.031372549019607836,-0.00904977375565611,-0.016892911010558072,0.11131221719457011,-0.19015041714395625,0.27099506269448415,-0.015384615384615387,0.10920060331825036,-0.18129713423831068,0.26214177978883857,0.032579185520361986,0.05098039215686274,-0.04313725490196076,0.12398190045248866,-0.020800165837479276,0.13679358022677213,-0.2887436583024817,0.36958830385300967
order-ops,159,4,16,False,0.05520361990950227,0.012735946806989171,0.03770739064856712,0.0693815987933635,5,0,0,0.10196078431372549,0.0,0.05279034690799397,0.006033182503770739,0.049170437405731515,-0.006033182503770739,-0.013273001508295638,0.13453996983408753,-0.17536912000971794,0.28577635982872246,-0.011764705882352944,0.13333333333333333,-0.16651583710407236,0.2769230769230769,0.04524886877828054,0.06485671191553545,-0.02835595776772245,0.13876319758672698,-0.01666734860883797,0.15664335664335663,-0.2739623611682434,0.384369600987248
order-ops,160,4,17,False,0.05037707390648567,0.014801291614295132,0.034690799396681744,0.06636500754147812,5,0,0,0.12549019607843137,0.0196078431372549,0.06455505279034691,0.00904977375565611,0.060935143288084456,0.010558069381598796,-0.01478129713423832,0.12820512820512825,-0.1801956660127345,0.2809498138257059,-0.01236802413273002,0.12518853695324283,-0.17134238310708894,0.2720965309200603,0.03891402714932127,0.06184012066365007,-0.033182503770739044,0.13393665158371038,-0.013034278574532814,0.1365019221253758,-0.27878890717126004,0.37954305498423135
order-ops,161,4,18,False,0.10015082956259427,0.008164324948853306,0.0874811463046757,0.1070889894419306,5,0,0,0.1843137254901961,0.0,0.09924585218702867,0.015082956259426846,0.08506787330316742,-0.015082956259426846,0.01025641025641025,0.2024132730015083,-0.13042191035662593,0.33072356948181447,0.010248868778280537,0.20061085972850667,-0.12156862745098035,0.3218702865761689,0.09291101055806938,0.10588235294117646,0.016591251885369557,0.183710407239819,-0.000468551214819865,0.20858173076923078,-0.22901515151515142,0.42931681064034
order-ops,162,4,19,False,-0.028355957767722477,0.007026132548327077,-0.036199095022624445,-0.019607843137254898,0,5,0,0.2,0.1568627450980392,0.09110105580693816,0.0196078431372549,0.10889894419306183,0.13725490196078433,-0.16078431372549015,0.102262443438914,-0.25892869768694265,0.20221678215149771,-0.16048265460030164,0.1028733031674207,-0.2500754147812971,0.19336349924585214,-0.03378582202111616,-0.02292609351432881,-0.1119155354449472,0.05520361990950224,-0.1441159733124019,0.1179487179487179,-0.3575219388454682,0.3008100233100232
order-ops,163,4,20,False,-0.09079939668174963,0.030116853017726215,-0.11764705882352941,-0.039215686274509824,0,5,0,0.21568627450980396,0.23529411764705882,0.08929110105580693,0.01809954751131222,0.126395173453997,0.2171945701357466,-0.23227752639517335,0.05761689291101056,-0.32137213660096986,0.13977334323747057,-0.22987179487179493,0.05399698340874811,-0.3125188536953243,0.130920060331825,-0.10950226244343893,-0.06334841628959278,-0.17435897435897435,-0.007239819004524917,-0.24826761473820277,0.06953264758497309,-0.41996537775949533,0.23836658439599606
order-ops,164,4,21,False,-0.06274509803921569,0.015292659855971738,-0.08295625942684766,-0.04675716440422322,0,5,0,0.17254901960784313,0.17647058823529413,0.08597285067873303,0.02714932126696832,0.0865761689291101,0.1493212669683258,-0.19004524886877824,0.06425339366515836,-0.2933178379584359,0.1678276418800045,-0.1882428355957768,0.06365761689291091,-0.28446455505279034,0.15897435897435894,-0.07481146304675716,-0.05098039215686274,-0.1463046757164404,0.02081447963800903,-0.2018337912087912,0.05242579642579638,-0.3919110791169614,0.26642088303853
order-ops,165,4,22,False,-0.06515837104072399,0.015359456552761337,-0.08144796380090497,-0.048265460030165915,0,5,0,0.21568627450980396,0.21568627450980393,0.09532428355957767,0.030165912518853685,0.12036199095022623,0.1855203619909503,-0.19306184012066366,0.06486425339366503,-0.2957311109599442,0.1654143688784962,-0.19215686274509805,0.06274509803921566,-0.2868778280542986,0.15656108597285062,-0.07722473604826546,-0.053092006033182516,-0.1487179487179487,0.01840120663650073,-0.20083278883278885,0.06314187806873976,-0.39432435211846967,0.2640076100370217
order-ops,166,4,23,False,0.01990950226244343,0.006694522178332471,0.015082956259426834,0.028657616892910995,5,0,0,0.27450980392156865,0.17647058823529413,0.10226244343891402,0.024132730015082957,0.17224736048265465,0.15233785822021118,-0.11161387631975864,0.1535444947209653,-0.21066323765677678,0.25048224218166365,-0.11101055806938162,0.15264705882352925,-0.2018099547511312,0.24162895927601805,0.015082956259426837,0.025339366515837094,-0.06365007541478129,0.10346907993966814,-0.08497108660570199,0.12068376068376063,-0.30925647881530227,0.3490754833401891
order-ops,167,4,24,False,0.042232277526395176,0.007465682455966567,0.030165912518853692,0.048265460030165915,5,0,0,0.203921568627451,0.09803921568627451,0.08325791855203621,0.019607843137254898,0.1206636500754148,0.07843137254901959,-0.07963800904977378,0.16350678733031654,-0.18834046239282504,0.27280501744561536,-0.08054298642533936,0.16380090497737557,-0.17948717948717946,0.2639517345399698,0.035897435897435895,0.04736048265460031,-0.04132730015082954,0.1257918552036199,-0.07993478260869566,0.14415954415954407,-0.2869337035513505,0.3713982586041409
order-ops,168,4,25,False,0.07993966817496231,0.012753796776235149,0.06787330316742081,0.09502262443438919,5,0,0,0.4117647058823529,0.2549019607843137,0.1644042232277526,0.0874811463046757,0.2473604826546003,0.167420814479638,-0.04313725490196079,0.2087481146304676,-0.15063307174425788,0.3105124080941825,-0.04253393665158373,0.2069381598793364,-0.1417797888386123,0.30165912518853694,0.06998491704374057,0.08989441930618407,-0.003619909502262403,0.16349924585218703,-0.05070194340543179,0.18952569558101476,-0.24922631290278338,0.409105649252708
order-ops,169,4,26,False,0.0497737556561086,0.010504063557454094,0.036199095022624424,0.06334841628959277,5,0,0,0.4313725490196079,0.29411764705882354,0.17948717948717946,0.09200603318250376,0.2518853695324284,0.20211161387631985,-0.08476621417797889,0.1888386123680242,-0.18079898426311158,0.2803464955753288,-0.08446455505279034,0.18793363499245855,-0.171945701357466,0.27149321266968324,0.0416289592760181,0.057918552036199104,-0.033785822021116116,0.1333333333333333,-0.09311979042629197,0.18022097467749645,-0.2793922254216371,0.3789397367338543
order-ops,170,4,27,False,0.07722473604826545,0.009260984273308449,0.06334841628959276,0.08748114630467572,5,0,0,0.42745098039215684,0.27450980392156865,0.16621417797888383,0.0904977375565611,0.2612368024132731,0.1840120663650076,-0.049472096530920065,0.20634238310708897,-0.15334800387095476,0.30779747596748563,-0.049170437405731515,0.20573906485671178,-0.1444947209653092,0.29894419306184006,0.06938159879336349,0.08386123680241328,-0.006334841628959267,0.16078431372549018,-0.05436174636174639,0.18561872909698998,-0.25194124502948023,0.40639071712601116
order-ops,171,4,28,False,0.07752639517345397,0.011663719414287316,0.06184012066365005,0.09351432880844646,5,0,0,0.45098039215686275,0.27450980392156865,0.17134238310708894,0.07239819004524889,0.2796380090497738,0.20211161387631976,-0.044645550527903456,0.20151583710407237,-0.15304634474576623,0.30809913509267417,-0.044042232277526405,0.19969834087481142,-0.14419306184012065,0.2992458521870286,0.06817496229260933,0.08628959276018076,-0.006033182503770745,0.1610859728506787,-0.07896887651821863,0.2097338787586041,-0.2516395859042917,0.4066923762511997
order-ops,172,4,29,False,0.13363499245852184,0.02618098834985341,0.09803921568627448,0.167420814479638,5,0,0,0.4313725490196078,0.19607843137254902,0.16651583710407236,0.06485671191553546,0.2648567119155355,0.1312217194570136,0.008748114630467553,0.2606334841628959,-0.09693774746069836,0.36420773237774207,0.012066365007541468,0.2573227752639516,-0.08808446455505278,0.3553544494720965,0.11221719457013572,0.15384615384615383,0.05007541478129712,0.21719457013574656,0.025454276492738025,0.2333842738837189,-0.19553098861922386,0.46280097353626753
order-ops,173,4,30,False,0.16108597285067874,0.008150380745765514,0.15233785822021115,0.1734539969834088,5,0,0,0.4431372549019608,0.17647058823529413,0.1659125188536953,0.06033182503770741,0.27722473604826553,0.1161387631975867,0.021410256410256404,0.3046757164404224,-0.06948676706854146,0.39165871276989894,0.022624434389140267,0.30407993966817487,-0.06063348416289588,0.38280542986425337,0.15505279034690797,0.16772247360482656,0.07752639517345403,0.24464555052790346,0.012643984220907295,0.2792719412612366,-0.16808000822706695,0.49025195392842447
order-ops,174,4,31,False,0.19426847662141783,0.012771621797898371,0.17345399698340877,0.20663650075414786,5,0,0,0.40784313725490196,0.13725490196078433,0.12609351432880844,0.049773755656108594,0.28174962292609357,0.08748114630467568,0.05671191553544494,0.33484162895927605,-0.03630426329780237,0.424841216540638,0.05731523378582202,0.3339366515837104,-0.027450980392156793,0.4159879336349924,0.18371040723981902,0.2030165912518854,0.11070889894419311,0.27782805429864255,0.05104745254745255,0.2951058152373941,-0.13489750445632787,0.5234344576991635
order-ops,175,4,32,False,0.22986425339366515,0.01161485569120871,0.2171945701357466,0.2458521870286576,5,0,0,0.4,0.0784313725490196,0.13393665158371043,0.04223227752639516,0.26606334841628965,0.03619909502262446,0.09079939668174962,0.3689366515837105,-0.0007084865255550521,0.46043699331288535,0.09140271493212669,0.3698340874811463,0.008144796380090524,0.45158371040723977,0.2211161387631976,0.23861236802413274,0.14630467571644043,0.3134238310708899,0.10092136752136752,0.32478701406120775,-0.09930172768408055,0.5590302344714109
order-ops,176,4,33,False,0.02383107088989441,0.016977540651891658,-8.707631565687502e-18,0.04223227752639516,4,1,0,0.21960784313725493,0.17647058823529413,0.08416289592760183,0.06485671191553546,0.13544494720965308,0.11161387631975868,-0.09653092006033182,0.1447963800904977,-0.20674166902932578,0.2544038108091146,-0.09502262443438915,0.14358974358974355,-0.1978883861236802,0.24555052790346904,0.010859728506787323,0.03650075414781297,-0.059728506787330306,0.10739064856711913,-0.16985101214574894,0.18256410256410258,-0.3053349101878513,0.3529970519676401
order-ops,177,4,34,False,0.11040723981900454,0.013840204822871143,0.08597285067873305,0.1191553544494721,5,0,0,0.2862745098039216,0.13725490196078433,0.10045248868778281,0.061840120663650085,0.18582202111613877,0.07541478129713419,-0.016892911010558075,0.24464555052790343,-0.12016550010021566,0.34097997973822475,-0.016598793363499238,0.24283559577677227,-0.11131221719457009,0.33212669683257917,0.09773755656108599,0.11794871794871797,0.02684766214177982,0.19396681749622924,-0.07923113207547174,0.24366583710407244,-0.21875874125874117,0.4395732208967502
order-ops,178,4,35,False,0.08748114630467572,0.0069118788762531505,0.07541478129713425,0.09200603318250378,5,0,0,0.2901960784313726,0.1568627450980392,0.09713423831070891,0.0512820512820513,0.19306184012066363,0.10558069381598792,-0.05339366515837103,0.22957767722473593,-0.1430915936145445,0.3180538862238959,-0.05279034690799397,0.22866515837104062,-0.1342383107088989,0.30920060331825033,0.081447963800905,0.0914027149321267,0.003921568627451008,0.17104072398190046,-0.0655554551206725,0.21069295958279016,-0.24168483477306996,0.41664712738242143
order-ops,179,4,36,False,0.015987933634992454,0.021132292894411334,-0.010558069381598817,0.04524886877828056,4,1,0,0.16470588235294117,0.13725490196078433,0.06726998491704375,0.05580693815987935,0.09743589743589745,0.08144796380090494,-0.09592760180995474,0.1279034690799396,-0.21458480628422774,0.24656067355421266,-0.09140271493212672,0.12458521870286575,-0.20573152337858217,0.23770739064856708,0.0006033182503770584,0.03408748114630468,-0.06757164404223226,0.09954751131221717,-0.1276617664250643,0.13672707354416344,-0.31317804744275324,0.34515391471273815
order-ops,180,4,37,False,-0.11975867269984919,0.01661180682022128,-0.14479638009049778,-0.1055806938159879,0,5,0,0.14509803921568626,0.29411764705882354,0.056711915535444954,0.08597285067873302,0.08838612368024133,0.20814479638009056,-0.24465309200603325,0.001809954751131217,-0.3503314126190694,0.11081406721937101,-0.24343891402714934,0.001206636500754147,-0.34147812971342384,0.10196078431372543,-0.13393665158371043,-0.10769230769230768,-0.2033182503770739,-0.03619909502262447,-0.27351981351981347,-0.009351432880844642,-0.4489246537775949,0.2094073083778965
order-ops,181,4,38,False,-0.06153846153846153,0.018515826291914218,-0.07692307692307691,-0.03318250377073906,0,5,0,0.14901960784313725,0.2549019607843137,0.05671191553544495,0.10105580693815988,0.0923076923076923,0.15384615384615388,-0.18552790346908002,0.06003016591251885,-0.2921112014576817,0.16903427838075868,-0.1840120663650076,0.05912518853695324,-0.28325791855203614,0.1601809954751131,-0.07481146304675716,-0.04555052790346908,-0.14509803921568626,0.02202111613876319,-0.18134945356633764,0.01562912087912088,-0.39070444261620724,0.26762751953928415
order-ops,182,4,39,False,-0.042835595776772234,0.0013490606199093801,-0.04374057315233786,-0.04072398190045247,0,5,0,0.17647058823529413,0.2549019607843137,0.041327300150829555,0.07692307692307694,0.13514328808446455,0.17797888386123684,-0.13936651583710413,0.04585972850678722,-0.27340833569599243,0.18773714414244796,-0.13936651583710413,0.045859728506787226,-0.26455505279034686,0.1788838612368024,-0.043740573152337855,-0.041628959276018083,-0.12639517345399695,0.04072398190045248,-0.1359396802967411,0.05597381342062192,-0.37200157685451796,0.28633038530097343
order-ops,183,4,40,False,-0.15414781297134236,0.012038051245390593,-0.16440422322775264,-0.14027149321266968,0,5,0,0.1254901960784314,0.3333333333333333,0.02775263951734539,0.08144796380090498,0.09773755656108596,0.25188536953242846,-0.2826621417797889,-0.029260935143288088,-0.38472055289056256,0.07642492694787784,-0.28146304675716444,-0.02926093514328808,-0.375867269984917,0.06757164404223226,-0.1631975867269985,-0.1450980392156863,-0.23770739064856708,-0.07058823529411765,-0.24485307391435168,-0.0403292871034807,-0.48331379404908803,0.17501816810640333
order-ops,184,4,41,False,-0.1095022624434389,0.00837070101086673,-0.12368024132730014,-0.10256410256410256,0,5,0,0.25098039215686274,0.39215686274509803,0.06184012066365008,0.09351432880844644,0.18914027149321275,0.2986425339366518,-0.21056561085972855,-0.02171945701357466,-0.3400750023626591,0.1210704774757813,-0.20965309200603316,-0.021417797888386124,-0.3312217194570135,0.11221719457013572,-0.1167420814479638,-0.10437405731523378,-0.19306184012066363,-0.025942684766214183,-0.18200411223996124,-0.034769230769230774,-0.4386682435211846,0.21966371863430678
order-ops,185,4,42,False,-0.1951734539969835,0.015550813175000911,-0.21870286576168937,-0.18099547511312225,0,5,0,0.1803921568627451,0.47058823529411764,0.05429864253393666,0.14932126696832584,0.12609351432880841,0.32126696832579205,-0.3261010558069382,-0.06846907993966829,-0.4257461939162037,0.035399285922236706,-0.3242835595776773,-0.06907239819004533,-0.41689291101055814,0.02654600301659113,-0.20693815987933642,-0.18431372549019617,-0.2787330316742082,-0.11161387631975878,-0.2904228520017993,-0.10769230769230773,-0.5243394350747292,0.1339925270807622
order-ops,186,4,43,False,-0.17586726998491709,0.010263062344617773,-0.1885369532428356,-0.16742081447963808,0,5,0,0.20784313725490197,0.47058823529411764,0.05490196078431373,0.1417797888386124,0.1529411764705883,0.3288084464555054,-0.2965384615384616,-0.05972850678733034,-0.4064400099041373,0.054705469934303114,-0.2959426847662142,-0.06033182503770739,-0.39758672699849174,0.04585218702865754,-0.18401206636500755,-0.1683257918552037,-0.2594268476621418,-0.09230769230769237,-0.29856608237964166,-0.057035647279549725,-0.5050332510626627,0.1532987110928286
order-ops,187,4,44,False,-0.10407239819004528,0.013105691702098642,-0.11764705882352947,-0.08597285067873302,0,5,0,0.4,0.49019607843137253,0.15565610859728507,0.14177978883861236,0.24434389140271504,0.3484162895927603,-0.19939668174962286,-0.013265460030166034,-0.3346451381092655,0.1265003417291749,-0.19909502262443438,-0.013876319758672704,-0.3257918552036199,0.11764705882352934,-0.11372549019607847,-0.09291101055806938,-0.18763197586726998,-0.020512820512820565,-0.1825045860339978,0.0003947368421052537,-0.43323837926779096,0.22509358288770043
order-ops,188,4,45,False,-0.11975867269984919,0.010373302482081112,-0.134238310708899,-0.11010558069381596,0,5,0,0.47058823529411764,0.5098039215686274,0.2539969834087481,0.17345399698340877,0.21659125188536957,0.3363499245852188,-0.23077677224736048,-0.013265460030166026,-0.3503314126190694,0.11081406721937101,-0.2304751131221719,-0.01297134238310709,-0.34147812971342384,0.10196078431372543,-0.12820512820512822,-0.1119155354449472,-0.2033182503770739,-0.03619909502262447,-0.232509874917709,-0.011901306240928894,-0.4489246537775949,0.2094073083778965
order-ops,189,4,46,False,-0.13182503770739068,0.0008261275377151797,-0.1327300150829563,-0.1312217194570136,0,5,0,0.5686274509803921,0.49019607843137253,0.45158371040723966,0.24132730015082962,0.11704374057315232,0.24886877828054293,-0.22805429864253374,-0.03227752639517345,-0.36239777762661085,0.09874770221182952,-0.22835595776772238,-0.03227752639517346,-0.3535444947209653,0.08989441930618394,-0.13242835595776775,-0.1312217194570136,-0.2153846153846154,-0.04826546003016596,-0.2584615384615385,0.0032751014018358696,-0.4609910187851364,0.19734094337035502
order-ops,190,4,47,False,-0.024736048265460026,0.0008261275377151817,-0.025641025641025633,-0.02413273001508295,0,5,0,0.5882352941176471,0.5686274509803921,0.47420814479638,0.42986425339366496,0.11402714932126697,0.138763197586727,-0.05972850678733026,0.02262443438914029,-0.2553087881846802,0.20583669165376017,-0.05943438914027149,0.022926093514328807,-0.24645550527903465,0.1969834087481146,-0.0253393665158371,-0.02413273001508295,-0.10829562594268474,0.05882352941176469,-0.05910970866079222,0.03614025044722714,-0.3539020293432057,0.3044299328122857
order-ops,191,4,48,True,0.0,0.0,0.0,0.0,0,0,5,0.5490196078431373,0.5490196078431373,0.43740573152337847,0.4374057315233784,0.11161387631975864,0.11161387631975862,0.0,0.0,-0.2305727399192202,0.2305727399192202,0.0,0.0,-0.22171945701357462,0.22171945701357462,0.0,0.0,-0.08355957767722472,0.08355957767722472,0.0,0.0,-0.3291659810777457,0.3291659810777457
